{"type": "FeatureCollection", "features": [{"type": "Feature", "id": 245596484, "properties": {"id": "osm-node-245596484", "name": "Kalpetta", "name_ml": "\u0d15\u0d7d\u0d2a\u0d31\u0d4d\u0d31", "place": "town", "population_osm": "30000", "population_osm_date": null, "ele_osm": null, "wikidata": "Q911025", "source": "OpenStreetMap (ODbL)"}, "geometry": {"type": "Point", "coordinates": [76.08281, 11.610278]}}, {"type": "Feature", "id": 245598955, "properties": {"id": "osm-node-245598955", "name": "Periya", "name_ml": "\u0d2a\u0d46\u0d30\u0d3f\u0d2f", "place": "village", "population_osm": "5000", "population_osm_date": null, "ele_osm": null, "wikidata": null, "source": "OpenStreetMap (ODbL)"}, "geometry": {"type": "Point", "coordinates": [75.8550205, 11.8334589]}}, {"type": "Feature", "id": 290208730, "properties": {"id": "osm-node-290208730", "name": "Bavali", "name_ml": "\u0d2c\u0d3e\u0d35\u0d32\u0d3f", "place": "village", "population_osm": null, "population_osm_date": null, "ele_osm": null, "wikidata": null, "source": "OpenStreetMap (ODbL)"}, "geometry": {"type": "Point", "coordinates": [76.1169799, 11.8564375]}}, {"type": "Feature", "id": 290210470, "properties": {"id": "osm-node-290210470", "name": "Vythiri", "name_ml": "\u0d35\u0d48\u0d24\u0d4d\u0d24\u0d3f\u0d30\u0d3f", "place": "village", "population_osm": null, "population_osm_date": null, "ele_osm": null, "wikidata": "Q7944042", "source": "OpenStreetMap (ODbL)"}, "geometry": {"type": "Point", "coordinates": [76.038922, 11.5560885]}}, {"type": "Feature", "id": 340369491, "properties": {"id": "osm-node-340369491", "name": "Meppadi", "name_ml": "\u0d2e\u0d47\u0d2a\u0d4d\u0d2a\u0d3e\u0d1f\u0d3f", "place": "village", "population_osm": null, "population_osm_date": null, "ele_osm": null, "wikidata": "Q14224739", "source": "OpenStreetMap (ODbL)"}, "geometry": {"type": "Point", "coordinates": [76.1320079, 11.5529455]}}, {"type": "Feature", "id": 393111659, "properties": {"id": "osm-node-393111659", "name": "Sultan Bathery", "name_ml": "\u0d38\u0d41\u0d7d\u0d24\u0d4d\u0d24\u0d3e\u0d7b \u0d2c\u0d24\u0d4d\u0d24\u0d47\u0d30\u0d3f", "place": "town", "population_osm": "5000", "population_osm_date": null, "ele_osm": null, "wikidata": "Q738187", "source": "OpenStreetMap (ODbL)"}, "geometry": {"type": "Point", "coordinates": [76.259553, 11.6631885]}}, {"type": "Feature", "id": 418783647, "properties": {"id": "osm-node-418783647", "name": "Vaduvanchal", "name_ml": "\u0d35\u0d1f\u0d41\u0d35\u0d1e\u0d4d\u0d1a\u0d3e\u0d7d", "place": "village", "population_osm": null, "population_osm_date": null, "ele_osm": null, "wikidata": "Q7908369", "source": "OpenStreetMap (ODbL)"}, "geometry": {"type": "Point", "coordinates": [76.2226984, 11.5548347]}}, {"type": "Feature", "id": 589981492, "properties": {"id": "osm-node-589981492", "name": "Makkiyad", "name_ml": "\u0d2e\u0d15\u0d4d\u0d15\u0d3f\u0d2f\u0d3e\u0d1f\u0d4d", "place": "village", "population_osm": null, "population_osm_date": null, "ele_osm": null, "wikidata": null, "source": "OpenStreetMap (ODbL)"}, "geometry": {"type": "Point", "coordinates": [75.899907, 11.741282]}}, {"type": "Feature", "id": 589981556, "properties": {"id": "osm-node-589981556", "name": "Vellmunda", "name_ml": "\u0d35\u0d46\u0d7d\u0d2e\u0d41\u0d23\u0d4d\u0d1f", "place": "village", "population_osm": null, "population_osm_date": null, "ele_osm": null, "wikidata": null, "source": "OpenStreetMap (ODbL)"}, "geometry": {"type": "Point", "coordinates": [75.936209, 11.73389]}}, {"type": "Feature", "id": 589983022, "properties": {"id": "osm-node-589983022", "name": "Mananthavady", "name_ml": "\u0d2e\u0d3e\u0d28\u0d28\u0d4d\u0d24\u0d35\u0d3e\u0d1f\u0d3f", "place": "town", "population_osm": null, "population_osm_date": null, "ele_osm": "760", "wikidata": "Q6746915", "source": "OpenStreetMap (ODbL)"}, "geometry": {"type": "Point", "coordinates": [76.0056565, 11.8010338]}}, {"type": "Feature", "id": 589983035, "properties": {"id": "osm-node-589983035", "name": "Naalam Mile", "name_ml": "\u0d28\u0d3e\u0d32\u0d3e\u0d02 \u0d2e\u0d48\u0d32\u0d4d\u200d", "place": "village", "population_osm": null, "population_osm_date": null, "ele_osm": null, "wikidata": null, "source": "OpenStreetMap (ODbL)"}, "geometry": {"type": "Point", "coordinates": [76.0070307, 11.7560081]}}, {"type": "Feature", "id": 589983049, "properties": {"id": "osm-node-589983049", "name": "Pallikkal", "name_ml": "\u0d2a\u0d33\u0d4d\u0d33\u0d3f\u0d15\u0d4d\u0d15\u0d32\u0d4d\u200d", "place": "village", "population_osm": null, "population_osm_date": null, "ele_osm": null, "wikidata": null, "source": "OpenStreetMap (ODbL)"}, "geometry": {"type": "Point", "coordinates": [75.976909, 11.7772588]}}, {"type": "Feature", "id": 589983065, "properties": {"id": "osm-node-589983065", "name": "Kammom", "name_ml": "\u0d15\u0d2e\u0d4d\u0d2e\u0d02", "place": "village", "population_osm": null, "population_osm_date": null, "ele_osm": null, "wikidata": null, "source": "OpenStreetMap (ODbL)"}, "geometry": {"type": "Point", "coordinates": [75.968141, 11.770161]}}, {"type": "Feature", "id": 589983082, "properties": {"id": "osm-node-589983082", "name": "Kallody", "name_ml": null, "place": "village", "population_osm": null, "population_osm_date": null, "ele_osm": null, "wikidata": "Q6353910", "source": "OpenStreetMap (ODbL)"}, "geometry": {"type": "Point", "coordinates": [75.961316, 11.765701]}}, {"type": "Feature", "id": 589983101, "properties": {"id": "osm-node-589983101", "name": "Mazhuvannur", "name_ml": null, "place": "village", "population_osm": null, "population_osm_date": null, "ele_osm": null, "wikidata": "Q6798526", "source": "OpenStreetMap (ODbL)"}, "geometry": {"type": "Point", "coordinates": [75.987075, 11.7347967]}}, {"type": "Feature", "id": 589983118, "properties": {"id": "osm-node-589983118", "name": "Kellur", "name_ml": "\u0d15\u0d46\u0d32\u0d4d\u0d32\u0d42\u0d30\u0d4d", "place": "village", "population_osm": null, "population_osm_date": null, "ele_osm": null, "wikidata": null, "source": "OpenStreetMap (ODbL)"}, "geometry": {"type": "Point", "coordinates": [76.008865, 11.7522667]}}, {"type": "Feature", "id": 589983132, "properties": {"id": "osm-node-589983132", "name": "Peechamcode", "name_ml": "\u0d2a\u0d40\u0d1a\u0d4d\u0d1a\u0d02\u0d15\u0d4b\u0d1f\u0d4d;\u0d2a\u0d40\u0d1a\u0d4d\u0d1a\u0d19\u0d4d\u0d15\u0d4b\u0d1f\u0d4d", "place": "village", "population_osm": null, "population_osm_date": null, "ele_osm": null, "wikidata": null, "source": "OpenStreetMap (ODbL)"}, "geometry": {"type": "Point", "coordinates": [76.0013675, 11.7502953]}}, {"type": "Feature", "id": 589983152, "properties": {"id": "osm-node-589983152", "name": "Ancham Mile", "name_ml": "\u0d05\u0d1e\u0d4d\u0d1a\u0d3e\u0d02 \u0d2e\u0d48\u0d32\u0d4d\u200d", "place": "village", "population_osm": null, "population_osm_date": null, "ele_osm": null, "wikidata": null, "source": "OpenStreetMap (ODbL)"}, "geometry": {"type": "Point", "coordinates": [76.0176012, 11.7495087]}}, {"type": "Feature", "id": 842387503, "properties": {"id": "osm-node-842387503", "name": "Pozhuthana", "name_ml": "\u0d2a\u0d4a\u0d34\u0d41\u0d24\u0d28", "place": "village", "population_osm": null, "population_osm_date": null, "ele_osm": null, "wikidata": null, "source": "OpenStreetMap (ODbL)"}, "geometry": {"type": "Point", "coordinates": [76.0185741, 11.5876934]}}, {"type": "Feature", "id": 1028506671, "properties": {"id": "osm-node-1028506671", "name": "Thariode", "name_ml": "\u0d24\u0d30\u0d3f\u0d2f\u0d4b\u0d1f\u0d4d", "place": "village", "population_osm": null, "population_osm_date": null, "ele_osm": null, "wikidata": null, "source": "OpenStreetMap (ODbL)"}, "geometry": {"type": "Point", "coordinates": [75.9962709, 11.6427112]}}, {"type": "Feature", "id": 1028506678, "properties": {"id": "osm-node-1028506678", "name": "Kaavumannam", "name_ml": "\u0d15\u0d3e\u0d35\u0d41\u0d2e\u0d28\u0d4d\u0d26\u0d02", "place": "village", "population_osm": null, "population_osm_date": null, "ele_osm": null, "wikidata": null, "source": "OpenStreetMap (ODbL)"}, "geometry": {"type": "Point", "coordinates": [76.0085635, 11.6383895]}}, {"type": "Feature", "id": 1028506688, "properties": {"id": "osm-node-1028506688", "name": "Vengappally", "name_ml": "\u0d35\u0d47\u0d19\u0d4d\u0d19\u0d2a\u0d4d\u0d2a\u0d33\u0d4d\u0d33\u0d3f", "place": "village", "population_osm": null, "population_osm_date": null, "ele_osm": null, "wikidata": null, "source": "OpenStreetMap (ODbL)"}, "geometry": {"type": "Point", "coordinates": [76.04583, 11.6107661]}}, {"type": "Feature", "id": 1670570469, "properties": {"id": "osm-node-1670570469", "name": "Tholpetty", "name_ml": "\u0d24\u0d4b\u0d7d\u0d2a\u0d4d\u0d2a\u0d46\u0d1f\u0d4d\u0d1f\u0d3f", "place": "village", "population_osm": null, "population_osm_date": null, "ele_osm": null, "wikidata": null, "source": "OpenStreetMap (ODbL)"}, "geometry": {"type": "Point", "coordinates": [76.0615339, 11.9453756]}}, {"type": "Feature", "id": 2000159644, "properties": {"id": "osm-node-2000159644", "name": "Dwaraka", "name_ml": "\u0d26\u0d4d\u0d35\u0d3e\u0d30\u0d15", "place": "village", "population_osm": null, "population_osm_date": null, "ele_osm": null, "wikidata": null, "source": "OpenStreetMap (ODbL)"}, "geometry": {"type": "Point", "coordinates": [76.0063045, 11.7584401]}}, {"type": "Feature", "id": 2329757020, "properties": {"id": "osm-node-2329757020", "name": "Meenangadi", "name_ml": "\u0d2e\u0d40\u0d28\u0d19\u0d4d\u0d19\u0d3e\u0d1f\u0d3f", "place": "village", "population_osm": null, "population_osm_date": null, "ele_osm": null, "wikidata": null, "source": "OpenStreetMap (ODbL)"}, "geometry": {"type": "Point", "coordinates": [76.1668396, 11.6594656]}}, {"type": "Feature", "id": 2625154823, "properties": {"id": "osm-node-2625154823", "name": "Eachome", "name_ml": "\u0d0f\u0d1a\u0d4d\u0d1a\u0d4b\u0d02", "place": "village", "population_osm": null, "population_osm_date": null, "ele_osm": null, "wikidata": null, "source": "OpenStreetMap (ODbL)"}, "geometry": {"type": "Point", "coordinates": [76.0428388, 11.6953539]}}, {"type": "Feature", "id": 2625295559, "properties": {"id": "osm-node-2625295559", "name": "Tharuvana", "name_ml": "\u0d24\u0d30\u0d41\u0d35\u0d23", "place": "village", "population_osm": null, "population_osm_date": null, "ele_osm": null, "wikidata": "Q7710841", "source": "OpenStreetMap (ODbL)"}, "geometry": {"type": "Point", "coordinates": [75.9787894, 11.737252]}}, {"type": "Feature", "id": 2625625974, "properties": {"id": "osm-node-2625625974", "name": "Thonichal", "name_ml": "\u0d24\u0d4b\u0d23\u0d3f\u0d1a\u0d4d\u0d1a\u0d3e\u0d32\u0d4d\u200d", "place": "village", "population_osm": null, "population_osm_date": null, "ele_osm": null, "wikidata": null, "source": "OpenStreetMap (ODbL)"}, "geometry": {"type": "Point", "coordinates": [76.0004919, 11.7715455]}}, {"type": "Feature", "id": 2638420940, "properties": {"id": "osm-node-2638420940", "name": "Kattikkulam", "name_ml": "\u0d15\u0d3e\u0d1f\u0d4d\u0d1f\u0d3f\u0d15\u0d4d\u0d15\u0d41\u0d33\u0d02", "place": "village", "population_osm": null, "population_osm_date": null, "ele_osm": null, "wikidata": null, "source": "OpenStreetMap (ODbL)"}, "geometry": {"type": "Point", "coordinates": [76.0630926, 11.8474605]}}, {"type": "Feature", "id": 2638421365, "properties": {"id": "osm-node-2638421365", "name": "Anaappara", "name_ml": null, "place": "village", "population_osm": null, "population_osm_date": null, "ele_osm": null, "wikidata": null, "source": "OpenStreetMap (ODbL)"}, "geometry": {"type": "Point", "coordinates": [76.0368747, 11.8464372]}}, {"type": "Feature", "id": 2639127941, "properties": {"id": "osm-node-2639127941", "name": "Rande Naal", "name_ml": null, "place": "hamlet", "population_osm": null, "population_osm_date": null, "ele_osm": null, "wikidata": null, "source": "OpenStreetMap (ODbL)"}, "geometry": {"type": "Point", "coordinates": [75.9783956, 11.7808242]}}, {"type": "Feature", "id": 2639127942, "properties": {"id": "osm-node-2639127942", "name": "Pannichal", "name_ml": null, "place": "village", "population_osm": null, "population_osm_date": null, "ele_osm": null, "wikidata": null, "source": "OpenStreetMap (ODbL)"}, "geometry": {"type": "Point", "coordinates": [75.9835228, 11.7827212]}}, {"type": "Feature", "id": 2639128114, "properties": {"id": "osm-node-2639128114", "name": "Orappu", "name_ml": null, "place": "village", "population_osm": null, "population_osm_date": null, "ele_osm": null, "wikidata": null, "source": "OpenStreetMap (ODbL)"}, "geometry": {"type": "Point", "coordinates": [75.9497528, 11.7826705]}}, {"type": "Feature", "id": 2639128136, "properties": {"id": "osm-node-2639128136", "name": "Ellumannam", "name_ml": "\u0d0e\u0d33\u0d4d\u0d33\u0d41\u0d2e\u0d28\u0d4d\u0d26\u0d02", "place": "village", "population_osm": null, "population_osm_date": null, "ele_osm": null, "wikidata": null, "source": "OpenStreetMap (ODbL)"}, "geometry": {"type": "Point", "coordinates": [75.9624206, 11.7857976]}}, {"type": "Feature", "id": 2639128189, "properties": {"id": "osm-node-2639128189", "name": "Veettichal", "name_ml": null, "place": "village", "population_osm": null, "population_osm_date": null, "ele_osm": null, "wikidata": null, "source": "OpenStreetMap (ODbL)"}, "geometry": {"type": "Point", "coordinates": [75.972534, 11.7720298]}}, {"type": "Feature", "id": 2640101975, "properties": {"id": "osm-node-2640101975", "name": "54", "name_ml": null, "place": "village", "population_osm": null, "population_osm_date": null, "ele_osm": null, "wikidata": null, "source": "OpenStreetMap (ODbL)"}, "geometry": {"type": "Point", "coordinates": [76.0421877, 11.8287055]}}, {"type": "Feature", "id": 2640226674, "properties": {"id": "osm-node-2640226674", "name": "Ancham Peedika", "name_ml": "\u0d05\u0d1e\u0d4d\u0d1a\u0d3e\u0d02 \u0d2a\u0d40\u0d1f\u0d3f\u0d15", "place": "village", "population_osm": null, "population_osm_date": null, "ele_osm": null, "wikidata": null, "source": "OpenStreetMap (ODbL)"}, "geometry": {"type": "Point", "coordinates": [75.9416971, 11.7546872]}}, {"type": "Feature", "id": 2640226704, "properties": {"id": "osm-node-2640226704", "name": "Thettamala", "name_ml": "\u0d24\u0d47\u0d31\u0d4d\u0d31\u0d2e\u0d32", "place": "village", "population_osm": null, "population_osm_date": null, "ele_osm": null, "wikidata": null, "source": "OpenStreetMap (ODbL)"}, "geometry": {"type": "Point", "coordinates": [75.9322986, 11.7471296]}}, {"type": "Feature", "id": 2640226800, "properties": {"id": "osm-node-2640226800", "name": "Chettapalam", "name_ml": null, "place": "village", "population_osm": null, "population_osm_date": null, "ele_osm": null, "wikidata": null, "source": "OpenStreetMap (ODbL)"}, "geometry": {"type": "Point", "coordinates": [76.0152701, 11.8095157]}}, {"type": "Feature", "id": 2640226801, "properties": {"id": "osm-node-2640226801", "name": "Ondayangadi", "name_ml": "\u0d12\u0d23\u0d4d\u0d1f\u0d2f\u0d19\u0d4d\u0d19\u0d3e\u0d1f\u0d3f", "place": "village", "population_osm": null, "population_osm_date": null, "ele_osm": null, "wikidata": null, "source": "OpenStreetMap (ODbL)"}, "geometry": {"type": "Point", "coordinates": [76.0252641, 11.8243992]}}, {"type": "Feature", "id": 2640226802, "properties": {"id": "osm-node-2640226802", "name": "Thrissilery", "name_ml": "\u0d24\u0d4d\u0d30\u0d3f\u0d36\u0d4d\u0d36\u0d3f\u0d32\u0d47\u0d30\u0d3f", "place": "village", "population_osm": null, "population_osm_date": null, "ele_osm": null, "wikidata": null, "source": "OpenStreetMap (ODbL)"}, "geometry": {"type": "Point", "coordinates": [76.0439966, 11.8561401]}}, {"type": "Feature", "id": 2640251370, "properties": {"id": "osm-node-2640251370", "name": "Appapara", "name_ml": "\u0d05\u0d2a\u0d4d\u0d2a\u0d2a\u0d3e\u0d31", "place": "village", "population_osm": null, "population_osm_date": null, "ele_osm": null, "wikidata": null, "source": "OpenStreetMap (ODbL)"}, "geometry": {"type": "Point", "coordinates": [76.0330133, 11.9051947]}}, {"type": "Feature", "id": 2640251422, "properties": {"id": "osm-node-2640251422", "name": "Thirunelli", "name_ml": "\u0d24\u0d3f\u0d30\u0d41\u0d28\u0d46\u0d32\u0d4d\u0d32\u0d3f", "place": "village", "population_osm": null, "population_osm_date": null, "ele_osm": null, "wikidata": null, "source": "OpenStreetMap (ODbL)"}, "geometry": {"type": "Point", "coordinates": [75.994875, 11.9098981]}}, {"type": "Feature", "id": 2640264736, "properties": {"id": "osm-node-2640264736", "name": "Thalappuzha", "name_ml": "\u0d24\u0d32\u0d2a\u0d4d\u0d2a\u0d41\u0d34", "place": "village", "population_osm": null, "population_osm_date": null, "ele_osm": null, "wikidata": null, "source": "OpenStreetMap (ODbL)"}, "geometry": {"type": "Point", "coordinates": [75.9538774, 11.8406506]}}, {"type": "Feature", "id": 2640668694, "properties": {"id": "osm-node-2640668694", "name": "Panamaram", "name_ml": "\u0d2a\u0d28\u0d2e\u0d30\u0d02", "place": "town", "population_osm": null, "population_osm_date": null, "ele_osm": null, "wikidata": "Q7130006", "source": "OpenStreetMap (ODbL)"}, "geometry": {"type": "Point", "coordinates": [76.0731104, 11.7390969]}}, {"type": "Feature", "id": 2640992025, "properties": {"id": "osm-node-2640992025", "name": "Koyilery", "name_ml": "\u0d15\u0d4b\u0d2f\u0d3f\u0d32\u0d47\u0d30\u0d3f", "place": "village", "population_osm": null, "population_osm_date": null, "ele_osm": null, "wikidata": null, "source": "OpenStreetMap (ODbL)"}, "geometry": {"type": "Point", "coordinates": [76.0455379, 11.786852]}}, {"type": "Feature", "id": 2640992026, "properties": {"id": "osm-node-2640992026", "name": "Cherukattoor", "name_ml": "\u0d1a\u0d46\u0d31\u0d41\u0d15\u0d3e\u0d1f\u0d4d\u0d1f\u0d42\u0d7c", "place": "village", "population_osm": null, "population_osm_date": null, "ele_osm": null, "wikidata": null, "source": "OpenStreetMap (ODbL)"}, "geometry": {"type": "Point", "coordinates": [76.0611498, 11.7685286]}}, {"type": "Feature", "id": 2640992027, "properties": {"id": "osm-node-2640992027", "name": "Kappunchal", "name_ml": null, "place": "village", "population_osm": null, "population_osm_date": null, "ele_osm": null, "wikidata": null, "source": "OpenStreetMap (ODbL)"}, "geometry": {"type": "Point", "coordinates": [76.0592615, 11.7594011]}}, {"type": "Feature", "id": 2640992028, "properties": {"id": "osm-node-2640992028", "name": "Anjukunnu", "name_ml": "\u0d05\u0d1e\u0d4d\u0d1a\u0d41\u0d15\u0d41\u0d28\u0d4d\u0d28\u0d4d", "place": "village", "population_osm": null, "population_osm_date": null, "ele_osm": null, "wikidata": "Q4752771", "source": "OpenStreetMap (ODbL)"}, "geometry": {"type": "Point", "coordinates": [76.0372835, 11.7526104]}}, {"type": "Feature", "id": 2640992029, "properties": {"id": "osm-node-2640992029", "name": "Aaraam Mile (6th mile)", "name_ml": "\u0d06\u0d31\u0d3e\u0d02 \u0d2e\u0d48\u0d7d", "place": "village", "population_osm": null, "population_osm_date": null, "ele_osm": null, "wikidata": null, "source": "OpenStreetMap (ODbL)"}, "geometry": {"type": "Point", "coordinates": [76.0270696, 11.7542227]}}, {"type": "Feature", "id": 2640992030, "properties": {"id": "osm-node-2640992030", "name": "Vilambukandam", "name_ml": "\u0d35\u0d3f\u0d33\u0d2e\u0d4d\u0d2a\u0d41\u0d15\u0d23\u0d4d\u0d1f\u0d02", "place": "village", "population_osm": null, "population_osm_date": null, "ele_osm": null, "wikidata": null, "source": "OpenStreetMap (ODbL)"}, "geometry": {"type": "Point", "coordinates": [76.0382866, 11.7118416]}}, {"type": "Feature", "id": 2640992061, "properties": {"id": "osm-node-2640992061", "name": "Pachilakkadu", "name_ml": "\u0d2a\u0d1a\u0d4d\u0d1a\u0d3f\u0d32\u0d15\u0d4d\u0d15\u0d3e\u0d1f\u0d4d", "place": "village", "population_osm": null, "population_osm_date": null, "ele_osm": null, "wikidata": null, "source": "OpenStreetMap (ODbL)"}, "geometry": {"type": "Point", "coordinates": [76.0795012, 11.7108561]}}, {"type": "Feature", "id": 2640992128, "properties": {"id": "osm-node-2640992128", "name": "Varummal kadavu", "name_ml": null, "place": "village", "population_osm": null, "population_osm_date": null, "ele_osm": null, "wikidata": null, "source": "OpenStreetMap (ODbL)"}, "geometry": {"type": "Point", "coordinates": [76.0391235, 11.7221158]}}, {"type": "Feature", "id": 2641011701, "properties": {"id": "osm-node-2641011701", "name": "Peruvaka", "name_ml": null, "place": "village", "population_osm": null, "population_osm_date": null, "ele_osm": null, "wikidata": null, "source": "OpenStreetMap (ODbL)"}, "geometry": {"type": "Point", "coordinates": [76.0130524, 11.7896132]}}, {"type": "Feature", "id": 2641559288, "properties": {"id": "osm-node-2641559288", "name": "Boy's Town", "name_ml": "\u0d2c\u0d4b\u0d2f\u0d4d\u0d38\u0d4d \u0d1f\u0d57\u0d7a", "place": "village", "population_osm": null, "population_osm_date": null, "ele_osm": null, "wikidata": "Q24943034", "source": "OpenStreetMap (ODbL)"}, "geometry": {"type": "Point", "coordinates": [75.920034, 11.8398632]}}, {"type": "Feature", "id": 2641570697, "properties": {"id": "osm-node-2641570697", "name": "Kunjome", "name_ml": "\u0d15\u0d41\u0d1e\u0d4d\u0d1e\u0d4b\u0d02", "place": "village", "population_osm": null, "population_osm_date": null, "ele_osm": null, "wikidata": "Q16135890", "source": "OpenStreetMap (ODbL)"}, "geometry": {"type": "Point", "coordinates": [75.8530636, 11.7627231]}}, {"type": "Feature", "id": 2642155998, "properties": {"id": "osm-node-2642155998", "name": "Payyampalli", "name_ml": "\u0d2a\u0d2f\u0d4d\u0d2f\u0d02\u0d2a\u0d33\u0d4d\u0d33\u0d3f", "place": "village", "population_osm": null, "population_osm_date": null, "ele_osm": null, "wikidata": null, "source": "OpenStreetMap (ODbL)"}, "geometry": {"type": "Point", "coordinates": [76.055507, 11.810523]}}, {"type": "Feature", "id": 2642156372, "properties": {"id": "osm-node-2642156372", "name": "Kammana", "name_ml": "\u0d15\u0d2e\u0d4d\u0d2e\u0d28", "place": "village", "population_osm": null, "population_osm_date": null, "ele_osm": null, "wikidata": null, "source": "OpenStreetMap (ODbL)"}, "geometry": {"type": "Point", "coordinates": [76.0177737, 11.7827341]}}, {"type": "Feature", "id": 2642193417, "properties": {"id": "osm-node-2642193417", "name": "Kambalakkad", "name_ml": "\u0d15\u0d2e\u0d4d\u0d2a\u0d33\u0d15\u0d4d\u0d15\u0d3e\u0d1f\u0d4d", "place": "village", "population_osm": null, "population_osm_date": null, "ele_osm": null, "wikidata": "Q18126527", "source": "OpenStreetMap (ODbL)"}, "geometry": {"type": "Point", "coordinates": [76.0746238, 11.6775554]}}, {"type": "Feature", "id": 2642202115, "properties": {"id": "osm-node-2642202115", "name": "Nadakkal", "name_ml": "\u0d28\u0d1f\u0d15\u0d4d\u0d15\u0d7d", "place": "village", "population_osm": null, "population_osm_date": null, "ele_osm": null, "wikidata": null, "source": "OpenStreetMap (ODbL)"}, "geometry": {"type": "Point", "coordinates": [75.9936392, 11.7414709]}}, {"type": "Feature", "id": 2642213704, "properties": {"id": "osm-node-2642213704", "name": "Kokkadavu", "name_ml": "\u0d15\u0d4b\u0d15\u0d4d\u0d15\u0d1f\u0d35\u0d4d", "place": "village", "population_osm": null, "population_osm_date": null, "ele_osm": null, "wikidata": null, "source": "OpenStreetMap (ODbL)"}, "geometry": {"type": "Point", "coordinates": [75.9697467, 11.7383603]}}, {"type": "Feature", "id": 2642221352, "properties": {"id": "osm-node-2642221352", "name": "Arattuthara", "name_ml": "\u0d06\u0d31\u0d3e\u0d1f\u0d4d\u0d1f\u0d41\u0d24\u0d31", "place": "village", "population_osm": null, "population_osm_date": null, "ele_osm": null, "wikidata": null, "source": "OpenStreetMap (ODbL)"}, "geometry": {"type": "Point", "coordinates": [76.0276658, 11.8004763]}}, {"type": "Feature", "id": 2642314562, "properties": {"id": "osm-node-2642314562", "name": "Muthireri", "name_ml": "\u0d2e\u0d41\u0d24\u0d3f\u0d30\u0d47\u0d30\u0d3f", "place": "village", "population_osm": null, "population_osm_date": null, "ele_osm": null, "wikidata": null, "source": "OpenStreetMap (ODbL)"}, "geometry": {"type": "Point", "coordinates": [75.9425217, 11.8025977]}}, {"type": "Feature", "id": 2642314564, "properties": {"id": "osm-node-2642314564", "name": "Pathirachal", "name_ml": "\u0d2a\u0d3e\u0d24\u0d3f\u0d30\u0d1a\u0d4d\u0d1a\u0d3e\u0d7d", "place": "village", "population_osm": null, "population_osm_date": null, "ele_osm": null, "wikidata": null, "source": "OpenStreetMap (ODbL)"}, "geometry": {"type": "Point", "coordinates": [75.9686042, 11.7543005]}}, {"type": "Feature", "id": 2642592771, "properties": {"id": "osm-node-2642592771", "name": "Pulinjal", "name_ml": "\u0d2a\u0d41\u0d33\u0d3f\u0d1e\u0d4d\u0d1e\u0d3e\u0d7d", "place": "village", "population_osm": null, "population_osm_date": null, "ele_osm": null, "wikidata": null, "source": "OpenStreetMap (ODbL)"}, "geometry": {"type": "Point", "coordinates": [75.9386167, 11.7180336]}}, {"type": "Feature", "id": 2642764077, "properties": {"id": "osm-node-2642764077", "name": "Changadakkadavu", "name_ml": "\u0d1a\u0d19\u0d4d\u0d19\u0d3e\u0d1f\u0d15\u0d4d\u0d15\u0d1f\u0d35\u0d4d", "place": "village", "population_osm": null, "population_osm_date": null, "ele_osm": null, "wikidata": null, "source": "OpenStreetMap (ODbL)"}, "geometry": {"type": "Point", "coordinates": [76.0027363, 11.7873956]}}, {"type": "Feature", "id": 2643350359, "properties": {"id": "osm-node-2643350359", "name": "Thannikkal", "name_ml": "\u0d24\u0d3e\u0d28\u0d4d\u0d28\u0d3f\u0d15\u0d4d\u0d15\u0d32\u0d4d\u200d", "place": "village", "population_osm": null, "population_osm_date": null, "ele_osm": null, "wikidata": null, "source": "OpenStreetMap (ODbL)"}, "geometry": {"type": "Point", "coordinates": [76.0382738, 11.799054]}}, {"type": "Feature", "id": 2644109544, "properties": {"id": "osm-node-2644109544", "name": "Moolithodu", "name_ml": "\u0d2e\u0d42\u0d33\u0d3f\u0d24\u0d4d\u0d24\u0d4b\u0d1f\u0d4d", "place": "village", "population_osm": null, "population_osm_date": null, "ele_osm": null, "wikidata": null, "source": "OpenStreetMap (ODbL)"}, "geometry": {"type": "Point", "coordinates": [75.9464374, 11.7578505]}}, {"type": "Feature", "id": 2644109621, "properties": {"id": "osm-node-2644109621", "name": "Puthusseri", "name_ml": "\u0d2a\u0d41\u0d24\u0d41\u0d36\u0d4d\u0d36\u0d47\u0d30\u0d3f", "place": "village", "population_osm": null, "population_osm_date": null, "ele_osm": null, "wikidata": null, "source": "OpenStreetMap (ODbL)"}, "geometry": {"type": "Point", "coordinates": [75.9194278, 11.7727691]}}, {"type": "Feature", "id": 2644127603, "properties": {"id": "osm-node-2644127603", "name": "Kanhirangad", "name_ml": null, "place": "village", "population_osm": null, "population_osm_date": null, "ele_osm": null, "wikidata": null, "source": "OpenStreetMap (ODbL)"}, "geometry": {"type": "Point", "coordinates": [75.9088042, 11.7401547]}}, {"type": "Feature", "id": 2644340909, "properties": {"id": "osm-node-2644340909", "name": "Palvelicham", "name_ml": "\u0d2a\u0d3e\u0d7d\u0d35\u0d46\u0d33\u0d3f\u0d1a\u0d4d\u0d1a\u0d02", "place": "village", "population_osm": null, "population_osm_date": null, "ele_osm": null, "wikidata": "Q24949994", "source": "OpenStreetMap (ODbL)"}, "geometry": {"type": "Point", "coordinates": [76.0878625, 11.8219719]}}, {"type": "Feature", "id": 2644369956, "properties": {"id": "osm-node-2644369956", "name": "Kundala", "name_ml": null, "place": "village", "population_osm": null, "population_osm_date": null, "ele_osm": null, "wikidata": null, "source": "OpenStreetMap (ODbL)"}, "geometry": {"type": "Point", "coordinates": [76.0276845, 11.7765397]}}, {"type": "Feature", "id": 2644369958, "properties": {"id": "osm-node-2644369958", "name": "Pulikkad", "name_ml": null, "place": "village", "population_osm": null, "population_osm_date": null, "ele_osm": null, "wikidata": null, "source": "OpenStreetMap (ODbL)"}, "geometry": {"type": "Point", "coordinates": [76.0162261, 11.7694816]}}, {"type": "Feature", "id": 2644369959, "properties": {"id": "osm-node-2644369959", "name": "Pandikkadavu", "name_ml": null, "place": "village", "population_osm": null, "population_osm_date": null, "ele_osm": null, "wikidata": null, "source": "OpenStreetMap (ODbL)"}, "geometry": {"type": "Point", "coordinates": [75.9981654, 11.7961764]}}, {"type": "Feature", "id": 2644369960, "properties": {"id": "osm-node-2644369960", "name": "Pathivayal", "name_ml": null, "place": "hamlet", "population_osm": null, "population_osm_date": null, "ele_osm": null, "wikidata": null, "source": "OpenStreetMap (ODbL)"}, "geometry": {"type": "Point", "coordinates": [76.0083904, 11.7955913]}}, {"type": "Feature", "id": 2644724676, "properties": {"id": "osm-node-2644724676", "name": "Choottakadavu", "name_ml": null, "place": "village", "population_osm": null, "population_osm_date": null, "ele_osm": null, "wikidata": null, "source": "OpenStreetMap (ODbL)"}, "geometry": {"type": "Point", "coordinates": [75.991047, 11.80143]}}, {"type": "Feature", "id": 2644731525, "properties": {"id": "osm-node-2644731525", "name": "Kaniyaram", "name_ml": null, "place": "village", "population_osm": null, "population_osm_date": null, "ele_osm": null, "wikidata": null, "source": "OpenStreetMap (ODbL)"}, "geometry": {"type": "Point", "coordinates": [75.9944653, 11.8135283]}}, {"type": "Feature", "id": 2645603008, "properties": {"id": "osm-node-2645603008", "name": "Pudiyadam", "name_ml": null, "place": "hamlet", "population_osm": null, "population_osm_date": null, "ele_osm": null, "wikidata": null, "source": "OpenStreetMap (ODbL)"}, "geometry": {"type": "Point", "coordinates": [76.0497635, 11.789546]}}, {"type": "Feature", "id": 2645603011, "properties": {"id": "osm-node-2645603011", "name": "Uppannada", "name_ml": null, "place": "hamlet", "population_osm": null, "population_osm_date": null, "ele_osm": null, "wikidata": null, "source": "OpenStreetMap (ODbL)"}, "geometry": {"type": "Point", "coordinates": [75.9706711, 11.7411606]}}, {"type": "Feature", "id": 2645712178, "properties": {"id": "osm-node-2645712178", "name": "Koolivayal", "name_ml": "\u0d15\u0d42\u0d32\u0d3f\u0d35\u0d2f\u0d7d", "place": "village", "population_osm": null, "population_osm_date": null, "ele_osm": null, "wikidata": null, "source": "OpenStreetMap (ODbL)"}, "geometry": {"type": "Point", "coordinates": [76.0475183, 11.7606266]}}, {"type": "Feature", "id": 2645729135, "properties": {"id": "osm-node-2645729135", "name": "Porur", "name_ml": "\u0d2a\u0d4b\u0d30\u0d42\u0d30\u0d4d\u200d", "place": "village", "population_osm": null, "population_osm_date": null, "ele_osm": null, "wikidata": null, "source": "OpenStreetMap (ODbL)"}, "geometry": {"type": "Point", "coordinates": [75.9364046, 11.7916605]}}, {"type": "Feature", "id": 2645739603, "properties": {"id": "osm-node-2645739603", "name": "Payingattiri", "name_ml": null, "place": "village", "population_osm": null, "population_osm_date": null, "ele_osm": null, "wikidata": null, "source": "OpenStreetMap (ODbL)"}, "geometry": {"type": "Point", "coordinates": [75.990334, 11.7727134]}}, {"type": "Feature", "id": 2648724762, "properties": {"id": "osm-node-2648724762", "name": "Kuzhinilam", "name_ml": "\u0d15\u0d41\u0d34\u0d3f\u0d28\u0d3f\u0d32\u0d02", "place": "village", "population_osm": null, "population_osm_date": null, "ele_osm": null, "wikidata": null, "source": "OpenStreetMap (ODbL)"}, "geometry": {"type": "Point", "coordinates": [75.9882459, 11.8192132]}}, {"type": "Feature", "id": 2648726963, "properties": {"id": "osm-node-2648726963", "name": "Pilacheri", "name_ml": "\u0d2a\u0d3f\u0d32\u0d3e\u0d1a\u0d4d\u0d1a\u0d47\u0d30\u0d3f", "place": "village", "population_osm": null, "population_osm_date": null, "ele_osm": null, "wikidata": null, "source": "OpenStreetMap (ODbL)"}, "geometry": {"type": "Point", "coordinates": [75.9800705, 11.8055926]}}, {"type": "Feature", "id": 2648730630, "properties": {"id": "osm-node-2648730630", "name": "Ambukuthy", "name_ml": "\u0d05\u0d2e\u0d4d\u0d2a\u0d41\u0d15\u0d41\u0d24\u0d4d\u0d24\u0d3f", "place": "village", "population_osm": null, "population_osm_date": null, "ele_osm": null, "wikidata": null, "source": "OpenStreetMap (ODbL)"}, "geometry": {"type": "Point", "coordinates": [76.0069409, 11.8148761]}}, {"type": "Feature", "id": 2653785043, "properties": {"id": "osm-node-2653785043", "name": "Thettu Road", "name_ml": null, "place": "hamlet", "population_osm": null, "population_osm_date": null, "ele_osm": null, "wikidata": null, "source": "OpenStreetMap (ODbL)"}, "geometry": {"type": "Point", "coordinates": [76.0666436, 11.9027971]}}, {"type": "Feature", "id": 2831440918, "properties": {"id": "osm-node-2831440918", "name": "Banasurasagar", "name_ml": "\u0d2c\u0d3e\u0d23\u0d3e\u0d38\u0d41\u0d30 \u0d38\u0d3e\u0d17\u0d30\u0d4d\u200d", "place": "locality", "population_osm": null, "population_osm_date": null, "ele_osm": null, "wikidata": null, "source": "OpenStreetMap (ODbL)"}, "geometry": {"type": "Point", "coordinates": [75.9599802, 11.6719092]}}, {"type": "Feature", "id": 3177030978, "properties": {"id": "osm-node-3177030978", "name": "Pulpally", "name_ml": "\u0d2a\u0d41\u0d32\u0d4d\u200d\u0d2a\u0d4d\u0d2a\u0d33\u0d4d\u0d33\u0d3f", "place": "village", "population_osm": null, "population_osm_date": null, "ele_osm": null, "wikidata": "Q7259587", "source": "OpenStreetMap (ODbL)"}, "geometry": {"type": "Point", "coordinates": [76.1643871, 11.7932652]}}, {"type": "Feature", "id": 3259281722, "properties": {"id": "osm-node-3259281722", "name": "Thonichal", "name_ml": "\u0d24\u0d4b\u0d23\u0d3f\u0d1a\u0d4d\u0d1a\u0d3e\u0d32\u0d4d\u200d", "place": "village", "population_osm": null, "population_osm_date": null, "ele_osm": null, "wikidata": null, "source": "OpenStreetMap (ODbL)"}, "geometry": {"type": "Point", "coordinates": [76.0016918, 11.7707383]}}, {"type": "Feature", "id": 3330085319, "properties": {"id": "osm-node-3330085319", "name": "Muttil", "name_ml": "\u0d2e\u0d41\u0d1f\u0d4d\u0d1f\u0d3f\u0d7d", "place": "town", "population_osm": null, "population_osm_date": null, "ele_osm": null, "wikidata": null, "source": "OpenStreetMap (ODbL)"}, "geometry": {"type": "Point", "coordinates": [76.110624, 11.6418431]}}, {"type": "Feature", "id": 3842111627, "properties": {"id": "osm-node-3842111627", "name": "Kainatti", "name_ml": "\u0d15\u0d48\u0d28\u0d3e\u0d1f\u0d4d\u0d1f\u0d3f", "place": "village", "population_osm": null, "population_osm_date": null, "ele_osm": null, "wikidata": null, "source": "OpenStreetMap (ODbL)"}, "geometry": {"type": "Point", "coordinates": [76.0894939, 11.6343825]}}, {"type": "Feature", "id": 3842111628, "properties": {"id": "osm-node-3842111628", "name": "Kappamkolly", "name_ml": "\u0d15\u0d3e\u0d2a\u0d4d\u0d2a\u0d02\u0d15\u0d4a\u0d32\u0d4d\u0d32\u0d3f", "place": "village", "population_osm": null, "population_osm_date": null, "ele_osm": null, "wikidata": null, "source": "OpenStreetMap (ODbL)"}, "geometry": {"type": "Point", "coordinates": [76.1220971, 11.5629978]}}, {"type": "Feature", "id": 3842228212, "properties": {"id": "osm-node-3842228212", "name": "Cholamala", "name_ml": "\u0d1a\u0d4b\u0d32\u0d2e\u0d32", "place": "hamlet", "population_osm": null, "population_osm_date": null, "ele_osm": null, "wikidata": null, "source": "OpenStreetMap (ODbL)"}, "geometry": {"type": "Point", "coordinates": [76.1164004, 11.5390335]}}, {"type": "Feature", "id": 3842228213, "properties": {"id": "osm-node-3842228213", "name": "Chooralmala", "name_ml": "\u0d1a\u0d42\u0d30\u0d32\u0d4d\u200d\u0d2e\u0d32", "place": "village", "population_osm": null, "population_osm_date": null, "ele_osm": null, "wikidata": "Q101131748", "source": "OpenStreetMap (ODbL)"}, "geometry": {"type": "Point", "coordinates": [76.1598711, 11.4992319]}}, {"type": "Feature", "id": 3842228214, "properties": {"id": "osm-node-3842228214", "name": "Kalladi", "name_ml": "\u0d15\u0d32\u0d4d\u0d32\u0d3e\u0d1f\u0d3f", "place": "village", "population_osm": null, "population_osm_date": null, "ele_osm": null, "wikidata": null, "source": "OpenStreetMap (ODbL)"}, "geometry": {"type": "Point", "coordinates": [76.1320264, 11.5105804]}}, {"type": "Feature", "id": 3842228215, "properties": {"id": "osm-node-3842228215", "name": "Kottappady Part", "name_ml": null, "place": "hamlet", "population_osm": null, "population_osm_date": null, "ele_osm": null, "wikidata": null, "source": "OpenStreetMap (ODbL)"}, "geometry": {"type": "Point", "coordinates": [76.1217336, 11.5412066]}}, {"type": "Feature", "id": 3842228216, "properties": {"id": "osm-node-3842228216", "name": "Nellimunda", "name_ml": "\u0d28\u0d46\u0d32\u0d4d\u0d32\u0d3f\u0d2e\u0d41\u0d23\u0d4d\u0d1f", "place": "village", "population_osm": null, "population_osm_date": null, "ele_osm": null, "wikidata": null, "source": "OpenStreetMap (ODbL)"}, "geometry": {"type": "Point", "coordinates": [76.1315033, 11.5375255]}}, {"type": "Feature", "id": 3842282049, "properties": {"id": "osm-node-3842282049", "name": "Chitragiri", "name_ml": "\u0d1a\u0d3f\u0d24\u0d4d\u0d30\u0d17\u0d3f\u0d30\u0d3f", "place": "hamlet", "population_osm": null, "population_osm_date": null, "ele_osm": null, "wikidata": null, "source": "OpenStreetMap (ODbL)"}, "geometry": {"type": "Point", "coordinates": [76.2268263, 11.542845]}}, {"type": "Feature", "id": 3842282050, "properties": {"id": "osm-node-3842282050", "name": "Choladi", "name_ml": "\u0d1a\u0d4b\u0d32\u0d3e\u0d1f\u0d3f", "place": "hamlet", "population_osm": null, "population_osm_date": null, "ele_osm": null, "wikidata": null, "source": "OpenStreetMap (ODbL)"}, "geometry": {"type": "Point", "coordinates": [76.2469218, 11.5280995]}}, {"type": "Feature", "id": 3842282051, "properties": {"id": "osm-node-3842282051", "name": "Chundale", "name_ml": "\u0d1a\u0d41\u0d23\u0d4d\u0d1f\u0d47\u0d7d", "place": "village", "population_osm": null, "population_osm_date": null, "ele_osm": null, "wikidata": "Q5116255", "source": "OpenStreetMap (ODbL)"}, "geometry": {"type": "Point", "coordinates": [76.0591416, 11.5740364]}}, {"type": "Feature", "id": 3842282053, "properties": {"id": "osm-node-3842282053", "name": "Nedumkarana", "name_ml": "\u0d28\u0d46\u0d1f\u0d41\u0d19\u0d4d\u0d15\u0d30\u0d23", "place": "village", "population_osm": null, "population_osm_date": null, "ele_osm": null, "wikidata": null, "source": "OpenStreetMap (ODbL)"}, "geometry": {"type": "Point", "coordinates": [76.17896, 11.5454831]}}, {"type": "Feature", "id": 3842282054, "properties": {"id": "osm-node-3842282054", "name": "Padivayal", "name_ml": "\u0d2a\u0d3e\u0d1f\u0d3f\u0d35\u0d2f\u0d7d", "place": "hamlet", "population_osm": null, "population_osm_date": null, "ele_osm": null, "wikidata": null, "source": "OpenStreetMap (ODbL)"}, "geometry": {"type": "Point", "coordinates": [76.2035175, 11.5483383]}}, {"type": "Feature", "id": 3842282055, "properties": {"id": "osm-node-3842282055", "name": "Thinapuram", "name_ml": null, "place": "village", "population_osm": null, "population_osm_date": null, "ele_osm": null, "wikidata": null, "source": "OpenStreetMap (ODbL)"}, "geometry": {"type": "Point", "coordinates": [76.1617777, 11.539575]}}, {"type": "Feature", "id": 3842445127, "properties": {"id": "osm-node-3842445127", "name": "Padinjarethara", "name_ml": "\u0d2a\u0d1f\u0d3f\u0d1e\u0d4d\u0d1e\u0d3e\u0d31\u0d47\u0d24\u0d4d\u0d24\u0d31", "place": "village", "population_osm": null, "population_osm_date": null, "ele_osm": null, "wikidata": null, "source": "OpenStreetMap (ODbL)"}, "geometry": {"type": "Point", "coordinates": [75.9752486, 11.6780678]}}, {"type": "Feature", "id": 3903463417, "properties": {"id": "osm-node-3903463417", "name": "Ambalavayal", "name_ml": "\u0d05\u0d2e\u0d4d\u0d2a\u0d32\u0d35\u0d2f\u0d7d", "place": "village", "population_osm": null, "population_osm_date": null, "ele_osm": null, "wikidata": "Q4740996", "source": "OpenStreetMap (ODbL)"}, "geometry": {"type": "Point", "coordinates": [76.2120176, 11.6192026]}}, {"type": "Feature", "id": 3912949958, "properties": {"id": "osm-node-3912949958", "name": "Muthanga", "name_ml": "\u0d2e\u0d41\u0d24\u0d4d\u0d24\u0d19\u0d4d\u0d19", "place": "village", "population_osm": null, "population_osm_date": null, "ele_osm": null, "wikidata": null, "source": "OpenStreetMap (ODbL)"}, "geometry": {"type": "Point", "coordinates": [76.3619141, 11.6714546]}}, {"type": "Feature", "id": 3922124554, "properties": {"id": "osm-node-3922124554", "name": "Edakkal Caves", "name_ml": "\u0d0e\u0d1f\u0d15\u0d4d\u0d15\u0d7d \u0d17\u0d41\u0d39", "place": "locality", "population_osm": null, "population_osm_date": null, "ele_osm": null, "wikidata": null, "source": "OpenStreetMap (ODbL)"}, "geometry": {"type": "Point", "coordinates": [76.2306729, 11.6308815]}}, {"type": "Feature", "id": 3922194996, "properties": {"id": "osm-node-3922194996", "name": "Lakkidi", "name_ml": "\u0d32\u0d15\u0d4d\u0d15\u0d3f\u0d1f\u0d3f", "place": "village", "population_osm": null, "population_osm_date": null, "ele_osm": null, "wikidata": null, "source": "OpenStreetMap (ODbL)"}, "geometry": {"type": "Point", "coordinates": [76.0203502, 11.5205672]}}, {"type": "Feature", "id": 4250527876, "properties": {"id": "osm-node-4250527876", "name": "Keltron Valavu", "name_ml": null, "place": "neighbourhood", "population_osm": null, "population_osm_date": null, "ele_osm": null, "wikidata": null, "source": "OpenStreetMap (ODbL)"}, "geometry": {"type": "Point", "coordinates": [76.0797181, 11.6718219]}}, {"type": "Feature", "id": 4618674486, "properties": {"id": "osm-node-4618674486", "name": "Padichira", "name_ml": "\u0d2a\u0d3e\u0d1f\u0d3f\u0d1a\u0d4d\u0d1a\u0d3f\u0d31", "place": "village", "population_osm": null, "population_osm_date": null, "ele_osm": null, "wikidata": "Q7123740", "source": "OpenStreetMap (ODbL)"}, "geometry": {"type": "Point", "coordinates": [76.1789133, 11.8396351]}}, {"type": "Feature", "id": 4828242614, "properties": {"id": "osm-node-4828242614", "name": "Puthusserykkadavu", "name_ml": "\u0d2a\u0d41\u0d24\u0d41\u0d36\u0d4d\u0d36\u0d47\u0d30\u0d3f\u0d15\u0d4d\u0d15\u0d1f\u0d35\u0d4d", "place": "neighbourhood", "population_osm": null, "population_osm_date": null, "ele_osm": null, "wikidata": null, "source": "OpenStreetMap (ODbL)"}, "geometry": {"type": "Point", "coordinates": [75.9870271, 11.7035499]}}, {"type": "Feature", "id": 6359513296, "properties": {"id": "osm-node-6359513296", "name": "Meenmutty", "name_ml": "\u0d2e\u0d40\u0d7b\u0d2e\u0d41\u0d1f\u0d4d\u0d1f\u0d3f", "place": "hamlet", "population_osm": null, "population_osm_date": null, "ele_osm": null, "wikidata": null, "source": "OpenStreetMap (ODbL)"}, "geometry": {"type": "Point", "coordinates": [75.9381703, 11.6775114]}}, {"type": "Feature", "id": 6367702271, "properties": {"id": "osm-node-6367702271", "name": "Thazhe Ammaani", "name_ml": null, "place": "hamlet", "population_osm": null, "population_osm_date": null, "ele_osm": null, "wikidata": null, "source": "OpenStreetMap (ODbL)"}, "geometry": {"type": "Point", "coordinates": [76.0685794, 11.8423357]}}, {"type": "Feature", "id": 6367702272, "properties": {"id": "osm-node-6367702272", "name": "Ammaani", "name_ml": null, "place": "hamlet", "population_osm": null, "population_osm_date": null, "ele_osm": null, "wikidata": null, "source": "OpenStreetMap (ODbL)"}, "geometry": {"type": "Point", "coordinates": [76.0648786, 11.8442378]}}, {"type": "Feature", "id": 6367702273, "properties": {"id": "osm-node-6367702273", "name": "Ambedkar Colony", "name_ml": null, "place": "hamlet", "population_osm": null, "population_osm_date": null, "ele_osm": null, "wikidata": null, "source": "OpenStreetMap (ODbL)"}, "geometry": {"type": "Point", "coordinates": [76.0748196, 11.8337791]}}, {"type": "Feature", "id": 6367722986, "properties": {"id": "osm-node-6367722986", "name": "Kavikkal", "name_ml": null, "place": "hamlet", "population_osm": null, "population_osm_date": null, "ele_osm": null, "wikidata": null, "source": "OpenStreetMap (ODbL)"}, "geometry": {"type": "Point", "coordinates": [76.0877745, 11.8307555]}}, {"type": "Feature", "id": 6367722987, "properties": {"id": "osm-node-6367722987", "name": "Puzhavayal", "name_ml": null, "place": "village", "population_osm": null, "population_osm_date": null, "ele_osm": null, "wikidata": null, "source": "OpenStreetMap (ODbL)"}, "geometry": {"type": "Point", "coordinates": [76.0552513, 11.8521708]}}, {"type": "Feature", "id": 6705049473, "properties": {"id": "osm-node-6705049473", "name": "Panichipalam", "name_ml": null, "place": "hamlet", "population_osm": null, "population_osm_date": null, "ele_osm": null, "wikidata": null, "source": "OpenStreetMap (ODbL)"}, "geometry": {"type": "Point", "coordinates": [75.9611855, 11.8498948]}}, {"type": "Feature", "id": 6705049477, "properties": {"id": "osm-node-6705049477", "name": "Cherakkara", "name_ml": null, "place": "village", "population_osm": null, "population_osm_date": null, "ele_osm": null, "wikidata": null, "source": "OpenStreetMap (ODbL)"}, "geometry": {"type": "Point", "coordinates": [75.965714, 11.8523332]}}, {"type": "Feature", "id": 6705049478, "properties": {"id": "osm-node-6705049478", "name": "SJLP School Pilakkavu", "name_ml": null, "place": "village", "population_osm": null, "population_osm_date": null, "ele_osm": null, "wikidata": null, "source": "OpenStreetMap (ODbL)"}, "geometry": {"type": "Point", "coordinates": [75.9943436, 11.8445249]}}, {"type": "Feature", "id": 6705049479, "properties": {"id": "osm-node-6705049479", "name": "Jessy", "name_ml": null, "place": "village", "population_osm": null, "population_osm_date": null, "ele_osm": null, "wikidata": null, "source": "OpenStreetMap (ODbL)"}, "geometry": {"type": "Point", "coordinates": [75.9855394, 11.8523285]}}, {"type": "Feature", "id": 6726439383, "properties": {"id": "osm-node-6726439383", "name": "Karyambadi", "name_ml": "\u0d15\u0d3e\u0d30\u0d4d\u0d2f\u0d2e\u0d4d\u0d2a\u0d3e\u0d1f\u0d3f", "place": "village", "population_osm": null, "population_osm_date": null, "ele_osm": null, "wikidata": null, "source": "OpenStreetMap (ODbL)"}, "geometry": {"type": "Point", "coordinates": [76.1350705, 11.6765072]}}, {"type": "Feature", "id": 6726502612, "properties": {"id": "osm-node-6726502612", "name": "Kenichira", "name_ml": "\u0d15\u0d47\u0d23\u0d3f\u0d1a\u0d4d\u0d1a\u0d3f\u0d31", "place": "village", "population_osm": null, "population_osm_date": null, "ele_osm": null, "wikidata": null, "source": "OpenStreetMap (ODbL)"}, "geometry": {"type": "Point", "coordinates": [76.1524023, 11.7231089]}}, {"type": "Feature", "id": 6734865994, "properties": {"id": "osm-node-6734865994", "name": "Koliyadi", "name_ml": "\u0d15\u0d4b\u0d33\u0d3f\u0d2f\u0d3e\u0d1f\u0d3f", "place": "village", "population_osm": null, "population_osm_date": null, "ele_osm": null, "wikidata": null, "source": "OpenStreetMap (ODbL)"}, "geometry": {"type": "Point", "coordinates": [76.2773232, 11.6346364]}}, {"type": "Feature", "id": 6734877112, "properties": {"id": "osm-node-6734877112", "name": "Thaloor", "name_ml": "\u0d24\u0d3e\u0d33\u0d42\u0d7c", "place": "village", "population_osm": null, "population_osm_date": null, "ele_osm": null, "wikidata": null, "source": "OpenStreetMap (ODbL)"}, "geometry": {"type": "Point", "coordinates": [76.2542857, 11.5849175]}}, {"type": "Feature", "id": 6751783583, "properties": {"id": "osm-node-6751783583", "name": "Korome", "name_ml": "\u0d15\u0d4b\u0d31\u0d4b\u0d02", "place": "village", "population_osm": null, "population_osm_date": null, "ele_osm": null, "wikidata": null, "source": "OpenStreetMap (ODbL)"}, "geometry": {"type": "Point", "coordinates": [75.8815687, 11.7443831]}}, {"type": "Feature", "id": 7128096624, "properties": {"id": "osm-node-7128096624", "name": "Rippon 52", "name_ml": "\u0d31\u0d3f\u0d2a\u0d4d\u0d2a\u0d7a 52", "place": "village", "population_osm": null, "population_osm_date": null, "ele_osm": null, "wikidata": null, "source": "OpenStreetMap (ODbL)"}, "geometry": {"type": "Point", "coordinates": [76.1682956, 11.5389643]}}, {"type": "Feature", "id": 7342851063, "properties": {"id": "osm-node-7342851063", "name": "Kallumukku", "name_ml": null, "place": "village", "population_osm": null, "population_osm_date": null, "ele_osm": null, "wikidata": null, "source": "OpenStreetMap (ODbL)"}, "geometry": {"type": "Point", "coordinates": [76.3357329, 11.6834216]}}, {"type": "Feature", "id": 7470315992, "properties": {"id": "osm-node-7470315992", "name": "Seetha Mount", "name_ml": "\u0d38\u0d40\u0d24\u0d3e\u0d2e\u0d57\u0d23\u0d4d\u0d1f\u0d4d", "place": "hamlet", "population_osm": null, "population_osm_date": null, "ele_osm": null, "wikidata": "Q24951016", "source": "OpenStreetMap (ODbL)"}, "geometry": {"type": "Point", "coordinates": [76.2013765, 11.8410446]}}, {"type": "Feature", "id": 7470316000, "properties": {"id": "osm-node-7470316000", "name": "Lourde Nagar", "name_ml": "\u0d32\u0d42\u0d7c\u0d26\u0d4d \u0d28\u0d17\u0d7c", "place": "hamlet", "population_osm": null, "population_osm_date": null, "ele_osm": null, "wikidata": null, "source": "OpenStreetMap (ODbL)"}, "geometry": {"type": "Point", "coordinates": [76.1857464, 11.8483327]}}, {"type": "Feature", "id": 7472751482, "properties": {"id": "osm-node-7472751482", "name": "Sruthi nagar", "name_ml": null, "place": "hamlet", "population_osm": null, "population_osm_date": null, "ele_osm": null, "wikidata": null, "source": "OpenStreetMap (ODbL)"}, "geometry": {"type": "Point", "coordinates": [76.1892935, 11.8579807]}}, {"type": "Feature", "id": 7472817639, "properties": {"id": "osm-node-7472817639", "name": "Kabanigiri", "name_ml": "\u0d15\u0d2c\u0d28\u0d3f\u0d17\u0d3f\u0d30\u0d3f", "place": "village", "population_osm": null, "population_osm_date": null, "ele_osm": null, "wikidata": null, "source": "OpenStreetMap (ODbL)"}, "geometry": {"type": "Point", "coordinates": [76.1818007, 11.8589476]}}, {"type": "Feature", "id": 7475640617, "properties": {"id": "osm-node-7475640617", "name": "Adikolly", "name_ml": null, "place": "hamlet", "population_osm": null, "population_osm_date": null, "ele_osm": null, "wikidata": null, "source": "OpenStreetMap (ODbL)"}, "geometry": {"type": "Point", "coordinates": [76.1888845, 11.7814316]}}, {"type": "Feature", "id": 7509778207, "properties": {"id": "osm-node-7509778207", "name": "Nambikolly", "name_ml": "\u0d28\u0d2e\u0d4d\u0d2a\u0d3f\u0d15\u0d4d\u0d15\u0d4a\u0d32\u0d4d\u0d32\u0d3f", "place": "village", "population_osm": null, "population_osm_date": null, "ele_osm": null, "wikidata": null, "source": "OpenStreetMap (ODbL)"}, "geometry": {"type": "Point", "coordinates": [76.3069043, 11.6359693]}}, {"type": "Feature", "id": 7512081535, "properties": {"id": "osm-node-7512081535", "name": "Societykavala", "name_ml": null, "place": "neighbourhood", "population_osm": null, "population_osm_date": null, "ele_osm": null, "wikidata": null, "source": "OpenStreetMap (ODbL)"}, "geometry": {"type": "Point", "coordinates": [76.1742125, 11.7100842]}}, {"type": "Feature", "id": 7515334890, "properties": {"id": "osm-node-7515334890", "name": "Paplassery", "name_ml": "\u0d2a\u0d3e\u0d2a\u0d4d\u0d32\u0d36\u0d47\u0d30\u0d3f", "place": "village", "population_osm": null, "population_osm_date": null, "ele_osm": null, "wikidata": null, "source": "OpenStreetMap (ODbL)"}, "geometry": {"type": "Point", "coordinates": [76.1892296, 11.7190383]}}, {"type": "Feature", "id": 7521099020, "properties": {"id": "osm-node-7521099020", "name": "Kattimoola", "name_ml": "\u0d15\u0d3e\u0d1f\u0d4d\u0d1f\u0d3f\u0d2e\u0d42\u0d32", "place": "village", "population_osm": null, "population_osm_date": null, "ele_osm": null, "wikidata": null, "source": "OpenStreetMap (ODbL)"}, "geometry": {"type": "Point", "coordinates": [75.9254752, 11.802613]}}, {"type": "Feature", "id": 7533243031, "properties": {"id": "osm-node-7533243031", "name": "palakuly", "name_ml": null, "place": "village", "population_osm": null, "population_osm_date": null, "ele_osm": null, "wikidata": null, "source": "OpenStreetMap (ODbL)"}, "geometry": {"type": "Point", "coordinates": [75.9878501, 11.8116366]}}, {"type": "Feature", "id": 7693909634, "properties": {"id": "osm-node-7693909634", "name": "godavari colony", "name_ml": null, "place": "village", "population_osm": null, "population_osm_date": null, "ele_osm": null, "wikidata": null, "source": "OpenStreetMap (ODbL)"}, "geometry": {"type": "Point", "coordinates": [75.9761116, 11.8328294]}}, {"type": "Feature", "id": 7761832245, "properties": {"id": "osm-node-7761832245", "name": "Pookode", "name_ml": "\u0d2a\u0d42\u0d15\u0d4d\u0d15\u0d4b\u0d1f\u0d4d", "place": "village", "population_osm": null, "population_osm_date": null, "ele_osm": null, "wikidata": "Q24906691", "source": "OpenStreetMap (ODbL)"}, "geometry": {"type": "Point", "coordinates": [76.0305834, 11.5357024]}}, {"type": "Feature", "id": 8016068909, "properties": {"id": "osm-node-8016068909", "name": "lakshamveedi colony", "name_ml": null, "place": "neighbourhood", "population_osm": null, "population_osm_date": null, "ele_osm": null, "wikidata": null, "source": "OpenStreetMap (ODbL)"}, "geometry": {"type": "Point", "coordinates": [76.0029183, 11.6301918]}}, {"type": "Feature", "id": 8398822167, "properties": {"id": "osm-node-8398822167", "name": "Bhoothanam Colony", "name_ml": null, "place": "neighbourhood", "population_osm": null, "population_osm_date": null, "ele_osm": null, "wikidata": null, "source": "OpenStreetMap (ODbL)"}, "geometry": {"type": "Point", "coordinates": [75.9961362, 11.5787996]}}, {"type": "Feature", "id": 8398831884, "properties": {"id": "osm-node-8398831884", "name": "Chakran Colony", "name_ml": null, "place": "neighbourhood", "population_osm": null, "population_osm_date": null, "ele_osm": null, "wikidata": null, "source": "OpenStreetMap (ODbL)"}, "geometry": {"type": "Point", "coordinates": [76.0446305, 11.6006591]}}, {"type": "Feature", "id": 8398954531, "properties": {"id": "osm-node-8398954531", "name": "Vayanamkunnu Colony", "name_ml": null, "place": "neighbourhood", "population_osm": null, "population_osm_date": null, "ele_osm": null, "wikidata": null, "source": "OpenStreetMap (ODbL)"}, "geometry": {"type": "Point", "coordinates": [76.0124192, 11.6186846]}}, {"type": "Feature", "id": 8398984265, "properties": {"id": "osm-node-8398984265", "name": "Thevana Colony", "name_ml": null, "place": "neighbourhood", "population_osm": null, "population_osm_date": null, "ele_osm": null, "wikidata": null, "source": "OpenStreetMap (ODbL)"}, "geometry": {"type": "Point", "coordinates": [76.0142123, 11.6156133]}}, {"type": "Feature", "id": 8398999386, "properties": {"id": "osm-node-8398999386", "name": "Panniyora Colony", "name_ml": null, "place": "neighbourhood", "population_osm": null, "population_osm_date": null, "ele_osm": null, "wikidata": null, "source": "OpenStreetMap (ODbL)"}, "geometry": {"type": "Point", "coordinates": [76.0145964, 11.6201439]}}, {"type": "Feature", "id": 8399106013, "properties": {"id": "osm-node-8399106013", "name": "Achoor 5th No Colony", "name_ml": null, "place": "neighbourhood", "population_osm": null, "population_osm_date": null, "ele_osm": null, "wikidata": null, "source": "OpenStreetMap (ODbL)"}, "geometry": {"type": "Point", "coordinates": [76.0109665, 11.6006273]}}, {"type": "Feature", "id": 8399167241, "properties": {"id": "osm-node-8399167241", "name": "EMS COLONY  Ward 1", "name_ml": null, "place": "neighbourhood", "population_osm": null, "population_osm_date": null, "ele_osm": null, "wikidata": null, "source": "OpenStreetMap (ODbL)"}, "geometry": {"type": "Point", "coordinates": [76.0064632, 11.61693]}}, {"type": "Feature", "id": 8530964313, "properties": {"id": "osm-node-8530964313", "name": "Melmury", "name_ml": "\u0d2e\u0d47\u0d7d\u0d2e\u0d41\u0d31\u0d3f", "place": "village", "population_osm": null, "population_osm_date": null, "ele_osm": null, "wikidata": null, "source": "OpenStreetMap (ODbL)"}, "geometry": {"type": "Point", "coordinates": [75.9920555, 11.6089377]}}, {"type": "Feature", "id": 8659373096, "properties": {"id": "osm-node-8659373096", "name": "Ambalakunn Tribal Colony", "name_ml": null, "place": "neighbourhood", "population_osm": null, "population_osm_date": null, "ele_osm": null, "wikidata": null, "source": "OpenStreetMap (ODbL)"}, "geometry": {"type": "Point", "coordinates": [76.1052371, 11.6325791]}}, {"type": "Feature", "id": 8659632799, "properties": {"id": "osm-node-8659632799", "name": "Kalathil Tribal Colony, Madakkimala", "name_ml": null, "place": "neighbourhood", "population_osm": null, "population_osm_date": null, "ele_osm": null, "wikidata": null, "source": "OpenStreetMap (ODbL)"}, "geometry": {"type": "Point", "coordinates": [76.0797264, 11.6616729]}}, {"type": "Feature", "id": 8660103904, "properties": {"id": "osm-node-8660103904", "name": "Mangalamkunn Tribal Colony, Panangandi", "name_ml": null, "place": "neighbourhood", "population_osm": null, "population_osm_date": null, "ele_osm": null, "wikidata": null, "source": "OpenStreetMap (ODbL)"}, "geometry": {"type": "Point", "coordinates": [76.1252627, 11.6699382]}}, {"type": "Feature", "id": 8664242690, "properties": {"id": "osm-node-8664242690", "name": "Pandyattvayal Tribal Colony, Kariambadi", "name_ml": null, "place": "neighbourhood", "population_osm": null, "population_osm_date": null, "ele_osm": null, "wikidata": null, "source": "OpenStreetMap (ODbL)"}, "geometry": {"type": "Point", "coordinates": [76.1298962, 11.6660213]}}, {"type": "Feature", "id": 8664455858, "properties": {"id": "osm-node-8664455858", "name": "Koraladi Tribal Colony, Kolavayal", "name_ml": null, "place": "neighbourhood", "population_osm": null, "population_osm_date": null, "ele_osm": null, "wikidata": null, "source": "OpenStreetMap (ODbL)"}, "geometry": {"type": "Point", "coordinates": [76.1196277, 11.6636035]}}, {"type": "Feature", "id": 8664503060, "properties": {"id": "osm-node-8664503060", "name": "Njanummel Tribal colony, Kolavayal", "name_ml": null, "place": "neighbourhood", "population_osm": null, "population_osm_date": null, "ele_osm": null, "wikidata": null, "source": "OpenStreetMap (ODbL)"}, "geometry": {"type": "Point", "coordinates": [76.1141699, 11.655825]}}, {"type": "Feature", "id": 8665318336, "properties": {"id": "osm-node-8665318336", "name": "Michabhoomi Tribal Colony", "name_ml": null, "place": "neighbourhood", "population_osm": null, "population_osm_date": null, "ele_osm": null, "wikidata": null, "source": "OpenStreetMap (ODbL)"}, "geometry": {"type": "Point", "coordinates": [76.1526789, 11.6428057]}}, {"type": "Feature", "id": 8665326567, "properties": {"id": "osm-node-8665326567", "name": "Moothimoola Kuruma Colony, Kariyambadi", "name_ml": null, "place": "neighbourhood", "population_osm": null, "population_osm_date": null, "ele_osm": null, "wikidata": null, "source": "OpenStreetMap (ODbL)"}, "geometry": {"type": "Point", "coordinates": [76.1313535, 11.664924]}}, {"type": "Feature", "id": 8665400140, "properties": {"id": "osm-node-8665400140", "name": "Thottamkolli Tribal Colony, Kuppadi", "name_ml": null, "place": "neighbourhood", "population_osm": null, "population_osm_date": null, "ele_osm": null, "wikidata": null, "source": "OpenStreetMap (ODbL)"}, "geometry": {"type": "Point", "coordinates": [76.1589801, 11.6400618]}}, {"type": "Feature", "id": 8665403668, "properties": {"id": "osm-node-8665403668", "name": "Thottamkolli Tribal Colony, Kuppadi", "name_ml": null, "place": "neighbourhood", "population_osm": null, "population_osm_date": null, "ele_osm": null, "wikidata": null, "source": "OpenStreetMap (ODbL)"}, "geometry": {"type": "Point", "coordinates": [76.1592111, 11.6418454]}}, {"type": "Feature", "id": 8665512739, "properties": {"id": "osm-node-8665512739", "name": "Shastri Nagar Tribal Colony, Aalamdhatta", "name_ml": null, "place": "neighbourhood", "population_osm": null, "population_osm_date": null, "ele_osm": null, "wikidata": null, "source": "OpenStreetMap (ODbL)"}, "geometry": {"type": "Point", "coordinates": [76.0995243, 11.6508817]}}, {"type": "Feature", "id": 8669248376, "properties": {"id": "osm-node-8669248376", "name": "Oorapakk Kunn Tribal Colony, Vazhavatta", "name_ml": null, "place": "neighbourhood", "population_osm": null, "population_osm_date": null, "ele_osm": null, "wikidata": null, "source": "OpenStreetMap (ODbL)"}, "geometry": {"type": "Point", "coordinates": [76.1655599, 11.623063]}}, {"type": "Feature", "id": 8669359137, "properties": {"id": "osm-node-8669359137", "name": "Naikollikunn Tribal Colony, Pakkam", "name_ml": null, "place": "neighbourhood", "population_osm": null, "population_osm_date": null, "ele_osm": null, "wikidata": null, "source": "OpenStreetMap (ODbL)"}, "geometry": {"type": "Point", "coordinates": [76.161988, 11.6169957]}}, {"type": "Feature", "id": 8669365901, "properties": {"id": "osm-node-8669365901", "name": "Naikollikunn Kuruma Colony, Pakkam", "name_ml": null, "place": "neighbourhood", "population_osm": null, "population_osm_date": null, "ele_osm": null, "wikidata": null, "source": "OpenStreetMap (ODbL)"}, "geometry": {"type": "Point", "coordinates": [76.1612299, 11.6170986]}}, {"type": "Feature", "id": 8669411779, "properties": {"id": "osm-node-8669411779", "name": "Unnikkan Tribal Colony, Pakkam", "name_ml": null, "place": "neighbourhood", "population_osm": null, "population_osm_date": null, "ele_osm": null, "wikidata": null, "source": "OpenStreetMap (ODbL)"}, "geometry": {"type": "Point", "coordinates": [76.1542062, 11.6088249]}}, {"type": "Feature", "id": 8669443465, "properties": {"id": "osm-node-8669443465", "name": "Palakattkunn tribal Colony, Pakkam", "name_ml": null, "place": "neighbourhood", "population_osm": null, "population_osm_date": null, "ele_osm": null, "wikidata": null, "source": "OpenStreetMap (ODbL)"}, "geometry": {"type": "Point", "coordinates": [76.1478568, 11.6168337]}}, {"type": "Feature", "id": 8670827288, "properties": {"id": "osm-node-8670827288", "name": "Kaippadam Tribal Colony, Variad", "name_ml": null, "place": "neighbourhood", "population_osm": null, "population_osm_date": null, "ele_osm": null, "wikidata": null, "source": "OpenStreetMap (ODbL)"}, "geometry": {"type": "Point", "coordinates": [76.1367478, 11.6467151]}}, {"type": "Feature", "id": 8672733928, "properties": {"id": "osm-node-8672733928", "name": "Theneri Kuruma Colony, Theneri", "name_ml": null, "place": "neighbourhood", "population_osm": null, "population_osm_date": null, "ele_osm": null, "wikidata": null, "source": "OpenStreetMap (ODbL)"}, "geometry": {"type": "Point", "coordinates": [76.1532256, 11.6386956]}}, {"type": "Feature", "id": 8672741322, "properties": {"id": "osm-node-8672741322", "name": "Bharathan Colony, Theneri", "name_ml": null, "place": "neighbourhood", "population_osm": null, "population_osm_date": null, "ele_osm": null, "wikidata": null, "source": "OpenStreetMap (ODbL)"}, "geometry": {"type": "Point", "coordinates": [76.1541855, 11.638533]}}, {"type": "Feature", "id": 8672766151, "properties": {"id": "osm-node-8672766151", "name": "Malakkad Kuruma Colony, Pakyanikunn", "name_ml": null, "place": "neighbourhood", "population_osm": null, "population_osm_date": null, "ele_osm": null, "wikidata": null, "source": "OpenStreetMap (ODbL)"}, "geometry": {"type": "Point", "coordinates": [76.1539541, 11.6476424]}}, {"type": "Feature", "id": 8672766755, "properties": {"id": "osm-node-8672766755", "name": "Malakkad tribal Colony, Pakyanikunn", "name_ml": null, "place": "neighbourhood", "population_osm": null, "population_osm_date": null, "ele_osm": null, "wikidata": null, "source": "OpenStreetMap (ODbL)"}, "geometry": {"type": "Point", "coordinates": [76.153096, 11.6481529]}}, {"type": "Feature", "id": 8674773179, "properties": {"id": "osm-node-8674773179", "name": "Attamala", "name_ml": null, "place": "hamlet", "population_osm": null, "population_osm_date": null, "ele_osm": null, "wikidata": null, "source": "OpenStreetMap (ODbL)"}, "geometry": {"type": "Point", "coordinates": [76.1756093, 11.4987192]}}, {"type": "Feature", "id": 8682062720, "properties": {"id": "osm-node-8682062720", "name": "Panaayi Colony", "name_ml": null, "place": "isolated_dwelling", "population_osm": null, "population_osm_date": null, "ele_osm": null, "wikidata": null, "source": "OpenStreetMap (ODbL)"}, "geometry": {"type": "Point", "coordinates": [76.1444301, 11.5993322]}}, {"type": "Feature", "id": 8682062721, "properties": {"id": "osm-node-8682062721", "name": "Kolippura Colony", "name_ml": null, "place": "neighbourhood", "population_osm": null, "population_osm_date": null, "ele_osm": null, "wikidata": null, "source": "OpenStreetMap (ODbL)"}, "geometry": {"type": "Point", "coordinates": [76.1523375, 11.6090286]}}, {"type": "Feature", "id": 8682062722, "properties": {"id": "osm-node-8682062722", "name": "Thanippura Colony", "name_ml": null, "place": "isolated_dwelling", "population_osm": null, "population_osm_date": null, "ele_osm": null, "wikidata": null, "source": "OpenStreetMap (ODbL)"}, "geometry": {"type": "Point", "coordinates": [76.1447433, 11.609522]}}, {"type": "Feature", "id": 8682062723, "properties": {"id": "osm-node-8682062723", "name": "Angadivayal Colony", "name_ml": null, "place": "isolated_dwelling", "population_osm": null, "population_osm_date": null, "ele_osm": null, "wikidata": null, "source": "OpenStreetMap (ODbL)"}, "geometry": {"type": "Point", "coordinates": [76.1383681, 11.5978902]}}, {"type": "Feature", "id": 8682062724, "properties": {"id": "osm-node-8682062724", "name": "Pulinkandi Colony", "name_ml": null, "place": "isolated_dwelling", "population_osm": null, "population_osm_date": null, "ele_osm": null, "wikidata": null, "source": "OpenStreetMap (ODbL)"}, "geometry": {"type": "Point", "coordinates": [76.13663, 11.6031569]}}, {"type": "Feature", "id": 8682062725, "properties": {"id": "osm-node-8682062725", "name": "Thazhe Mukkamkunnu Colony", "name_ml": null, "place": "isolated_dwelling", "population_osm": null, "population_osm_date": null, "ele_osm": null, "wikidata": null, "source": "OpenStreetMap (ODbL)"}, "geometry": {"type": "Point", "coordinates": [76.1422044, 11.5943699]}}, {"type": "Feature", "id": 8725815655, "properties": {"id": "osm-node-8725815655", "name": "Kalladi Colony", "name_ml": null, "place": "neighbourhood", "population_osm": null, "population_osm_date": null, "ele_osm": null, "wikidata": null, "source": "OpenStreetMap (ODbL)"}, "geometry": {"type": "Point", "coordinates": [76.1317237, 11.513705]}}, {"type": "Feature", "id": 8725825572, "properties": {"id": "osm-node-8725825572", "name": "Ambedkar Colony", "name_ml": null, "place": "hamlet", "population_osm": null, "population_osm_date": null, "ele_osm": null, "wikidata": null, "source": "OpenStreetMap (ODbL)"}, "geometry": {"type": "Point", "coordinates": [76.1507248, 11.4963921]}}, {"type": "Feature", "id": 8725825573, "properties": {"id": "osm-node-8725825573", "name": "Vellarimala Colony", "name_ml": null, "place": "hamlet", "population_osm": null, "population_osm_date": null, "ele_osm": null, "wikidata": null, "source": "OpenStreetMap (ODbL)"}, "geometry": {"type": "Point", "coordinates": [76.1614694, 11.5037231]}}, {"type": "Feature", "id": 8725835604, "properties": {"id": "osm-node-8725835604", "name": "Poothamala Colony", "name_ml": null, "place": "isolated_dwelling", "population_osm": null, "population_osm_date": null, "ele_osm": null, "wikidata": null, "source": "OpenStreetMap (ODbL)"}, "geometry": {"type": "Point", "coordinates": [76.1542422, 11.5905062]}}, {"type": "Feature", "id": 8725857559, "properties": {"id": "osm-node-8725857559", "name": "Punchiri Mattam Colony", "name_ml": null, "place": "hamlet", "population_osm": null, "population_osm_date": null, "ele_osm": null, "wikidata": null, "source": "OpenStreetMap (ODbL)"}, "geometry": {"type": "Point", "coordinates": [76.1516014, 11.4818245]}}, {"type": "Feature", "id": 8725857561, "properties": {"id": "osm-node-8725857561", "name": "Neelikkap Colony", "name_ml": null, "place": "hamlet", "population_osm": null, "population_osm_date": null, "ele_osm": null, "wikidata": null, "source": "OpenStreetMap (ODbL)"}, "geometry": {"type": "Point", "coordinates": [76.1532058, 11.5046313]}}, {"type": "Feature", "id": 8725874606, "properties": {"id": "osm-node-8725874606", "name": "Aranamala", "name_ml": "\u0d05\u0d30\u0d23\u0d2e\u0d32", "place": "hamlet", "population_osm": null, "population_osm_date": null, "ele_osm": null, "wikidata": null, "source": "OpenStreetMap (ODbL)"}, "geometry": {"type": "Point", "coordinates": [76.1150318, 11.5145522]}}, {"type": "Feature", "id": 8749724615, "properties": {"id": "osm-node-8749724615", "name": "ST colony puthiyadam", "name_ml": null, "place": "village", "population_osm": null, "population_osm_date": null, "ele_osm": null, "wikidata": null, "source": "OpenStreetMap (ODbL)"}, "geometry": {"type": "Point", "coordinates": [75.9582481, 11.8542962]}}, {"type": "Feature", "id": 8759401452, "properties": {"id": "osm-node-8759401452", "name": "ambalakolly st colony", "name_ml": null, "place": "village", "population_osm": null, "population_osm_date": null, "ele_osm": null, "wikidata": null, "source": "OpenStreetMap (ODbL)"}, "geometry": {"type": "Point", "coordinates": [75.9590482, 11.8240055]}}, {"type": "Feature", "id": 8889235087, "properties": {"id": "osm-node-8889235087", "name": "edmana scheduled tribes colony 1", "name_ml": null, "place": "village", "population_osm": null, "population_osm_date": null, "ele_osm": null, "wikidata": null, "source": "OpenStreetMap (ODbL)"}, "geometry": {"type": "Point", "coordinates": [75.9171162, 11.8262663]}}, {"type": "Feature", "id": 8889235088, "properties": {"id": "osm-node-8889235088", "name": "Edamana st colony 2", "name_ml": null, "place": "village", "population_osm": null, "population_osm_date": null, "ele_osm": null, "wikidata": null, "source": "OpenStreetMap (ODbL)"}, "geometry": {"type": "Point", "coordinates": [75.9147782, 11.8266374]}}, {"type": "Feature", "id": 8892919288, "properties": {"id": "osm-node-8892919288", "name": "kolymannu", "name_ml": null, "place": "village", "population_osm": null, "population_osm_date": null, "ele_osm": null, "wikidata": null, "source": "OpenStreetMap (ODbL)"}, "geometry": {"type": "Point", "coordinates": [75.8464419, 11.8286769]}}, {"type": "Feature", "id": 8892919303, "properties": {"id": "osm-node-8892919303", "name": "Choyimoola", "name_ml": null, "place": "village", "population_osm": null, "population_osm_date": null, "ele_osm": null, "wikidata": null, "source": "OpenStreetMap (ODbL)"}, "geometry": {"type": "Point", "coordinates": [75.8344745, 11.8287845]}}, {"type": "Feature", "id": 8894011522, "properties": {"id": "osm-node-8894011522", "name": "Alattil", "name_ml": null, "place": "village", "population_osm": null, "population_osm_date": null, "ele_osm": null, "wikidata": null, "source": "OpenStreetMap (ODbL)"}, "geometry": {"type": "Point", "coordinates": [75.868248, 11.808008]}}, {"type": "Feature", "id": 8895754778, "properties": {"id": "osm-node-8895754778", "name": "Pokkode Diary Colony", "name_ml": null, "place": "neighbourhood", "population_osm": null, "population_osm_date": null, "ele_osm": null, "wikidata": null, "source": "OpenStreetMap (ODbL)"}, "geometry": {"type": "Point", "coordinates": [76.0234714, 11.5329725]}}, {"type": "Feature", "id": 9151221714, "properties": {"id": "osm-node-9151221714", "name": "Perikkalloor", "name_ml": "\u0d2a\u0d46\u0d30\u0d3f\u0d15\u0d4d\u0d15\u0d32\u0d4d\u0d32\u0d42\u0d7c", "place": "suburb", "population_osm": null, "population_osm_date": null, "ele_osm": null, "wikidata": null, "source": "OpenStreetMap (ODbL)"}, "geometry": {"type": "Point", "coordinates": [76.1492135, 11.8628255]}}, {"type": "Feature", "id": 9164546019, "properties": {"id": "osm-node-9164546019", "name": "Kalluvettumthazhe", "name_ml": "\u0d15\u0d32\u0d4d\u0d32\u0d41\u0d35\u0d46\u0d1f\u0d4d\u0d1f\u0d41\u0d02\u0d24\u0d3e\u0d34\u0d46", "place": "village", "population_osm": null, "population_osm_date": null, "ele_osm": null, "wikidata": null, "source": "OpenStreetMap (ODbL)"}, "geometry": {"type": "Point", "coordinates": [76.0188827, 11.7160724]}}, {"type": "Feature", "id": 9187786425, "properties": {"id": "osm-node-9187786425", "name": "Old Vythiri", "name_ml": "\u0d2a\u0d34\u0d2f\u0d35\u0d48\u0d24\u0d4d\u0d24\u0d3f\u0d30\u0d3f", "place": "suburb", "population_osm": null, "population_osm_date": null, "ele_osm": null, "wikidata": null, "source": "OpenStreetMap (ODbL)"}, "geometry": {"type": "Point", "coordinates": [76.0373104, 11.5409268]}}, {"type": "Feature", "id": 9188000201, "properties": {"id": "osm-node-9188000201", "name": "Mavilamthodu", "name_ml": "\u0d2e\u0d3e\u0d35\u0d3f\u0d32\u0d3e\u0d02\u0d24\u0d4b\u0d1f\u0d4d", "place": "village", "population_osm": null, "population_osm_date": null, "ele_osm": null, "wikidata": null, "source": "OpenStreetMap (ODbL)"}, "geometry": {"type": "Point", "coordinates": [76.21616, 11.8181142]}}, {"type": "Feature", "id": 9188016663, "properties": {"id": "osm-node-9188016663", "name": "Kappiset", "name_ml": "\u0d15\u0d3e\u0d2a\u0d4d\u0d2a\u0d3f\u0d38\u0d46\u0d31\u0d4d\u0d31\u0d4d", "place": "village", "population_osm": null, "population_osm_date": null, "ele_osm": null, "wikidata": null, "source": "OpenStreetMap (ODbL)"}, "geometry": {"type": "Point", "coordinates": [76.2059502, 11.8029156]}}, {"type": "Feature", "id": 9216540747, "properties": {"id": "osm-node-9216540747", "name": "Puzhamkuni Tribal Colony, Vazhavatta", "name_ml": null, "place": "neighbourhood", "population_osm": null, "population_osm_date": null, "ele_osm": null, "wikidata": null, "source": "OpenStreetMap (ODbL)"}, "geometry": {"type": "Point", "coordinates": [76.1605714, 11.6361749]}}, {"type": "Feature", "id": 9216569901, "properties": {"id": "osm-node-9216569901", "name": "Kallupadi Kuruma Colony, Kallupadi", "name_ml": null, "place": "neighbourhood", "population_osm": null, "population_osm_date": null, "ele_osm": null, "wikidata": null, "source": "OpenStreetMap (ODbL)"}, "geometry": {"type": "Point", "coordinates": [76.1521653, 11.6296408]}}, {"type": "Feature", "id": 9216828568, "properties": {"id": "osm-node-9216828568", "name": "Vazhavatta Kuruma Colony", "name_ml": null, "place": "neighbourhood", "population_osm": null, "population_osm_date": null, "ele_osm": null, "wikidata": null, "source": "OpenStreetMap (ODbL)"}, "geometry": {"type": "Point", "coordinates": [76.15627, 11.6216564]}}, {"type": "Feature", "id": 9224694704, "properties": {"id": "osm-node-9224694704", "name": "Aavilatt Tribal Colony, Karingannikunn", "name_ml": null, "place": "neighbourhood", "population_osm": null, "population_osm_date": null, "ele_osm": null, "wikidata": null, "source": "OpenStreetMap (ODbL)"}, "geometry": {"type": "Point", "coordinates": [76.1440015, 11.6221284]}}, {"type": "Feature", "id": 9224856363, "properties": {"id": "osm-node-9224856363", "name": "4 cent Colony, Karingannikunn", "name_ml": null, "place": "neighbourhood", "population_osm": null, "population_osm_date": null, "ele_osm": null, "wikidata": null, "source": "OpenStreetMap (ODbL)"}, "geometry": {"type": "Point", "coordinates": [76.1367771, 11.6285536]}}, {"type": "Feature", "id": 9224921608, "properties": {"id": "osm-node-9224921608", "name": "Pannikuzhi Kuruma Colony", "name_ml": null, "place": "neighbourhood", "population_osm": null, "population_osm_date": null, "ele_osm": null, "wikidata": null, "source": "OpenStreetMap (ODbL)"}, "geometry": {"type": "Point", "coordinates": [76.1330644, 11.6286446]}}, {"type": "Feature", "id": 9224961197, "properties": {"id": "osm-node-9224961197", "name": "Alakunn Colony, Karinganikunn", "name_ml": null, "place": "neighbourhood", "population_osm": null, "population_osm_date": null, "ele_osm": null, "wikidata": null, "source": "OpenStreetMap (ODbL)"}, "geometry": {"type": "Point", "coordinates": [76.1442422, 11.6257214]}}, {"type": "Feature", "id": 9225071478, "properties": {"id": "osm-node-9225071478", "name": "Kudalmoola Colony, Kolavayal", "name_ml": null, "place": "neighbourhood", "population_osm": null, "population_osm_date": null, "ele_osm": null, "wikidata": null, "source": "OpenStreetMap (ODbL)"}, "geometry": {"type": "Point", "coordinates": [76.1170173, 11.6635566]}}, {"type": "Feature", "id": 9225072853, "properties": {"id": "osm-node-9225072853", "name": "Tazhe Kozhimoola Tribal Colony, Kolavayal", "name_ml": null, "place": "neighbourhood", "population_osm": null, "population_osm_date": null, "ele_osm": null, "wikidata": null, "source": "OpenStreetMap (ODbL)"}, "geometry": {"type": "Point", "coordinates": [76.1162541, 11.6641311]}}, {"type": "Feature", "id": 9225155077, "properties": {"id": "osm-node-9225155077", "name": "Thazhe Njanummal Colony, Kolavayal", "name_ml": null, "place": "neighbourhood", "population_osm": null, "population_osm_date": null, "ele_osm": null, "wikidata": null, "source": "OpenStreetMap (ODbL)"}, "geometry": {"type": "Point", "coordinates": [76.1144087, 11.6558579]}}, {"type": "Feature", "id": 9266034656, "properties": {"id": "osm-node-9266034656", "name": "Makkottukunnu Colony", "name_ml": null, "place": "neighbourhood", "population_osm": null, "population_osm_date": null, "ele_osm": null, "wikidata": null, "source": "OpenStreetMap (ODbL)"}, "geometry": {"type": "Point", "coordinates": [75.997245, 11.6974915]}}, {"type": "Feature", "id": 9269214662, "properties": {"id": "osm-node-9269214662", "name": "Kallumottakkunnu Colony", "name_ml": null, "place": "neighbourhood", "population_osm": null, "population_osm_date": null, "ele_osm": null, "wikidata": null, "source": "OpenStreetMap (ODbL)"}, "geometry": {"type": "Point", "coordinates": [76.0194165, 11.7230599]}}, {"type": "Feature", "id": 9269243897, "properties": {"id": "osm-node-9269243897", "name": "Colony, Mundakkutti", "name_ml": null, "place": "neighbourhood", "population_osm": null, "population_osm_date": null, "ele_osm": null, "wikidata": null, "source": "OpenStreetMap (ODbL)"}, "geometry": {"type": "Point", "coordinates": [76.0080697, 11.7064863]}}, {"type": "Feature", "id": 9269265071, "properties": {"id": "osm-node-9269265071", "name": "Kakkana Kunnu Colony", "name_ml": null, "place": "neighbourhood", "population_osm": null, "population_osm_date": null, "ele_osm": null, "wikidata": null, "source": "OpenStreetMap (ODbL)"}, "geometry": {"type": "Point", "coordinates": [76.0114749, 11.6898652]}}, {"type": "Feature", "id": 9269725946, "properties": {"id": "osm-node-9269725946", "name": "Edakkunath Colony", "name_ml": null, "place": "neighbourhood", "population_osm": null, "population_osm_date": null, "ele_osm": null, "wikidata": null, "source": "OpenStreetMap (ODbL)"}, "geometry": {"type": "Point", "coordinates": [76.0263014, 11.6923846]}}, {"type": "Feature", "id": 9269725976, "properties": {"id": "osm-node-9269725976", "name": "Chalikkara Kunnathu Colony", "name_ml": null, "place": "neighbourhood", "population_osm": null, "population_osm_date": null, "ele_osm": null, "wikidata": null, "source": "OpenStreetMap (ODbL)"}, "geometry": {"type": "Point", "coordinates": [76.0021477, 11.6891129]}}, {"type": "Feature", "id": 9269743827, "properties": {"id": "osm-node-9269743827", "name": "Pookiloodu Kunnu Colony", "name_ml": null, "place": "neighbourhood", "population_osm": null, "population_osm_date": null, "ele_osm": null, "wikidata": null, "source": "OpenStreetMap (ODbL)"}, "geometry": {"type": "Point", "coordinates": [76.019238, 11.6953316]}}, {"type": "Feature", "id": 9269751506, "properties": {"id": "osm-node-9269751506", "name": "Puthenpura Colony", "name_ml": null, "place": "neighbourhood", "population_osm": null, "population_osm_date": null, "ele_osm": null, "wikidata": null, "source": "OpenStreetMap (ODbL)"}, "geometry": {"type": "Point", "coordinates": [76.0242911, 11.6948393]}}, {"type": "Feature", "id": 9269766642, "properties": {"id": "osm-node-9269766642", "name": "Kallu Vettum Ambedkar Colony", "name_ml": null, "place": "neighbourhood", "population_osm": null, "population_osm_date": null, "ele_osm": null, "wikidata": null, "source": "OpenStreetMap (ODbL)"}, "geometry": {"type": "Point", "coordinates": [76.0176418, 11.7136814]}}, {"type": "Feature", "id": 9269770127, "properties": {"id": "osm-node-9269770127", "name": "Chaanalath Colony", "name_ml": null, "place": "neighbourhood", "population_osm": null, "population_osm_date": null, "ele_osm": null, "wikidata": null, "source": "OpenStreetMap (ODbL)"}, "geometry": {"type": "Point", "coordinates": [75.9985375, 11.688882]}}, {"type": "Feature", "id": 9269784142, "properties": {"id": "osm-node-9269784142", "name": "Chooralmoola Scheduled Tribe Colony", "name_ml": null, "place": "neighbourhood", "population_osm": null, "population_osm_date": null, "ele_osm": null, "wikidata": null, "source": "OpenStreetMap (ODbL)"}, "geometry": {"type": "Point", "coordinates": [76.0038039, 11.6838944]}}, {"type": "Feature", "id": 9269792820, "properties": {"id": "osm-node-9269792820", "name": "Vengaleri Kunnu Colony", "name_ml": null, "place": "neighbourhood", "population_osm": null, "population_osm_date": null, "ele_osm": null, "wikidata": null, "source": "OpenStreetMap (ODbL)"}, "geometry": {"type": "Point", "coordinates": [76.0054742, 11.6826778]}}, {"type": "Feature", "id": 9269796088, "properties": {"id": "osm-node-9269796088", "name": "Athikkal Colony", "name_ml": null, "place": "neighbourhood", "population_osm": null, "population_osm_date": null, "ele_osm": null, "wikidata": null, "source": "OpenStreetMap (ODbL)"}, "geometry": {"type": "Point", "coordinates": [76.0002648, 11.6792624]}}, {"type": "Feature", "id": 9270986133, "properties": {"id": "osm-node-9270986133", "name": "Allikkal Muttam Colony", "name_ml": null, "place": "neighbourhood", "population_osm": null, "population_osm_date": null, "ele_osm": null, "wikidata": null, "source": "OpenStreetMap (ODbL)"}, "geometry": {"type": "Point", "coordinates": [75.9997081, 11.6813427]}}, {"type": "Feature", "id": 9271080774, "properties": {"id": "osm-node-9271080774", "name": "Eranjalikunnu Colony", "name_ml": null, "place": "neighbourhood", "population_osm": null, "population_osm_date": null, "ele_osm": null, "wikidata": null, "source": "OpenStreetMap (ODbL)"}, "geometry": {"type": "Point", "coordinates": [75.9955441, 11.6796283]}}, {"type": "Feature", "id": 9271102134, "properties": {"id": "osm-node-9271102134", "name": "Kunnathukara Colony", "name_ml": null, "place": "neighbourhood", "population_osm": null, "population_osm_date": null, "ele_osm": null, "wikidata": null, "source": "OpenStreetMap (ODbL)"}, "geometry": {"type": "Point", "coordinates": [75.9957769, 11.6813012]}}, {"type": "Feature", "id": 9271790590, "properties": {"id": "osm-node-9271790590", "name": "Thirumangalam Colony", "name_ml": null, "place": "neighbourhood", "population_osm": null, "population_osm_date": null, "ele_osm": null, "wikidata": null, "source": "OpenStreetMap (ODbL)"}, "geometry": {"type": "Point", "coordinates": [75.9867533, 11.6793701]}}, {"type": "Feature", "id": 9271861850, "properties": {"id": "osm-node-9271861850", "name": "Keyattukunnu Colony", "name_ml": null, "place": "neighbourhood", "population_osm": null, "population_osm_date": null, "ele_osm": null, "wikidata": null, "source": "OpenStreetMap (ODbL)"}, "geometry": {"type": "Point", "coordinates": [75.9808494, 11.6874334]}}, {"type": "Feature", "id": 9271908698, "properties": {"id": "osm-node-9271908698", "name": "Anappara Colony", "name_ml": "\u0d06\u0d28\u0d2a\u0d4d\u0d2a\u0d3e\u0d31\u0d15\u0d4b\u0d33\u0d28\u0d3f", "place": "neighbourhood", "population_osm": null, "population_osm_date": null, "ele_osm": null, "wikidata": null, "source": "OpenStreetMap (ODbL)"}, "geometry": {"type": "Point", "coordinates": [75.9849982, 11.6875784]}}, {"type": "Feature", "id": 9271914145, "properties": {"id": "osm-node-9271914145", "name": "Nellikunnu Allikunnu Colony", "name_ml": null, "place": "neighbourhood", "population_osm": null, "population_osm_date": null, "ele_osm": null, "wikidata": null, "source": "OpenStreetMap (ODbL)"}, "geometry": {"type": "Point", "coordinates": [75.9861864, 11.6863959]}}, {"type": "Feature", "id": 9271914886, "properties": {"id": "osm-node-9271914886", "name": "Kallumottakunnu Colony", "name_ml": null, "place": "neighbourhood", "population_osm": null, "population_osm_date": null, "ele_osm": null, "wikidata": null, "source": "OpenStreetMap (ODbL)"}, "geometry": {"type": "Point", "coordinates": [75.9807648, 11.694115]}}, {"type": "Feature", "id": 9271935352, "properties": {"id": "osm-node-9271935352", "name": "Kodumchoola Colony", "name_ml": null, "place": "neighbourhood", "population_osm": null, "population_osm_date": null, "ele_osm": null, "wikidata": null, "source": "OpenStreetMap (ODbL)"}, "geometry": {"type": "Point", "coordinates": [75.9808996, 11.6932474]}}, {"type": "Feature", "id": 9271960708, "properties": {"id": "osm-node-9271960708", "name": "Vengakoli Colony", "name_ml": null, "place": "neighbourhood", "population_osm": null, "population_osm_date": null, "ele_osm": null, "wikidata": null, "source": "OpenStreetMap (ODbL)"}, "geometry": {"type": "Point", "coordinates": [75.9814816, 11.6935731]}}, {"type": "Feature", "id": 9271961658, "properties": {"id": "osm-node-9271961658", "name": "Maakkuni Colony", "name_ml": null, "place": "neighbourhood", "population_osm": null, "population_osm_date": null, "ele_osm": null, "wikidata": null, "source": "OpenStreetMap (ODbL)"}, "geometry": {"type": "Point", "coordinates": [75.9811731, 11.6936597]}}, {"type": "Feature", "id": 9272043988, "properties": {"id": "osm-node-9272043988", "name": "Chelliyoottukunnu Colony", "name_ml": null, "place": "neighbourhood", "population_osm": null, "population_osm_date": null, "ele_osm": null, "wikidata": null, "source": "OpenStreetMap (ODbL)"}, "geometry": {"type": "Point", "coordinates": [75.9752829, 11.6630466]}}, {"type": "Feature", "id": 9272049413, "properties": {"id": "osm-node-9272049413", "name": "Koottalakunnu Colony", "name_ml": null, "place": "neighbourhood", "population_osm": null, "population_osm_date": null, "ele_osm": null, "wikidata": null, "source": "OpenStreetMap (ODbL)"}, "geometry": {"type": "Point", "coordinates": [75.9661203, 11.6736877]}}, {"type": "Feature", "id": 9272049659, "properties": {"id": "osm-node-9272049659", "name": "Thenamattil Colony", "name_ml": null, "place": "neighbourhood", "population_osm": null, "population_osm_date": null, "ele_osm": null, "wikidata": null, "source": "OpenStreetMap (ODbL)"}, "geometry": {"type": "Point", "coordinates": [75.9726183, 11.6640249]}}, {"type": "Feature", "id": 9272080248, "properties": {"id": "osm-node-9272080248", "name": "Choorakandi Colony", "name_ml": null, "place": "neighbourhood", "population_osm": null, "population_osm_date": null, "ele_osm": null, "wikidata": null, "source": "OpenStreetMap (ODbL)"}, "geometry": {"type": "Point", "coordinates": [75.9803663, 11.6703297]}}, {"type": "Feature", "id": 9272103387, "properties": {"id": "osm-node-9272103387", "name": "Ootiyoodukunnu Colony", "name_ml": null, "place": "neighbourhood", "population_osm": null, "population_osm_date": null, "ele_osm": null, "wikidata": null, "source": "OpenStreetMap (ODbL)"}, "geometry": {"type": "Point", "coordinates": [75.9795276, 11.664368]}}, {"type": "Feature", "id": 9272108433, "properties": {"id": "osm-node-9272108433", "name": "Puthanmittam Scheduled Tribe Colony", "name_ml": null, "place": "neighbourhood", "population_osm": null, "population_osm_date": null, "ele_osm": null, "wikidata": null, "source": "OpenStreetMap (ODbL)"}, "geometry": {"type": "Point", "coordinates": [75.996612, 11.6789288]}}, {"type": "Feature", "id": 9298878913, "properties": {"id": "osm-node-9298878913", "name": "Cherankolly Colony", "name_ml": null, "place": "neighbourhood", "population_osm": null, "population_osm_date": null, "ele_osm": null, "wikidata": null, "source": "OpenStreetMap (ODbL)"}, "geometry": {"type": "Point", "coordinates": [75.977146, 11.6886907]}}, {"type": "Feature", "id": 9299131899, "properties": {"id": "osm-node-9299131899", "name": "Cheerapoyil Colony", "name_ml": null, "place": "neighbourhood", "population_osm": null, "population_osm_date": null, "ele_osm": null, "wikidata": null, "source": "OpenStreetMap (ODbL)"}, "geometry": {"type": "Point", "coordinates": [75.9432903, 11.6806204]}}, {"type": "Feature", "id": 9299131900, "properties": {"id": "osm-node-9299131900", "name": "Bathana Mala Ambedkar Colony", "name_ml": null, "place": "neighbourhood", "population_osm": null, "population_osm_date": null, "ele_osm": null, "wikidata": null, "source": "OpenStreetMap (ODbL)"}, "geometry": {"type": "Point", "coordinates": [75.9405783, 11.6811212]}}, {"type": "Feature", "id": 9299195783, "properties": {"id": "osm-node-9299195783", "name": "Cheliyankunnu Colony", "name_ml": null, "place": "neighbourhood", "population_osm": null, "population_osm_date": null, "ele_osm": null, "wikidata": null, "source": "OpenStreetMap (ODbL)"}, "geometry": {"type": "Point", "coordinates": [75.9525304, 11.685834]}}, {"type": "Feature", "id": 9299236324, "properties": {"id": "osm-node-9299236324", "name": "Arikkalam Colony", "name_ml": null, "place": "neighbourhood", "population_osm": null, "population_osm_date": null, "ele_osm": null, "wikidata": null, "source": "OpenStreetMap (ODbL)"}, "geometry": {"type": "Point", "coordinates": [75.9580811, 11.6793502]}}, {"type": "Feature", "id": 9299281827, "properties": {"id": "osm-node-9299281827", "name": "Peringaattukunnu Colony", "name_ml": null, "place": "neighbourhood", "population_osm": null, "population_osm_date": null, "ele_osm": null, "wikidata": null, "source": "OpenStreetMap (ODbL)"}, "geometry": {"type": "Point", "coordinates": [75.9607151, 11.6797276]}}, {"type": "Feature", "id": 9299508255, "properties": {"id": "osm-node-9299508255", "name": "Cheerapoyil Colony", "name_ml": null, "place": "neighbourhood", "population_osm": null, "population_osm_date": null, "ele_osm": null, "wikidata": null, "source": "OpenStreetMap (ODbL)"}, "geometry": {"type": "Point", "coordinates": [75.9557633, 11.6729979]}}, {"type": "Feature", "id": 9299571515, "properties": {"id": "osm-node-9299571515", "name": "Chekkotu Colony", "name_ml": null, "place": "neighbourhood", "population_osm": null, "population_osm_date": null, "ele_osm": null, "wikidata": null, "source": "OpenStreetMap (ODbL)"}, "geometry": {"type": "Point", "coordinates": [75.9652112, 11.6745756]}}, {"type": "Feature", "id": 9300333597, "properties": {"id": "osm-node-9300333597", "name": "Maadathumpara Colony", "name_ml": null, "place": "neighbourhood", "population_osm": null, "population_osm_date": null, "ele_osm": null, "wikidata": null, "source": "OpenStreetMap (ODbL)"}, "geometry": {"type": "Point", "coordinates": [75.9644027, 11.6774432]}}, {"type": "Feature", "id": 9300344816, "properties": {"id": "osm-node-9300344816", "name": "Karayachal Colony", "name_ml": null, "place": "neighbourhood", "population_osm": null, "population_osm_date": null, "ele_osm": null, "wikidata": null, "source": "OpenStreetMap (ODbL)"}, "geometry": {"type": "Point", "coordinates": [75.9387527, 11.6642071]}}, {"type": "Feature", "id": 9300353894, "properties": {"id": "osm-node-9300353894", "name": "Kuvalathode Colony", "name_ml": null, "place": "neighbourhood", "population_osm": null, "population_osm_date": null, "ele_osm": null, "wikidata": null, "source": "OpenStreetMap (ODbL)"}, "geometry": {"type": "Point", "coordinates": [75.9623426, 11.6771724]}}, {"type": "Feature", "id": 9300365840, "properties": {"id": "osm-node-9300365840", "name": "Edayattukkunnu Colony", "name_ml": null, "place": "neighbourhood", "population_osm": null, "population_osm_date": null, "ele_osm": null, "wikidata": null, "source": "OpenStreetMap (ODbL)"}, "geometry": {"type": "Point", "coordinates": [75.9432827, 11.6579841]}}, {"type": "Feature", "id": 9301876778, "properties": {"id": "osm-node-9301876778", "name": "Vengakolli Colony", "name_ml": null, "place": "neighbourhood", "population_osm": null, "population_osm_date": null, "ele_osm": null, "wikidata": null, "source": "OpenStreetMap (ODbL)"}, "geometry": {"type": "Point", "coordinates": [75.9708344, 11.6975541]}}, {"type": "Feature", "id": 9301888759, "properties": {"id": "osm-node-9301888759", "name": "Punchavayal Colony", "name_ml": null, "place": "neighbourhood", "population_osm": null, "population_osm_date": null, "ele_osm": null, "wikidata": null, "source": "OpenStreetMap (ODbL)"}, "geometry": {"type": "Point", "coordinates": [75.964174, 11.6930309]}}, {"type": "Feature", "id": 9301895683, "properties": {"id": "osm-node-9301895683", "name": "Madakkan Kunni Colony", "name_ml": null, "place": "neighbourhood", "population_osm": null, "population_osm_date": null, "ele_osm": null, "wikidata": null, "source": "OpenStreetMap (ODbL)"}, "geometry": {"type": "Point", "coordinates": [75.9693801, 11.6998636]}}, {"type": "Feature", "id": 9301902225, "properties": {"id": "osm-node-9301902225", "name": "Pilathoottam Colony", "name_ml": null, "place": "neighbourhood", "population_osm": null, "population_osm_date": null, "ele_osm": null, "wikidata": null, "source": "OpenStreetMap (ODbL)"}, "geometry": {"type": "Point", "coordinates": [75.9713637, 11.6925608]}}, {"type": "Feature", "id": 9301903658, "properties": {"id": "osm-node-9301903658", "name": "Kodumchoola Colony", "name_ml": null, "place": "neighbourhood", "population_osm": null, "population_osm_date": null, "ele_osm": null, "wikidata": null, "source": "OpenStreetMap (ODbL)"}, "geometry": {"type": "Point", "coordinates": [75.9759657, 11.6909029]}}, {"type": "Feature", "id": 9301906337, "properties": {"id": "osm-node-9301906337", "name": "Chemmpaka Moola Colony", "name_ml": null, "place": "neighbourhood", "population_osm": null, "population_osm_date": null, "ele_osm": null, "wikidata": null, "source": "OpenStreetMap (ODbL)"}, "geometry": {"type": "Point", "coordinates": [75.9702764, 11.6984147]}}, {"type": "Feature", "id": 9301912914, "properties": {"id": "osm-node-9301912914", "name": "Chundankandi Colony", "name_ml": null, "place": "neighbourhood", "population_osm": null, "population_osm_date": null, "ele_osm": null, "wikidata": null, "source": "OpenStreetMap (ODbL)"}, "geometry": {"type": "Point", "coordinates": [75.9817595, 11.6995912]}}, {"type": "Feature", "id": 9301923294, "properties": {"id": "osm-node-9301923294", "name": "Moottamal Colony", "name_ml": null, "place": "neighbourhood", "population_osm": null, "population_osm_date": null, "ele_osm": null, "wikidata": null, "source": "OpenStreetMap (ODbL)"}, "geometry": {"type": "Point", "coordinates": [75.982906, 11.6944332]}}, {"type": "Feature", "id": 9301929982, "properties": {"id": "osm-node-9301929982", "name": "Ukkini Colony", "name_ml": null, "place": "neighbourhood", "population_osm": null, "population_osm_date": null, "ele_osm": null, "wikidata": null, "source": "OpenStreetMap (ODbL)"}, "geometry": {"type": "Point", "coordinates": [75.9872991, 11.6995288]}}, {"type": "Feature", "id": 9301931393, "properties": {"id": "osm-node-9301931393", "name": "Karanashery Colony", "name_ml": null, "place": "neighbourhood", "population_osm": null, "population_osm_date": null, "ele_osm": null, "wikidata": null, "source": "OpenStreetMap (ODbL)"}, "geometry": {"type": "Point", "coordinates": [75.9855528, 11.6995485]}}, {"type": "Feature", "id": 9301934654, "properties": {"id": "osm-node-9301934654", "name": "Poolakuzhi Colony", "name_ml": null, "place": "neighbourhood", "population_osm": null, "population_osm_date": null, "ele_osm": null, "wikidata": null, "source": "OpenStreetMap (ODbL)"}, "geometry": {"type": "Point", "coordinates": [75.9875102, 11.7016865]}}, {"type": "Feature", "id": 9301936372, "properties": {"id": "osm-node-9301936372", "name": "Kallumottammal Colony", "name_ml": null, "place": "neighbourhood", "population_osm": null, "population_osm_date": null, "ele_osm": null, "wikidata": null, "source": "OpenStreetMap (ODbL)"}, "geometry": {"type": "Point", "coordinates": [75.9868301, 11.6924374]}}, {"type": "Feature", "id": 9301936373, "properties": {"id": "osm-node-9301936373", "name": "Puthukkodukkunnu Colony", "name_ml": null, "place": "neighbourhood", "population_osm": null, "population_osm_date": null, "ele_osm": null, "wikidata": null, "source": "OpenStreetMap (ODbL)"}, "geometry": {"type": "Point", "coordinates": [75.9893833, 11.6960287]}}, {"type": "Feature", "id": 9301941402, "properties": {"id": "osm-node-9301941402", "name": "Puthanmuttam Colony", "name_ml": null, "place": "neighbourhood", "population_osm": null, "population_osm_date": null, "ele_osm": null, "wikidata": null, "source": "OpenStreetMap (ODbL)"}, "geometry": {"type": "Point", "coordinates": [75.9803043, 11.6977288]}}, {"type": "Feature", "id": 9301947812, "properties": {"id": "osm-node-9301947812", "name": "Puthusserry Kunnu Colony", "name_ml": "\u0d2a\u0d41\u0d24\u0d41\u0d36\u0d4d\u0d36\u0d47\u0d30\u0d3f \u0d15\u0d41\u0d28\u0d4d\u0d28\u0d4d", "place": "neighbourhood", "population_osm": null, "population_osm_date": null, "ele_osm": null, "wikidata": null, "source": "OpenStreetMap (ODbL)"}, "geometry": {"type": "Point", "coordinates": [75.9890852, 11.7017149]}}, {"type": "Feature", "id": 9331060132, "properties": {"id": "osm-node-9331060132", "name": "Pinangode", "name_ml": "\u0d2a\u0d3f\u0d23\u0d19\u0d4d\u0d19\u0d4b\u0d1f\u0d4d", "place": "village", "population_osm": null, "population_osm_date": null, "ele_osm": null, "wikidata": null, "source": "OpenStreetMap (ODbL)"}, "geometry": {"type": "Point", "coordinates": [76.0295278, 11.6187238]}}, {"type": "Feature", "id": 9389672959, "properties": {"id": "osm-node-9389672959", "name": "Colony", "name_ml": null, "place": "neighbourhood", "population_osm": null, "population_osm_date": null, "ele_osm": null, "wikidata": null, "source": "OpenStreetMap (ODbL)"}, "geometry": {"type": "Point", "coordinates": [76.1564596, 11.5752869]}}, {"type": "Feature", "id": 9389685006, "properties": {"id": "osm-node-9389685006", "name": "Colony", "name_ml": null, "place": "neighbourhood", "population_osm": null, "population_osm_date": null, "ele_osm": null, "wikidata": null, "source": "OpenStreetMap (ODbL)"}, "geometry": {"type": "Point", "coordinates": [76.1491671, 11.563435]}}, {"type": "Feature", "id": 9389690415, "properties": {"id": "osm-node-9389690415", "name": "Colony", "name_ml": null, "place": "neighbourhood", "population_osm": null, "population_osm_date": null, "ele_osm": null, "wikidata": null, "source": "OpenStreetMap (ODbL)"}, "geometry": {"type": "Point", "coordinates": [76.1611821, 11.5354705]}}, {"type": "Feature", "id": 9389817359, "properties": {"id": "osm-node-9389817359", "name": "Colony", "name_ml": null, "place": "neighbourhood", "population_osm": null, "population_osm_date": null, "ele_osm": null, "wikidata": null, "source": "OpenStreetMap (ODbL)"}, "geometry": {"type": "Point", "coordinates": [76.1704916, 11.5799542]}}, {"type": "Feature", "id": 9389817360, "properties": {"id": "osm-node-9389817360", "name": "Kottoor", "name_ml": "\u0d15\u0d4b\u0d1f\u0d4d\u0d1f\u0d42\u0d7c", "place": "village", "population_osm": null, "population_osm_date": null, "ele_osm": null, "wikidata": null, "source": "OpenStreetMap (ODbL)"}, "geometry": {"type": "Point", "coordinates": [76.2339013, 11.5658556]}}, {"type": "Feature", "id": 9389817586, "properties": {"id": "osm-node-9389817586", "name": "Colony", "name_ml": null, "place": "neighbourhood", "population_osm": null, "population_osm_date": null, "ele_osm": null, "wikidata": null, "source": "OpenStreetMap (ODbL)"}, "geometry": {"type": "Point", "coordinates": [76.1711118, 11.553854]}}, {"type": "Feature", "id": 9389869024, "properties": {"id": "osm-node-9389869024", "name": "Colony", "name_ml": null, "place": "neighbourhood", "population_osm": null, "population_osm_date": null, "ele_osm": null, "wikidata": null, "source": "OpenStreetMap (ODbL)"}, "geometry": {"type": "Point", "coordinates": [76.182096, 11.5552646]}}, {"type": "Feature", "id": 9390027245, "properties": {"id": "osm-node-9390027245", "name": "Colony", "name_ml": null, "place": "neighbourhood", "population_osm": null, "population_osm_date": null, "ele_osm": null, "wikidata": null, "source": "OpenStreetMap (ODbL)"}, "geometry": {"type": "Point", "coordinates": [76.2248517, 11.5505891]}}, {"type": "Feature", "id": 9390259266, "properties": {"id": "osm-node-9390259266", "name": "Colony", "name_ml": null, "place": "neighbourhood", "population_osm": null, "population_osm_date": null, "ele_osm": null, "wikidata": null, "source": "OpenStreetMap (ODbL)"}, "geometry": {"type": "Point", "coordinates": [76.216339, 11.5494254]}}, {"type": "Feature", "id": 9390326135, "properties": {"id": "osm-node-9390326135", "name": "Colony", "name_ml": null, "place": "neighbourhood", "population_osm": null, "population_osm_date": null, "ele_osm": null, "wikidata": null, "source": "OpenStreetMap (ODbL)"}, "geometry": {"type": "Point", "coordinates": [76.1853948, 11.5294219]}}, {"type": "Feature", "id": 9468959673, "properties": {"id": "osm-node-9468959673", "name": "Nedumbalakkunnu Colony", "name_ml": null, "place": "neighbourhood", "population_osm": null, "population_osm_date": null, "ele_osm": null, "wikidata": null, "source": "OpenStreetMap (ODbL)"}, "geometry": {"type": "Point", "coordinates": [76.0303512, 11.7609379]}}, {"type": "Feature", "id": 9468959674, "properties": {"id": "osm-node-9468959674", "name": "Othayoth Colony", "name_ml": null, "place": "neighbourhood", "population_osm": null, "population_osm_date": null, "ele_osm": null, "wikidata": null, "source": "OpenStreetMap (ODbL)"}, "geometry": {"type": "Point", "coordinates": [76.0300673, 11.7598607]}}, {"type": "Feature", "id": 9468959675, "properties": {"id": "osm-node-9468959675", "name": "Korlottu Colony", "name_ml": null, "place": "neighbourhood", "population_osm": null, "population_osm_date": null, "ele_osm": null, "wikidata": null, "source": "OpenStreetMap (ODbL)"}, "geometry": {"type": "Point", "coordinates": [76.032094, 11.7628811]}}, {"type": "Feature", "id": 9468959676, "properties": {"id": "osm-node-9468959676", "name": "Attachira Colony", "name_ml": null, "place": "neighbourhood", "population_osm": null, "population_osm_date": null, "ele_osm": null, "wikidata": null, "source": "OpenStreetMap (ODbL)"}, "geometry": {"type": "Point", "coordinates": [76.0348151, 11.7579286]}}, {"type": "Feature", "id": 9468959677, "properties": {"id": "osm-node-9468959677", "name": "Kuvvamoolakkunnu Colony", "name_ml": null, "place": "neighbourhood", "population_osm": null, "population_osm_date": null, "ele_osm": null, "wikidata": null, "source": "OpenStreetMap (ODbL)"}, "geometry": {"type": "Point", "coordinates": [76.0493758, 11.7575545]}}, {"type": "Feature", "id": 9468959678, "properties": {"id": "osm-node-9468959678", "name": "Mathissery Colony", "name_ml": null, "place": "neighbourhood", "population_osm": null, "population_osm_date": null, "ele_osm": null, "wikidata": null, "source": "OpenStreetMap (ODbL)"}, "geometry": {"type": "Point", "coordinates": [76.0525915, 11.757568]}}, {"type": "Feature", "id": 9468959679, "properties": {"id": "osm-node-9468959679", "name": "Kuvvamoola Colony", "name_ml": null, "place": "neighbourhood", "population_osm": null, "population_osm_date": null, "ele_osm": null, "wikidata": null, "source": "OpenStreetMap (ODbL)"}, "geometry": {"type": "Point", "coordinates": [76.0514865, 11.7619267]}}, {"type": "Feature", "id": 9468959680, "properties": {"id": "osm-node-9468959680", "name": "Manikkal Colony", "name_ml": null, "place": "neighbourhood", "population_osm": null, "population_osm_date": null, "ele_osm": null, "wikidata": null, "source": "OpenStreetMap (ODbL)"}, "geometry": {"type": "Point", "coordinates": [76.0488524, 11.7544683]}}, {"type": "Feature", "id": 9468959681, "properties": {"id": "osm-node-9468959681", "name": "Ettil Colony", "name_ml": null, "place": "neighbourhood", "population_osm": null, "population_osm_date": null, "ele_osm": null, "wikidata": null, "source": "OpenStreetMap (ODbL)"}, "geometry": {"type": "Point", "coordinates": [76.0420357, 11.7575531]}}, {"type": "Feature", "id": 9468959682, "properties": {"id": "osm-node-9468959682", "name": "Chikkanam Kunnu Colony", "name_ml": null, "place": "neighbourhood", "population_osm": null, "population_osm_date": null, "ele_osm": null, "wikidata": null, "source": "OpenStreetMap (ODbL)"}, "geometry": {"type": "Point", "coordinates": [76.0552594, 11.7564327]}}, {"type": "Feature", "id": 9468987113, "properties": {"id": "osm-node-9468987113", "name": "KakkamChira Colony", "name_ml": null, "place": "neighbourhood", "population_osm": null, "population_osm_date": null, "ele_osm": null, "wikidata": null, "source": "OpenStreetMap (ODbL)"}, "geometry": {"type": "Point", "coordinates": [76.0503126, 11.7520296]}}, {"type": "Feature", "id": 9468987114, "properties": {"id": "osm-node-9468987114", "name": "Elliyottu Colony", "name_ml": null, "place": "neighbourhood", "population_osm": null, "population_osm_date": null, "ele_osm": null, "wikidata": null, "source": "OpenStreetMap (ODbL)"}, "geometry": {"type": "Point", "coordinates": [76.0435617, 11.7579217]}}, {"type": "Feature", "id": 9468987115, "properties": {"id": "osm-node-9468987115", "name": "Poolakkal Colony", "name_ml": null, "place": "neighbourhood", "population_osm": null, "population_osm_date": null, "ele_osm": null, "wikidata": null, "source": "OpenStreetMap (ODbL)"}, "geometry": {"type": "Point", "coordinates": [76.0555338, 11.7559462]}}, {"type": "Feature", "id": 9468987116, "properties": {"id": "osm-node-9468987116", "name": "Mathissery Kappil Colony", "name_ml": null, "place": "neighbourhood", "population_osm": null, "population_osm_date": null, "ele_osm": null, "wikidata": null, "source": "OpenStreetMap (ODbL)"}, "geometry": {"type": "Point", "coordinates": [76.0502972, 11.7503412]}}, {"type": "Feature", "id": 9468995717, "properties": {"id": "osm-node-9468995717", "name": "Kuvvamoolakkunnu Colony", "name_ml": null, "place": "neighbourhood", "population_osm": null, "population_osm_date": null, "ele_osm": null, "wikidata": null, "source": "OpenStreetMap (ODbL)"}, "geometry": {"type": "Point", "coordinates": [76.0541711, 11.7649229]}}, {"type": "Feature", "id": 9468995718, "properties": {"id": "osm-node-9468995718", "name": "Kartupalli Colony", "name_ml": null, "place": "neighbourhood", "population_osm": null, "population_osm_date": null, "ele_osm": null, "wikidata": null, "source": "OpenStreetMap (ODbL)"}, "geometry": {"type": "Point", "coordinates": [76.0590932, 11.7675025]}}, {"type": "Feature", "id": 9468995719, "properties": {"id": "osm-node-9468995719", "name": "Cherukattur Colony", "name_ml": null, "place": "neighbourhood", "population_osm": null, "population_osm_date": null, "ele_osm": null, "wikidata": null, "source": "OpenStreetMap (ODbL)"}, "geometry": {"type": "Point", "coordinates": [76.0599867, 11.7664001]}}, {"type": "Feature", "id": 9468995720, "properties": {"id": "osm-node-9468995720", "name": "Kulivayal Colony", "name_ml": null, "place": "neighbourhood", "population_osm": null, "population_osm_date": null, "ele_osm": null, "wikidata": null, "source": "OpenStreetMap (ODbL)"}, "geometry": {"type": "Point", "coordinates": [76.0585905, 11.7648138]}}, {"type": "Feature", "id": 9468995721, "properties": {"id": "osm-node-9468995721", "name": "Paimoola Colony", "name_ml": null, "place": "neighbourhood", "population_osm": null, "population_osm_date": null, "ele_osm": null, "wikidata": null, "source": "OpenStreetMap (ODbL)"}, "geometry": {"type": "Point", "coordinates": [76.0571134, 11.7631841]}}, {"type": "Feature", "id": 9468995722, "properties": {"id": "osm-node-9468995722", "name": "Koilery Colony", "name_ml": null, "place": "neighbourhood", "population_osm": null, "population_osm_date": null, "ele_osm": null, "wikidata": null, "source": "OpenStreetMap (ODbL)"}, "geometry": {"type": "Point", "coordinates": [76.0494482, 11.7598482]}}, {"type": "Feature", "id": 9468995724, "properties": {"id": "osm-node-9468995724", "name": "Ambalakkunnu Colony", "name_ml": null, "place": "neighbourhood", "population_osm": null, "population_osm_date": null, "ele_osm": null, "wikidata": null, "source": "OpenStreetMap (ODbL)"}, "geometry": {"type": "Point", "coordinates": [76.0490091, 11.7620638]}}, {"type": "Feature", "id": 9468995725, "properties": {"id": "osm-node-9468995725", "name": "Krishnamola Colony", "name_ml": null, "place": "neighbourhood", "population_osm": null, "population_osm_date": null, "ele_osm": null, "wikidata": null, "source": "OpenStreetMap (ODbL)"}, "geometry": {"type": "Point", "coordinates": [76.0628637, 11.7771358]}}, {"type": "Feature", "id": 9468995726, "properties": {"id": "osm-node-9468995726", "name": "Edathiil Colony", "name_ml": null, "place": "neighbourhood", "population_osm": null, "population_osm_date": null, "ele_osm": null, "wikidata": null, "source": "OpenStreetMap (ODbL)"}, "geometry": {"type": "Point", "coordinates": [76.0622474, 11.7763075]}}, {"type": "Feature", "id": 9468995727, "properties": {"id": "osm-node-9468995727", "name": "Karadiyattu Colony", "name_ml": null, "place": "neighbourhood", "population_osm": null, "population_osm_date": null, "ele_osm": null, "wikidata": null, "source": "OpenStreetMap (ODbL)"}, "geometry": {"type": "Point", "coordinates": [76.0639436, 11.7747354]}}, {"type": "Feature", "id": 9469000817, "properties": {"id": "osm-node-9469000817", "name": "Kudamadipoyil Colony", "name_ml": null, "place": "neighbourhood", "population_osm": null, "population_osm_date": null, "ele_osm": null, "wikidata": null, "source": "OpenStreetMap (ODbL)"}, "geometry": {"type": "Point", "coordinates": [76.0629566, 11.7743468]}}, {"type": "Feature", "id": 9469000818, "properties": {"id": "osm-node-9469000818", "name": "Chandanakkola colony", "name_ml": null, "place": "neighbourhood", "population_osm": null, "population_osm_date": null, "ele_osm": null, "wikidata": null, "source": "OpenStreetMap (ODbL)"}, "geometry": {"type": "Point", "coordinates": [76.0820371, 11.7760844]}}, {"type": "Feature", "id": 9469000819, "properties": {"id": "osm-node-9469000819", "name": "Palarakkunnu Colony", "name_ml": null, "place": "neighbourhood", "population_osm": null, "population_osm_date": null, "ele_osm": null, "wikidata": null, "source": "OpenStreetMap (ODbL)"}, "geometry": {"type": "Point", "coordinates": [76.0825014, 11.7749766]}}, {"type": "Feature", "id": 9469000820, "properties": {"id": "osm-node-9469000820", "name": "Chandankkolli Thazha Colony", "name_ml": null, "place": "neighbourhood", "population_osm": null, "population_osm_date": null, "ele_osm": null, "wikidata": null, "source": "OpenStreetMap (ODbL)"}, "geometry": {"type": "Point", "coordinates": [76.0797113, 11.7743008]}}, {"type": "Feature", "id": 9511160918, "properties": {"id": "osm-node-9511160918", "name": "Mundakai", "name_ml": "\u0d2e\u0d41\u0d23\u0d4d\u0d1f\u0d15\u0d4d\u0d15\u0d48", "place": "village", "population_osm": null, "population_osm_date": null, "ele_osm": null, "wikidata": null, "source": "OpenStreetMap (ODbL)"}, "geometry": {"type": "Point", "coordinates": [76.1557245, 11.486475]}}, {"type": "Feature", "id": 9512700919, "properties": {"id": "osm-node-9512700919", "name": "Moonanakuzhy", "name_ml": "\u0d2e\u0d42\u0d28\u0d4d\u0d28\u0d3e\u0d28\u0d15\u0d4d\u0d15\u0d41\u0d34\u0d3f", "place": "village", "population_osm": null, "population_osm_date": null, "ele_osm": null, "wikidata": null, "source": "OpenStreetMap (ODbL)"}, "geometry": {"type": "Point", "coordinates": [76.1848694, 11.6998691]}}, {"type": "Feature", "id": 10005761950, "properties": {"id": "osm-node-10005761950", "name": "velangodu colony", "name_ml": null, "place": "hamlet", "population_osm": null, "population_osm_date": null, "ele_osm": null, "wikidata": null, "source": "OpenStreetMap (ODbL)"}, "geometry": {"type": "Point", "coordinates": [75.9238214, 11.7649978]}}, {"type": "Feature", "id": 10005761955, "properties": {"id": "osm-node-10005761955", "name": "valeri st colony", "name_ml": null, "place": "hamlet", "population_osm": null, "population_osm_date": null, "ele_osm": null, "wikidata": null, "source": "OpenStreetMap (ODbL)"}, "geometry": {"type": "Point", "coordinates": [75.9308369, 11.7631611]}}, {"type": "Feature", "id": 10019840318, "properties": {"id": "osm-node-10019840318", "name": "inderrykunnu st colony", "name_ml": null, "place": "hamlet", "population_osm": null, "population_osm_date": null, "ele_osm": null, "wikidata": null, "source": "OpenStreetMap (ODbL)"}, "geometry": {"type": "Point", "coordinates": [75.9456443, 11.7482465]}}, {"type": "Feature", "id": 10019840323, "properties": {"id": "osm-node-10019840323", "name": "laksham veedu colony", "name_ml": null, "place": "hamlet", "population_osm": null, "population_osm_date": null, "ele_osm": null, "wikidata": null, "source": "OpenStreetMap (ODbL)"}, "geometry": {"type": "Point", "coordinates": [75.937908, 11.7462198]}}, {"type": "Feature", "id": 10019840324, "properties": {"id": "osm-node-10019840324", "name": "paliyana colony", "name_ml": null, "place": "hamlet", "population_osm": null, "population_osm_date": null, "ele_osm": null, "wikidata": null, "source": "OpenStreetMap (ODbL)"}, "geometry": {"type": "Point", "coordinates": [75.9337805, 11.7430148]}}, {"type": "Feature", "id": 10019840341, "properties": {"id": "osm-node-10019840341", "name": "vatteri  st colony", "name_ml": null, "place": "hamlet", "population_osm": null, "population_osm_date": null, "ele_osm": null, "wikidata": null, "source": "OpenStreetMap (ODbL)"}, "geometry": {"type": "Point", "coordinates": [75.9325332, 11.7537904]}}, {"type": "Feature", "id": 10019840354, "properties": {"id": "osm-node-10019840354", "name": "konniyodu chola colony", "name_ml": null, "place": "hamlet", "population_osm": null, "population_osm_date": null, "ele_osm": null, "wikidata": null, "source": "OpenStreetMap (ODbL)"}, "geometry": {"type": "Point", "coordinates": [75.9135341, 11.749479]}}, {"type": "Feature", "id": 10019840355, "properties": {"id": "osm-node-10019840355", "name": "fitting  st colony", "name_ml": null, "place": "hamlet", "population_osm": null, "population_osm_date": null, "ele_osm": null, "wikidata": null, "source": "OpenStreetMap (ODbL)"}, "geometry": {"type": "Point", "coordinates": [75.9187859, 11.7465891]}}, {"type": "Feature", "id": 10019840360, "properties": {"id": "osm-node-10019840360", "name": "kundarakolly colony", "name_ml": null, "place": "hamlet", "population_osm": null, "population_osm_date": null, "ele_osm": null, "wikidata": null, "source": "OpenStreetMap (ODbL)"}, "geometry": {"type": "Point", "coordinates": [75.9129529, 11.7386246]}}, {"type": "Feature", "id": 10019840361, "properties": {"id": "osm-node-10019840361", "name": "poorinji colony", "name_ml": null, "place": "hamlet", "population_osm": null, "population_osm_date": null, "ele_osm": null, "wikidata": null, "source": "OpenStreetMap (ODbL)"}, "geometry": {"type": "Point", "coordinates": [75.9100909, 11.7377613]}}, {"type": "Feature", "id": 10019840373, "properties": {"id": "osm-node-10019840373", "name": "perinjerimala colony", "name_ml": null, "place": "hamlet", "population_osm": null, "population_osm_date": null, "ele_osm": null, "wikidata": null, "source": "OpenStreetMap (ODbL)"}, "geometry": {"type": "Point", "coordinates": [75.9037747, 11.7270533]}}, {"type": "Feature", "id": 10019840425, "properties": {"id": "osm-node-10019840425", "name": "puthenmittam colony", "name_ml": null, "place": "hamlet", "population_osm": null, "population_osm_date": null, "ele_osm": null, "wikidata": null, "source": "OpenStreetMap (ODbL)"}, "geometry": {"type": "Point", "coordinates": [75.8967684, 11.7474934]}}, {"type": "Feature", "id": 10019840443, "properties": {"id": "osm-node-10019840443", "name": "Kadaingal colony", "name_ml": null, "place": "hamlet", "population_osm": null, "population_osm_date": null, "ele_osm": null, "wikidata": null, "source": "OpenStreetMap (ODbL)"}, "geometry": {"type": "Point", "coordinates": [75.8831965, 11.7419645]}}, {"type": "Feature", "id": 10019840444, "properties": {"id": "osm-node-10019840444", "name": "Avilangadu", "name_ml": null, "place": "hamlet", "population_osm": null, "population_osm_date": null, "ele_osm": null, "wikidata": null, "source": "OpenStreetMap (ODbL)"}, "geometry": {"type": "Point", "coordinates": [75.8855805, 11.7399454]}}, {"type": "Feature", "id": 10019840463, "properties": {"id": "osm-node-10019840463", "name": "paleri st colony  1", "name_ml": null, "place": "hamlet", "population_osm": null, "population_osm_date": null, "ele_osm": null, "wikidata": null, "source": "OpenStreetMap (ODbL)"}, "geometry": {"type": "Point", "coordinates": [75.8838172, 11.7541964]}}, {"type": "Feature", "id": 10019840464, "properties": {"id": "osm-node-10019840464", "name": "paleri st colony 2", "name_ml": null, "place": "hamlet", "population_osm": null, "population_osm_date": null, "ele_osm": null, "wikidata": null, "source": "OpenStreetMap (ODbL)"}, "geometry": {"type": "Point", "coordinates": [75.883625, 11.7551201]}}, {"type": "Feature", "id": 10019840470, "properties": {"id": "osm-node-10019840470", "name": "areekara", "name_ml": null, "place": "hamlet", "population_osm": null, "population_osm_date": null, "ele_osm": null, "wikidata": null, "source": "OpenStreetMap (ODbL)"}, "geometry": {"type": "Point", "coordinates": [75.8808287, 11.759662]}}, {"type": "Feature", "id": 10019840471, "properties": {"id": "osm-node-10019840471", "name": "pookkoottu kadav", "name_ml": null, "place": "hamlet", "population_osm": null, "population_osm_date": null, "ele_osm": null, "wikidata": null, "source": "OpenStreetMap (ODbL)"}, "geometry": {"type": "Point", "coordinates": [75.8795159, 11.7604864]}}, {"type": "Feature", "id": 10023931806, "properties": {"id": "osm-node-10023931806", "name": "Mullukunny ST colony", "name_ml": null, "place": "hamlet", "population_osm": null, "population_osm_date": null, "ele_osm": null, "wikidata": null, "source": "OpenStreetMap (ODbL)"}, "geometry": {"type": "Point", "coordinates": [75.9144162, 11.7749671]}}, {"type": "Feature", "id": 10023931807, "properties": {"id": "osm-node-10023931807", "name": "alakkal  colony", "name_ml": null, "place": "hamlet", "population_osm": null, "population_osm_date": null, "ele_osm": null, "wikidata": null, "source": "OpenStreetMap (ODbL)"}, "geometry": {"type": "Point", "coordinates": [75.9076106, 11.779499]}}, {"type": "Feature", "id": 10023931812, "properties": {"id": "osm-node-10023931812", "name": "paachikolli colony", "name_ml": null, "place": "hamlet", "population_osm": null, "population_osm_date": null, "ele_osm": null, "wikidata": null, "source": "OpenStreetMap (ODbL)"}, "geometry": {"type": "Point", "coordinates": [75.9041193, 11.7762976]}}, {"type": "Feature", "id": 10023931813, "properties": {"id": "osm-node-10023931813", "name": "adayi colony", "name_ml": null, "place": "hamlet", "population_osm": null, "population_osm_date": null, "ele_osm": null, "wikidata": null, "source": "OpenStreetMap (ODbL)"}, "geometry": {"type": "Point", "coordinates": [75.9042485, 11.7752811]}}, {"type": "Feature", "id": 10023983819, "properties": {"id": "osm-node-10023983819", "name": "edamunda colony", "name_ml": null, "place": "hamlet", "population_osm": null, "population_osm_date": null, "ele_osm": null, "wikidata": null, "source": "OpenStreetMap (ODbL)"}, "geometry": {"type": "Point", "coordinates": [75.9154981, 11.7668529]}}, {"type": "Feature", "id": 10023983820, "properties": {"id": "osm-node-10023983820", "name": "FRC Colony", "name_ml": null, "place": "hamlet", "population_osm": null, "population_osm_date": null, "ele_osm": null, "wikidata": null, "source": "OpenStreetMap (ODbL)"}, "geometry": {"type": "Point", "coordinates": [75.9149953, 11.7588247]}}, {"type": "Feature", "id": 10023983821, "properties": {"id": "osm-node-10023983821", "name": "pathanamukku", "name_ml": null, "place": "hamlet", "population_osm": null, "population_osm_date": null, "ele_osm": null, "wikidata": null, "source": "OpenStreetMap (ODbL)"}, "geometry": {"type": "Point", "coordinates": [75.9040074, 11.7680093]}}, {"type": "Feature", "id": 10023983826, "properties": {"id": "osm-node-10023983826", "name": "Korolod", "name_ml": null, "place": "hamlet", "population_osm": null, "population_osm_date": null, "ele_osm": null, "wikidata": null, "source": "OpenStreetMap (ODbL)"}, "geometry": {"type": "Point", "coordinates": [75.8965014, 11.762747]}}, {"type": "Feature", "id": 10026059227, "properties": {"id": "osm-node-10026059227", "name": "Neloom   colony", "name_ml": null, "place": "hamlet", "population_osm": null, "population_osm_date": null, "ele_osm": null, "wikidata": null, "source": "OpenStreetMap (ODbL)"}, "geometry": {"type": "Point", "coordinates": [75.8928552, 11.7659758]}}, {"type": "Feature", "id": 10026059235, "properties": {"id": "osm-node-10026059235", "name": "kunneri", "name_ml": null, "place": "hamlet", "population_osm": null, "population_osm_date": null, "ele_osm": null, "wikidata": null, "source": "OpenStreetMap (ODbL)"}, "geometry": {"type": "Point", "coordinates": [75.8858925, 11.7697988]}}, {"type": "Feature", "id": 10026059246, "properties": {"id": "osm-node-10026059246", "name": "nedumblassery colony", "name_ml": null, "place": "hamlet", "population_osm": null, "population_osm_date": null, "ele_osm": null, "wikidata": null, "source": "OpenStreetMap (ODbL)"}, "geometry": {"type": "Point", "coordinates": [75.8779705, 11.7747646]}}, {"type": "Feature", "id": 10026059251, "properties": {"id": "osm-node-10026059251", "name": "Edacheri Colony", "name_ml": null, "place": "hamlet", "population_osm": null, "population_osm_date": null, "ele_osm": null, "wikidata": null, "source": "OpenStreetMap (ODbL)"}, "geometry": {"type": "Point", "coordinates": [75.8682599, 11.7716684]}}, {"type": "Feature", "id": 10026059257, "properties": {"id": "osm-node-10026059257", "name": "Pathirimandham colony", "name_ml": null, "place": "hamlet", "population_osm": null, "population_osm_date": null, "ele_osm": null, "wikidata": null, "source": "OpenStreetMap (ODbL)"}, "geometry": {"type": "Point", "coordinates": [75.8584505, 11.753399]}}, {"type": "Feature", "id": 10026059262, "properties": {"id": "osm-node-10026059262", "name": "kallara colony", "name_ml": null, "place": "hamlet", "population_osm": null, "population_osm_date": null, "ele_osm": null, "wikidata": null, "source": "OpenStreetMap (ODbL)"}, "geometry": {"type": "Point", "coordinates": [75.8615503, 11.7621282]}}, {"type": "Feature", "id": 10026059306, "properties": {"id": "osm-node-10026059306", "name": "Poyil", "name_ml": "\u0d2a\u0d4a\u0d2f\u0d3f\u0d7d", "place": "hamlet", "population_osm": null, "population_osm_date": null, "ele_osm": null, "wikidata": null, "source": "OpenStreetMap (ODbL)"}, "geometry": {"type": "Point", "coordinates": [75.8537011, 11.7678982]}}, {"type": "Feature", "id": 10026059307, "properties": {"id": "osm-node-10026059307", "name": "Udhirachira", "name_ml": "\u0d09\u0d26\u0d3f\u0d30\u0d1a\u0d4d\u0d1a\u0d3f\u0d31", "place": "hamlet", "population_osm": null, "population_osm_date": null, "ele_osm": null, "wikidata": null, "source": "OpenStreetMap (ODbL)"}, "geometry": {"type": "Point", "coordinates": [75.8554034, 11.7698129]}}, {"type": "Feature", "id": 10026059316, "properties": {"id": "osm-node-10026059316", "name": "kallara colony", "name_ml": null, "place": "hamlet", "population_osm": null, "population_osm_date": null, "ele_osm": null, "wikidata": null, "source": "OpenStreetMap (ODbL)"}, "geometry": {"type": "Point", "coordinates": [75.8519285, 11.7738027]}}, {"type": "Feature", "id": 10026087417, "properties": {"id": "osm-node-10026087417", "name": "edala colony", "name_ml": null, "place": "hamlet", "population_osm": null, "population_osm_date": null, "ele_osm": null, "wikidata": null, "source": "OpenStreetMap (ODbL)"}, "geometry": {"type": "Point", "coordinates": [75.8531518, 11.7714698]}}, {"type": "Feature", "id": 10026087418, "properties": {"id": "osm-node-10026087418", "name": "Churuli", "name_ml": null, "place": "village", "population_osm": null, "population_osm_date": null, "ele_osm": null, "wikidata": null, "source": "OpenStreetMap (ODbL)"}, "geometry": {"type": "Point", "coordinates": [75.8457746, 11.7939649]}}, {"type": "Feature", "id": 10026087425, "properties": {"id": "osm-node-10026087425", "name": "kombara colony", "name_ml": null, "place": "hamlet", "population_osm": null, "population_osm_date": null, "ele_osm": null, "wikidata": null, "source": "OpenStreetMap (ODbL)"}, "geometry": {"type": "Point", "coordinates": [75.836821, 11.762036]}}, {"type": "Feature", "id": 10026087426, "properties": {"id": "osm-node-10026087426", "name": "Kunkichira colony", "name_ml": null, "place": "hamlet", "population_osm": null, "population_osm_date": null, "ele_osm": null, "wikidata": null, "source": "OpenStreetMap (ODbL)"}, "geometry": {"type": "Point", "coordinates": [75.8335754, 11.7675133]}}, {"type": "Feature", "id": 10026087435, "properties": {"id": "osm-node-10026087435", "name": "kunjome colony", "name_ml": null, "place": "hamlet", "population_osm": null, "population_osm_date": null, "ele_osm": null, "wikidata": null, "source": "OpenStreetMap (ODbL)"}, "geometry": {"type": "Point", "coordinates": [75.8492428, 11.7572214]}}, {"type": "Feature", "id": 10028609482, "properties": {"id": "osm-node-10028609482", "name": "Mottamal Colony", "name_ml": null, "place": "hamlet", "population_osm": null, "population_osm_date": null, "ele_osm": null, "wikidata": null, "source": "OpenStreetMap (ODbL)"}, "geometry": {"type": "Point", "coordinates": [75.8784098, 11.7445466]}}, {"type": "Feature", "id": 10028609493, "properties": {"id": "osm-node-10028609493", "name": "Chalil Mala Colonu", "name_ml": null, "place": "hamlet", "population_osm": null, "population_osm_date": null, "ele_osm": null, "wikidata": null, "source": "OpenStreetMap (ODbL)"}, "geometry": {"type": "Point", "coordinates": [75.8754234, 11.7326147]}}, {"type": "Feature", "id": 10028609494, "properties": {"id": "osm-node-10028609494", "name": "Cheramoola Colony", "name_ml": null, "place": "hamlet", "population_osm": null, "population_osm_date": null, "ele_osm": null, "wikidata": null, "source": "OpenStreetMap (ODbL)"}, "geometry": {"type": "Point", "coordinates": [75.877954, 11.7473516]}}, {"type": "Feature", "id": 10028609511, "properties": {"id": "osm-node-10028609511", "name": "Karimkulam Colony", "name_ml": null, "place": "hamlet", "population_osm": null, "population_osm_date": null, "ele_osm": null, "wikidata": null, "source": "OpenStreetMap (ODbL)"}, "geometry": {"type": "Point", "coordinates": [75.8639654, 11.7368676]}}, {"type": "Feature", "id": 10028609512, "properties": {"id": "osm-node-10028609512", "name": "Manappatt Colony", "name_ml": null, "place": "hamlet", "population_osm": null, "population_osm_date": null, "ele_osm": null, "wikidata": null, "source": "OpenStreetMap (ODbL)"}, "geometry": {"type": "Point", "coordinates": [75.8335633, 11.7375083]}}, {"type": "Feature", "id": 10028609513, "properties": {"id": "osm-node-10028609513", "name": "Manappatt ST colony", "name_ml": null, "place": "hamlet", "population_osm": null, "population_osm_date": null, "ele_osm": null, "wikidata": null, "source": "OpenStreetMap (ODbL)"}, "geometry": {"type": "Point", "coordinates": [75.8347275, 11.739285]}}, {"type": "Feature", "id": 10028609515, "properties": {"id": "osm-node-10028609515", "name": "MAARADI KURICHYA COLONY", "name_ml": null, "place": "hamlet", "population_osm": null, "population_osm_date": null, "ele_osm": null, "wikidata": null, "source": "OpenStreetMap (ODbL)"}, "geometry": {"type": "Point", "coordinates": [75.8506378, 11.7424678]}}, {"type": "Feature", "id": 10028609516, "properties": {"id": "osm-node-10028609516", "name": "Pannipadu ST colony", "name_ml": null, "place": "hamlet", "population_osm": null, "population_osm_date": null, "ele_osm": null, "wikidata": null, "source": "OpenStreetMap (ODbL)"}, "geometry": {"type": "Point", "coordinates": [75.8419555, 11.7303572]}}, {"type": "Feature", "id": 10028665618, "properties": {"id": "osm-node-10028665618", "name": "Kelakam colony", "name_ml": null, "place": "hamlet", "population_osm": null, "population_osm_date": null, "ele_osm": null, "wikidata": null, "source": "OpenStreetMap (ODbL)"}, "geometry": {"type": "Point", "coordinates": [75.8579788, 11.7403037]}}, {"type": "Feature", "id": 10028665619, "properties": {"id": "osm-node-10028665619", "name": "Mundakombu paniya  Colony", "name_ml": null, "place": "hamlet", "population_osm": null, "population_osm_date": null, "ele_osm": null, "wikidata": null, "source": "OpenStreetMap (ODbL)"}, "geometry": {"type": "Point", "coordinates": [75.8573242, 11.7374735]}}, {"type": "Feature", "id": 10030732041, "properties": {"id": "osm-node-10030732041", "name": "Cherikkolli", "name_ml": null, "place": "hamlet", "population_osm": null, "population_osm_date": null, "ele_osm": null, "wikidata": null, "source": "OpenStreetMap (ODbL)"}, "geometry": {"type": "Point", "coordinates": [75.9022622, 11.7560224]}}, {"type": "Feature", "id": 10035428256, "properties": {"id": "osm-node-10035428256", "name": "Nellarimannam Colony", "name_ml": null, "place": "hamlet", "population_osm": null, "population_osm_date": null, "ele_osm": null, "wikidata": null, "source": "OpenStreetMap (ODbL)"}, "geometry": {"type": "Point", "coordinates": [75.898659, 11.7379792]}}, {"type": "Feature", "id": 11375760584, "properties": {"id": "osm-node-11375760584", "name": "Cheeral", "name_ml": "\u0d1a\u0d40\u0d30\u0d3e\u0d7d", "place": "village", "population_osm": null, "population_osm_date": null, "ele_osm": null, "wikidata": "Q5089334", "source": "OpenStreetMap (ODbL)"}, "geometry": {"type": "Point", "coordinates": [76.3136674, 11.6080915]}}, {"type": "Feature", "id": 11771405268, "properties": {"id": "osm-node-11771405268", "name": "Cheriyamkolly", "name_ml": null, "place": "hamlet", "population_osm": null, "population_osm_date": null, "ele_osm": null, "wikidata": null, "source": "OpenStreetMap (ODbL)"}, "geometry": {"type": "Point", "coordinates": [76.0199185, 11.7216074]}}, {"type": "Feature", "id": 11771513883, "properties": {"id": "osm-node-11771513883", "name": "Kaippattukunnu", "name_ml": "\u0d15\u0d48\u0d2a\u0d4d\u0d2a\u0d3e\u0d1f\u0d4d\u0d1f\u0d41\u0d15\u0d41\u0d28\u0d4d\u0d28\u0d4d", "place": "hamlet", "population_osm": null, "population_osm_date": null, "ele_osm": null, "wikidata": null, "source": "OpenStreetMap (ODbL)"}, "geometry": {"type": "Point", "coordinates": [76.0529601, 11.7175224]}}, {"type": "Feature", "id": 11771710708, "properties": {"id": "osm-node-11771710708", "name": "Millumukku", "name_ml": "\u0d2e\u0d3f\u0d32\u0d4d\u0d32\u0d41\u0d2e\u0d41\u0d15\u0d4d\u0d15\u0d4d", "place": "neighbourhood", "population_osm": null, "population_osm_date": null, "ele_osm": null, "wikidata": null, "source": "OpenStreetMap (ODbL)"}, "geometry": {"type": "Point", "coordinates": [76.0773553, 11.6993571]}}, {"type": "Feature", "id": 11771761521, "properties": {"id": "osm-node-11771761521", "name": "Chundakkara", "name_ml": "\u0d1a\u0d41\u0d23\u0d4d\u0d1f\u0d15\u0d4d\u0d15\u0d30", "place": "neighbourhood", "population_osm": null, "population_osm_date": null, "ele_osm": null, "wikidata": null, "source": "OpenStreetMap (ODbL)"}, "geometry": {"type": "Point", "coordinates": [76.0617689, 11.6844565]}}, {"type": "Feature", "id": 11771769301, "properties": {"id": "osm-node-11771769301", "name": "Pallikkunnu", "name_ml": "\u0d2a\u0d33\u0d4d\u0d33\u0d3f\u0d15\u0d4d\u0d15\u0d41\u0d28\u0d4d\u0d28\u0d4d", "place": "hamlet", "population_osm": null, "population_osm_date": null, "ele_osm": null, "wikidata": null, "source": "OpenStreetMap (ODbL)"}, "geometry": {"type": "Point", "coordinates": [76.0561377, 11.6848622]}}, {"type": "Feature", "id": 11771905293, "properties": {"id": "osm-node-11771905293", "name": "Mathothu", "name_ml": "\u0d2e\u0d3e\u0d24\u0d4b\u0d24\u0d4d\u0d24\u0d4d", "place": "neighbourhood", "population_osm": null, "population_osm_date": null, "ele_osm": null, "wikidata": null, "source": "OpenStreetMap (ODbL)"}, "geometry": {"type": "Point", "coordinates": [76.0049762, 11.6770442]}}, {"type": "Feature", "id": 11771916435, "properties": {"id": "osm-node-11771916435", "name": "Kottathara", "name_ml": "\u0d15\u0d4b\u0d1f\u0d4d\u0d1f\u0d24\u0d4d\u0d24\u0d31", "place": "village", "population_osm": null, "population_osm_date": null, "ele_osm": null, "wikidata": null, "source": "OpenStreetMap (ODbL)"}, "geometry": {"type": "Point", "coordinates": [76.0416419, 11.6650598]}}, {"type": "Feature", "id": 11771916436, "properties": {"id": "osm-node-11771916436", "name": "Venniyodu", "name_ml": "\u0d35\u0d46\u0d23\u0d4d\u0d23\u0d3f\u0d2f\u0d4b\u0d1f\u0d4d", "place": "village", "population_osm": null, "population_osm_date": null, "ele_osm": null, "wikidata": null, "source": "OpenStreetMap (ODbL)"}, "geometry": {"type": "Point", "coordinates": [76.0241865, 11.6792598]}}, {"type": "Feature", "id": 11772023998, "properties": {"id": "osm-node-11772023998", "name": "Nadavayal", "name_ml": "\u0d28\u0d1f\u0d35\u0d2f\u0d7d", "place": "village", "population_osm": null, "population_osm_date": null, "ele_osm": null, "wikidata": "Q6957477", "source": "OpenStreetMap (ODbL)"}, "geometry": {"type": "Point", "coordinates": [76.119078, 11.7410773]}}, {"type": "Feature", "id": 11772051612, "properties": {"id": "osm-node-11772051612", "name": "Varadoor", "name_ml": "\u0d35\u0d30\u0d26\u0d42\u0d7c", "place": "hamlet", "population_osm": null, "population_osm_date": null, "ele_osm": null, "wikidata": null, "source": "OpenStreetMap (ODbL)"}, "geometry": {"type": "Point", "coordinates": [76.102155, 11.7139581]}}, {"type": "Feature", "id": 11772074377, "properties": {"id": "osm-node-11772074377", "name": "Nelliyambam", "name_ml": "\u0d28\u0d46\u0d32\u0d4d\u0d32\u0d3f\u0d2f\u0d2e\u0d4d\u0d2a\u0d02", "place": "hamlet", "population_osm": null, "population_osm_date": null, "ele_osm": null, "wikidata": null, "source": "OpenStreetMap (ODbL)"}, "geometry": {"type": "Point", "coordinates": [76.0969204, 11.7410298]}}, {"type": "Feature", "id": 11772074378, "properties": {"id": "osm-node-11772074378", "name": "Cheekkalloor", "name_ml": "\u0d1a\u0d40\u0d15\u0d4d\u0d15\u0d32\u0d4d\u0d32\u0d42\u0d7c", "place": "hamlet", "population_osm": null, "population_osm_date": null, "ele_osm": null, "wikidata": null, "source": "OpenStreetMap (ODbL)"}, "geometry": {"type": "Point", "coordinates": [76.0931666, 11.724951]}}, {"type": "Feature", "id": 11772099825, "properties": {"id": "osm-node-11772099825", "name": "Kaniyambetta", "name_ml": "\u0d15\u0d23\u0d3f\u0d2f\u0d3e\u0d2e\u0d4d\u0d2a\u0d31\u0d4d\u0d31", "place": "village", "population_osm": null, "population_osm_date": null, "ele_osm": null, "wikidata": null, "source": "OpenStreetMap (ODbL)"}, "geometry": {"type": "Point", "coordinates": [76.0807517, 11.6953621]}}, {"type": "Feature", "id": 11772548137, "properties": {"id": "osm-node-11772548137", "name": "Arinchermala", "name_ml": null, "place": "hamlet", "population_osm": null, "population_osm_date": null, "ele_osm": null, "wikidata": null, "source": "OpenStreetMap (ODbL)"}, "geometry": {"type": "Point", "coordinates": [76.0678014, 11.705986]}}, {"type": "Feature", "id": 11808991820, "properties": {"id": "osm-node-11808991820", "name": "Chulliyode", "name_ml": "\u0d1a\u0d41\u0d33\u0d4d\u0d33\u0d3f\u0d2f\u0d4b\u0d1f\u0d4d", "place": "village", "population_osm": null, "population_osm_date": null, "ele_osm": null, "wikidata": null, "source": "OpenStreetMap (ODbL)"}, "geometry": {"type": "Point", "coordinates": [76.2551187, 11.6012586]}}, {"type": "Feature", "id": 11808991821, "properties": {"id": "osm-node-11808991821", "name": "Madakkara", "name_ml": "\u0d2e\u0d3e\u0d1f\u0d15\u0d4d\u0d15\u0d30", "place": "village", "population_osm": null, "population_osm_date": null, "ele_osm": null, "wikidata": null, "source": "OpenStreetMap (ODbL)"}, "geometry": {"type": "Point", "coordinates": [76.2749174, 11.619314]}}, {"type": "Feature", "id": 11808991822, "properties": {"id": "osm-node-11808991822", "name": "Pazhoor", "name_ml": "\u0d2a\u0d3e\u0d34\u0d42\u0d7c", "place": "village", "population_osm": null, "population_osm_date": null, "ele_osm": null, "wikidata": null, "source": "OpenStreetMap (ODbL)"}, "geometry": {"type": "Point", "coordinates": [76.3104519, 11.6294935]}}, {"type": "Feature", "id": 12189746106, "properties": {"id": "osm-node-12189746106", "name": "ponnada", "name_ml": null, "place": "village", "population_osm": "700", "population_osm_date": null, "ele_osm": null, "wikidata": null, "source": "OpenStreetMap (ODbL)"}, "geometry": {"type": "Point", "coordinates": [76.0487358, 11.6322347]}}, {"type": "Feature", "id": 12357491713, "properties": {"id": "osm-node-12357491713", "name": "Vengathode", "name_ml": null, "place": "hamlet", "population_osm": null, "population_osm_date": null, "ele_osm": null, "wikidata": null, "source": "OpenStreetMap (ODbL)"}, "geometry": {"type": "Point", "coordinates": [76.0124999, 11.5894036]}}, {"type": "Feature", "id": 12465438675, "properties": {"id": "osm-node-12465438675", "name": "Kottavayal", "name_ml": "\u0d15\u0d4b\u0d1f\u0d4d\u0d1f\u0d35\u0d2f\u0d7d", "place": "neighbourhood", "population_osm": null, "population_osm_date": null, "ele_osm": null, "wikidata": null, "source": "OpenStreetMap (ODbL)"}, "geometry": {"type": "Point", "coordinates": [76.1046759, 11.5824897]}}, {"type": "Feature", "id": 12465547928, "properties": {"id": "osm-node-12465547928", "name": "Kallupadi", "name_ml": "\u0d15\u0d32\u0d4d\u0d32\u0d41\u0d2a\u0d3e\u0d1f\u0d3f", "place": "neighbourhood", "population_osm": null, "population_osm_date": null, "ele_osm": null, "wikidata": null, "source": "OpenStreetMap (ODbL)"}, "geometry": {"type": "Point", "coordinates": [76.1501344, 11.634289]}}, {"type": "Feature", "id": 12475778989, "properties": {"id": "osm-node-12475778989", "name": "Amarakkuni", "name_ml": "\u0d05\u0d2e\u0d30\u0d15\u0d4d\u0d15\u0d41\u0d28\u0d3f", "place": "neighbourhood", "population_osm": null, "population_osm_date": null, "ele_osm": null, "wikidata": null, "source": "OpenStreetMap (ODbL)"}, "geometry": {"type": "Point", "coordinates": [76.2009155, 11.783049]}}, {"type": "Feature", "id": 12514792319, "properties": {"id": "osm-node-12514792319", "name": "Ananthakrishnapuram", "name_ml": "\u0d05\u0d28\u0d28\u0d4d\u0d24\u0d15\u0d43\u0d37\u0d4d\u0d23\u0d2a\u0d41\u0d30\u0d02", "place": "neighbourhood", "population_osm": null, "population_osm_date": null, "ele_osm": null, "wikidata": null, "source": "OpenStreetMap (ODbL)"}, "geometry": {"type": "Point", "coordinates": [76.0869874, 11.6417839]}}, {"type": "Feature", "id": 12514914461, "properties": {"id": "osm-node-12514914461", "name": "Mele Millumukku", "name_ml": null, "place": "neighbourhood", "population_osm": null, "population_osm_date": null, "ele_osm": null, "wikidata": null, "source": "OpenStreetMap (ODbL)"}, "geometry": {"type": "Point", "coordinates": [76.0782725, 11.7037361]}}, {"type": "Feature", "id": 12516134313, "properties": {"id": "osm-node-12516134313", "name": "Kundyarkunnu", "name_ml": "\u0d15\u0d41\u0d23\u0d4d\u0d1f\u0d4d\u0d2f\u0d3e\u0d7c\u0d15\u0d41\u0d28\u0d4d\u0d28\u0d4d", "place": "neighbourhood", "population_osm": null, "population_osm_date": null, "ele_osm": null, "wikidata": null, "source": "OpenStreetMap (ODbL)"}, "geometry": {"type": "Point", "coordinates": [76.1177404, 11.7140143]}}, {"type": "Feature", "id": 12518415709, "properties": {"id": "osm-node-12518415709", "name": "Nellarachal", "name_ml": null, "place": "neighbourhood", "population_osm": null, "population_osm_date": null, "ele_osm": null, "wikidata": null, "source": "OpenStreetMap (ODbL)"}, "geometry": {"type": "Point", "coordinates": [76.1773311, 11.5962465]}}, {"type": "Feature", "id": 12521032076, "properties": {"id": "osm-node-12521032076", "name": "Pakkom", "name_ml": "\u0d2a\u0d3e\u0d15\u0d4d\u0d15\u0d02", "place": "village", "population_osm": null, "population_osm_date": null, "ele_osm": null, "wikidata": null, "source": "OpenStreetMap (ODbL)"}, "geometry": {"type": "Point", "coordinates": [76.1032386, 11.8017879]}}, {"type": "Feature", "id": 12523171828, "properties": {"id": "osm-node-12523171828", "name": "Ashupathrikkunnu", "name_ml": "\u0d06\u0d36\u0d41\u0d2a\u0d24\u0d4d\u0d30\u0d3f\u0d15\u0d4d\u0d15\u0d41\u0d28\u0d4d\u0d28\u0d4d", "place": "neighbourhood", "population_osm": null, "population_osm_date": null, "ele_osm": null, "wikidata": null, "source": "OpenStreetMap (ODbL)"}, "geometry": {"type": "Point", "coordinates": [76.1676116, 11.6644189]}}, {"type": "Feature", "id": 12523229769, "properties": {"id": "osm-node-12523229769", "name": "Thachampath", "name_ml": "\u0d24\u0d1a\u0d4d\u0d1a\u0d2e\u0d4d\u0d2a\u0d24\u0d4d\u0d24\u0d4d", "place": "neighbourhood", "population_osm": null, "population_osm_date": null, "ele_osm": null, "wikidata": null, "source": "OpenStreetMap (ODbL)"}, "geometry": {"type": "Point", "coordinates": [76.1665565, 11.6796568]}}, {"type": "Feature", "id": 12523521976, "properties": {"id": "osm-node-12523521976", "name": "Chungam, Paplassery", "name_ml": "\u0d1a\u0d41\u0d19\u0d4d\u0d15\u0d02, \u0d2a\u0d3e\u0d2a\u0d4d\u0d32\u0d36\u0d4d\u0d36\u0d47\u0d30\u0d3f", "place": "neighbourhood", "population_osm": null, "population_osm_date": null, "ele_osm": null, "wikidata": null, "source": "OpenStreetMap (ODbL)"}, "geometry": {"type": "Point", "coordinates": [76.1912764, 11.7211786]}}, {"type": "Feature", "id": 12523521985, "properties": {"id": "osm-node-12523521985", "name": "Azhikodan Nagar", "name_ml": "\u0d05\u0d34\u0d40\u0d15\u0d4d\u0d15\u0d4b\u0d1f\u0d7b \u0d28\u0d17\u0d7c", "place": "neighbourhood", "population_osm": null, "population_osm_date": null, "ele_osm": null, "wikidata": null, "source": "OpenStreetMap (ODbL)"}, "geometry": {"type": "Point", "coordinates": [76.1936693, 11.7225065]}}, {"type": "Feature", "id": 12523521993, "properties": {"id": "osm-node-12523521993", "name": "Pallippady", "name_ml": "\u0d2a\u0d33\u0d4d\u0d33\u0d3f\u0d2a\u0d4d\u0d2a\u0d1f\u0d3f", "place": "neighbourhood", "population_osm": null, "population_osm_date": null, "ele_osm": null, "wikidata": null, "source": "OpenStreetMap (ODbL)"}, "geometry": {"type": "Point", "coordinates": [76.1940183, 11.7257406]}}, {"type": "Feature", "id": 12523523719, "properties": {"id": "osm-node-12523523719", "name": "Mariyanad", "name_ml": "\u0d2e\u0d30\u0d3f\u0d2f\u0d28\u0d3e\u0d1f\u0d4d", "place": "neighbourhood", "population_osm": null, "population_osm_date": null, "ele_osm": null, "wikidata": null, "source": "OpenStreetMap (ODbL)"}, "geometry": {"type": "Point", "coordinates": [76.1944252, 11.7324728]}}, {"type": "Feature", "id": 12523523731, "properties": {"id": "osm-node-12523523731", "name": "Chundakkolly", "name_ml": "\u0d1a\u0d41\u0d23\u0d4d\u0d1f\u0d15\u0d4d\u0d15\u0d4a\u0d32\u0d4d\u0d32\u0d3f", "place": "neighbourhood", "population_osm": null, "population_osm_date": null, "ele_osm": null, "wikidata": null, "source": "OpenStreetMap (ODbL)"}, "geometry": {"type": "Point", "coordinates": [76.2006007, 11.7446016]}}, {"type": "Feature", "id": 12526375829, "properties": {"id": "osm-node-12526375829", "name": "Oottykavala", "name_ml": "\u0d0a\u0d1f\u0d4d\u0d1f\u0d3f\u0d15\u0d4d\u0d15\u0d35\u0d32", "place": "neighbourhood", "population_osm": null, "population_osm_date": null, "ele_osm": null, "wikidata": null, "source": "OpenStreetMap (ODbL)"}, "geometry": {"type": "Point", "coordinates": [76.1970632, 11.7824099]}}, {"type": "Feature", "id": 12526763820, "properties": {"id": "osm-node-12526763820", "name": "Pariyaram", "name_ml": "\u0d2a\u0d30\u0d3f\u0d2f\u0d3e\u0d30\u0d02", "place": "village", "population_osm": null, "population_osm_date": null, "ele_osm": null, "wikidata": null, "source": "OpenStreetMap (ODbL)"}, "geometry": {"type": "Point", "coordinates": [76.1028275, 11.6513075]}}, {"type": "Feature", "id": 12526873837, "properties": {"id": "osm-node-12526873837", "name": "Athirattukunnu", "name_ml": "\u0d05\u0d24\u0d3f\u0d30\u0d3e\u0d31\u0d4d\u0d31\u0d41\u0d15\u0d41\u0d28\u0d4d\u0d28\u0d4d", "place": "hamlet", "population_osm": null, "population_osm_date": null, "ele_osm": null, "wikidata": null, "source": "OpenStreetMap (ODbL)"}, "geometry": {"type": "Point", "coordinates": [76.1660804, 11.7399138]}}, {"type": "Feature", "id": 12526873841, "properties": {"id": "osm-node-12526873841", "name": "Manalvayal", "name_ml": "\u0d2e\u0d23\u0d7d\u0d35\u0d2f\u0d7d", "place": "hamlet", "population_osm": null, "population_osm_date": null, "ele_osm": null, "wikidata": null, "source": "OpenStreetMap (ODbL)"}, "geometry": {"type": "Point", "coordinates": [76.1809095, 11.7501994]}}, {"type": "Feature", "id": 12917745378, "properties": {"id": "osm-node-12917745378", "name": "Kallumottamkunnu", "name_ml": "\u0d15\u0d32\u0d4d\u0d32\u0d41\u0d2e\u0d4a\u0d1f\u0d4d\u0d1f\u0d02\u0d15\u0d41\u0d28\u0d4d\u0d28\u0d4d", "place": "neighbourhood", "population_osm": null, "population_osm_date": null, "ele_osm": null, "wikidata": null, "source": "OpenStreetMap (ODbL)"}, "geometry": {"type": "Point", "coordinates": [76.0107062, 11.6616579]}}, {"type": "Feature", "id": 12917759451, "properties": {"id": "osm-node-12917759451", "name": "Neeroor", "name_ml": "\u0d28\u0d40\u0d30\u0d42\u0d7c", "place": "neighbourhood", "population_osm": null, "population_osm_date": null, "ele_osm": null, "wikidata": null, "source": "OpenStreetMap (ODbL)"}, "geometry": {"type": "Point", "coordinates": [76.008006, 11.6644364]}}, {"type": "Feature", "id": 12917855028, "properties": {"id": "osm-node-12917855028", "name": "Parathode", "name_ml": "\u0d2a\u0d3e\u0d31\u0d24\u0d4d\u0d24\u0d4b\u0d1f\u0d4d", "place": "neighbourhood", "population_osm": null, "population_osm_date": null, "ele_osm": null, "wikidata": null, "source": "OpenStreetMap (ODbL)"}, "geometry": {"type": "Point", "coordinates": [75.9991605, 11.6210999]}}, {"type": "Feature", "id": 12917915642, "properties": {"id": "osm-node-12917915642", "name": "Mandhalampadi", "name_ml": "\u0d2e\u0d28\u0d4d\u0d26\u0d32\u0d02\u0d2a\u0d1f\u0d3f", "place": "neighbourhood", "population_osm": null, "population_osm_date": null, "ele_osm": null, "wikidata": null, "source": "OpenStreetMap (ODbL)"}, "geometry": {"type": "Point", "coordinates": [76.0372777, 11.6660746]}}, {"type": "Feature", "id": 12917915686, "properties": {"id": "osm-node-12917915686", "name": "Kurungaloor", "name_ml": "\u0d15\u0d41\u0d31\u0d41\u0d19\u0d4d\u0d19\u0d3e\u0d32\u0d42\u0d7c", "place": "neighbourhood", "population_osm": null, "population_osm_date": null, "ele_osm": null, "wikidata": null, "source": "OpenStreetMap (ODbL)"}, "geometry": {"type": "Point", "coordinates": [76.0379955, 11.6653261]}}, {"type": "Feature", "id": 12917944116, "properties": {"id": "osm-node-12917944116", "name": "Vyppadi", "name_ml": "\u0d35\u0d48\u0d2a\u0d4d\u0d2a\u0d1f\u0d3f", "place": "neighbourhood", "population_osm": null, "population_osm_date": null, "ele_osm": null, "wikidata": null, "source": "OpenStreetMap (ODbL)"}, "geometry": {"type": "Point", "coordinates": [75.9962444, 11.6667982]}}, {"type": "Feature", "id": 12918022225, "properties": {"id": "osm-node-12918022225", "name": "Miladumkunnu", "name_ml": null, "place": "neighbourhood", "population_osm": null, "population_osm_date": null, "ele_osm": null, "wikidata": null, "source": "OpenStreetMap (ODbL)"}, "geometry": {"type": "Point", "coordinates": [75.991158, 11.6593099]}}, {"type": "Feature", "id": 12918222618, "properties": {"id": "osm-node-12918222618", "name": "Pananthara", "name_ml": "\u0d2a\u0d28\u0d28\u0d4d\u0d24\u0d31", "place": "neighbourhood", "population_osm": null, "population_osm_date": null, "ele_osm": null, "wikidata": null, "source": "OpenStreetMap (ODbL)"}, "geometry": {"type": "Point", "coordinates": [75.8536501, 11.8243342]}}, {"type": "Feature", "id": 12918829510, "properties": {"id": "osm-node-12918829510", "name": "Irumanathoor", "name_ml": "\u0d07\u0d30\u0d41\u0d2e\u0d28\u0d24\u0d4d\u0d24\u0d42\u0d7c", "place": "hamlet", "population_osm": null, "population_osm_date": null, "ele_osm": null, "wikidata": null, "source": "OpenStreetMap (ODbL)"}, "geometry": {"type": "Point", "coordinates": [75.8612715, 11.7963951]}}, {"type": "Feature", "id": 12918837989, "properties": {"id": "osm-node-12918837989", "name": "Pambala", "name_ml": "\u0d2a\u0d3e\u0d2e\u0d4d\u0d2a\u0d3e\u0d33", "place": "hamlet", "population_osm": null, "population_osm_date": null, "ele_osm": null, "wikidata": null, "source": "OpenStreetMap (ODbL)"}, "geometry": {"type": "Point", "coordinates": [75.8474103, 11.7760673]}}, {"type": "Feature", "id": 12918957619, "properties": {"id": "osm-node-12918957619", "name": "Vimalanagar", "name_ml": "\u0d35\u0d3f\u0d2e\u0d32\u0d28\u0d17\u0d7c", "place": "hamlet", "population_osm": null, "population_osm_date": null, "ele_osm": null, "wikidata": "Q7931262", "source": "OpenStreetMap (ODbL)"}, "geometry": {"type": "Point", "coordinates": [75.9638107, 11.8109869]}}, {"type": "Feature", "id": 12918981982, "properties": {"id": "osm-node-12918981982", "name": "Kulathada", "name_ml": null, "place": "hamlet", "population_osm": null, "population_osm_date": null, "ele_osm": null, "wikidata": null, "source": "OpenStreetMap (ODbL)"}, "geometry": {"type": "Point", "coordinates": [75.9340488, 11.7794687]}}, {"type": "Feature", "id": 12918986711, "properties": {"id": "osm-node-12918986711", "name": "Mudappinnal Kadavu", "name_ml": "\u0d2e\u0d41\u0d1f\u0d2a\u0d4d\u0d2a\u0d3f\u0d28\u0d4d\u0d28\u0d7d \u0d15\u0d1f\u0d35\u0d4d", "place": "neighbourhood", "population_osm": null, "population_osm_date": null, "ele_osm": null, "wikidata": null, "source": "OpenStreetMap (ODbL)"}, "geometry": {"type": "Point", "coordinates": [75.9255388, 11.7782995]}}, {"type": "Feature", "id": 12919122777, "properties": {"id": "osm-node-12919122777", "name": "Palamukku", "name_ml": "\u0d2a\u0d3e\u0d32\u0d2e\u0d41\u0d15\u0d4d\u0d15\u0d4d", "place": "neighbourhood", "population_osm": null, "population_osm_date": null, "ele_osm": null, "wikidata": null, "source": "OpenStreetMap (ODbL)"}, "geometry": {"type": "Point", "coordinates": [75.9800181, 11.774514]}}, {"type": "Feature", "id": 12919604848, "properties": {"id": "osm-node-12919604848", "name": "Nadammal", "name_ml": "\u0d28\u0d1f\u0d2e\u0d4d\u0d2e\u0d7d", "place": "neighbourhood", "population_osm": null, "population_osm_date": null, "ele_osm": null, "wikidata": null, "source": "OpenStreetMap (ODbL)"}, "geometry": {"type": "Point", "coordinates": [76.0056595, 11.6991164]}}, {"type": "Feature", "id": 12920157255, "properties": {"id": "osm-node-12920157255", "name": "Grihannoor", "name_ml": "\u0d17\u0d43\u0d39\u0d28\u0d4d\u0d28\u0d42\u0d7c", "place": "neighbourhood", "population_osm": null, "population_osm_date": null, "ele_osm": null, "wikidata": null, "source": "OpenStreetMap (ODbL)"}, "geometry": {"type": "Point", "coordinates": [76.1961624, 11.8628131]}}, {"type": "Feature", "id": 12920157264, "properties": {"id": "osm-node-12920157264", "name": "Thuruthikavala", "name_ml": "\u0d24\u0d41\u0d31\u0d41\u0d24\u0d4d\u0d24\u0d3f\u0d15\u0d4d\u0d15\u0d35\u0d32", "place": "neighbourhood", "population_osm": null, "population_osm_date": null, "ele_osm": null, "wikidata": null, "source": "OpenStreetMap (ODbL)"}, "geometry": {"type": "Point", "coordinates": [76.1965891, 11.8433781]}}, {"type": "Feature", "id": 12920169250, "properties": {"id": "osm-node-12920169250", "name": "Kannarampuzha", "name_ml": "\u0d15\u0d28\u0d4d\u0d28\u0d3e\u0d30\u0d02\u0d2a\u0d41\u0d34", "place": "neighbourhood", "population_osm": null, "population_osm_date": null, "ele_osm": null, "wikidata": null, "source": "OpenStreetMap (ODbL)"}, "geometry": {"type": "Point", "coordinates": [76.2066506, 11.8462684]}}, {"type": "Feature", "id": 12920169251, "properties": {"id": "osm-node-12920169251", "name": "Parakkavala", "name_ml": "\u0d2a\u0d3e\u0d31\u0d15\u0d4d\u0d15\u0d35\u0d32", "place": "neighbourhood", "population_osm": null, "population_osm_date": null, "ele_osm": null, "wikidata": null, "source": "OpenStreetMap (ODbL)"}, "geometry": {"type": "Point", "coordinates": [76.1996586, 11.8504177]}}, {"type": "Feature", "id": 12920235535, "properties": {"id": "osm-node-12920235535", "name": "Udayakkavala", "name_ml": "\u0d09\u0d26\u0d2f\u0d15\u0d4d\u0d15\u0d35\u0d32", "place": "neighbourhood", "population_osm": null, "population_osm_date": null, "ele_osm": null, "wikidata": null, "source": "OpenStreetMap (ODbL)"}, "geometry": {"type": "Point", "coordinates": [76.1931851, 11.8034238]}}, {"type": "Feature", "id": 12920235543, "properties": {"id": "osm-node-12920235543", "name": "Channothukolli", "name_ml": "\u0d1a\u0d23\u0d4d\u0d23\u0d4b\u0d24\u0d4d\u0d24\u0d41\u0d15\u0d4a\u0d32\u0d4d\u0d32\u0d3f", "place": "neighbourhood", "population_osm": null, "population_osm_date": null, "ele_osm": null, "wikidata": null, "source": "OpenStreetMap (ODbL)"}, "geometry": {"type": "Point", "coordinates": [76.1936003, 11.8323026]}}, {"type": "Feature", "id": 12921619026, "properties": {"id": "osm-node-12921619026", "name": "Ambukuthy", "name_ml": null, "place": "hamlet", "population_osm": null, "population_osm_date": null, "ele_osm": null, "wikidata": null, "source": "OpenStreetMap (ODbL)"}, "geometry": {"type": "Point", "coordinates": [76.242974, 11.6217386]}}, {"type": "Feature", "id": 12921655819, "properties": {"id": "osm-node-12921655819", "name": "Govindamoola", "name_ml": "\u0d17\u0d4b\u0d35\u0d3f\u0d28\u0d4d\u0d26\u0d2e\u0d42\u0d32", "place": "neighbourhood", "population_osm": null, "population_osm_date": null, "ele_osm": null, "wikidata": null, "source": "OpenStreetMap (ODbL)"}, "geometry": {"type": "Point", "coordinates": [76.2427369, 11.6260795]}}, {"type": "Feature", "id": 12921655828, "properties": {"id": "osm-node-12921655828", "name": "Manjadi", "name_ml": "\u0d2e\u0d1e\u0d4d\u0d1e\u0d3e\u0d1f\u0d3f", "place": "neighbourhood", "population_osm": null, "population_osm_date": null, "ele_osm": null, "wikidata": null, "source": "OpenStreetMap (ODbL)"}, "geometry": {"type": "Point", "coordinates": [76.252578, 11.6233636]}}, {"type": "Feature", "id": 12921723619, "properties": {"id": "osm-node-12921723619", "name": "Kottatharavayal", "name_ml": null, "place": "neighbourhood", "population_osm": null, "population_osm_date": null, "ele_osm": null, "wikidata": null, "source": "OpenStreetMap (ODbL)"}, "geometry": {"type": "Point", "coordinates": [76.1317548, 11.5691845]}}, {"type": "Feature", "id": 12921755251, "properties": {"id": "osm-node-12921755251", "name": "Valavil", "name_ml": "\u0d35\u0d33\u0d35\u0d3f\u0d7d", "place": "neighbourhood", "population_osm": null, "population_osm_date": null, "ele_osm": null, "wikidata": null, "source": "OpenStreetMap (ODbL)"}, "geometry": {"type": "Point", "coordinates": [76.2288364, 11.5498442]}}, {"type": "Feature", "id": 12921921400, "properties": {"id": "osm-node-12921921400", "name": "Manichira", "name_ml": "\u0d2e\u0d23\u0d3f\u0d1a\u0d4d\u0d1a\u0d3f\u0d31", "place": "neighbourhood", "population_osm": null, "population_osm_date": null, "ele_osm": null, "wikidata": null, "source": "OpenStreetMap (ODbL)"}, "geometry": {"type": "Point", "coordinates": [76.2485219, 11.651999]}}, {"type": "Feature", "id": 12921929581, "properties": {"id": "osm-node-12921929581", "name": "Mavadi", "name_ml": "\u0d2e\u0d3e\u0d35\u0d3e\u0d1f\u0d3f", "place": "neighbourhood", "population_osm": null, "population_osm_date": null, "ele_osm": null, "wikidata": null, "source": "OpenStreetMap (ODbL)"}, "geometry": {"type": "Point", "coordinates": [76.2519363, 11.6500676]}}, {"type": "Feature", "id": 12921936401, "properties": {"id": "osm-node-12921936401", "name": "Poothikkad", "name_ml": "\u0d2a\u0d42\u0d24\u0d3f\u0d15\u0d4d\u0d15\u0d3e\u0d1f\u0d4d", "place": "neighbourhood", "population_osm": null, "population_osm_date": null, "ele_osm": null, "wikidata": null, "source": "OpenStreetMap (ODbL)"}, "geometry": {"type": "Point", "coordinates": [76.2377911, 11.6487508]}}, {"type": "Feature", "id": 12921974596, "properties": {"id": "osm-node-12921974596", "name": "Malakkad", "name_ml": null, "place": "neighbourhood", "population_osm": null, "population_osm_date": null, "ele_osm": null, "wikidata": null, "source": "OpenStreetMap (ODbL)"}, "geometry": {"type": "Point", "coordinates": [76.1564447, 11.6440954]}}, {"type": "Feature", "id": 12923395414, "properties": {"id": "osm-node-12923395414", "name": "Shishumala", "name_ml": "\u0d36\u0d3f\u0d36\u0d41\u0d2e\u0d32", "place": "neighbourhood", "population_osm": null, "population_osm_date": null, "ele_osm": null, "wikidata": null, "source": "OpenStreetMap (ODbL)"}, "geometry": {"type": "Point", "coordinates": [76.1946385, 11.8266922]}}, {"type": "Feature", "id": 12923473352, "properties": {"id": "osm-node-12923473352", "name": "Shivapuri", "name_ml": "\u0d36\u0d3f\u0d35\u0d2a\u0d41\u0d30\u0d3f", "place": "neighbourhood", "population_osm": null, "population_osm_date": null, "ele_osm": null, "wikidata": null, "source": "OpenStreetMap (ODbL)"}, "geometry": {"type": "Point", "coordinates": [76.2112806, 11.8410293]}}, {"type": "Feature", "id": 12923582887, "properties": {"id": "osm-node-12923582887", "name": "16th Mile", "name_ml": null, "place": "neighbourhood", "population_osm": null, "population_osm_date": null, "ele_osm": null, "wikidata": null, "source": "OpenStreetMap (ODbL)"}, "geometry": {"type": "Point", "coordinates": [75.9795132, 11.6966479]}}, {"type": "Feature", "id": 12923664210, "properties": {"id": "osm-node-12923664210", "name": "Fort Hill", "name_ml": "\u0d15\u0d4b\u0d1f\u0d4d\u0d1f\u0d15\u0d4d\u0d15\u0d41\u0d28\u0d4d\u0d28\u0d4d", "place": "neighbourhood", "population_osm": null, "population_osm_date": null, "ele_osm": null, "wikidata": null, "source": "OpenStreetMap (ODbL)"}, "geometry": {"type": "Point", "coordinates": [76.2617224, 11.6680939]}}, {"type": "Feature", "id": 12923664211, "properties": {"id": "osm-node-12923664211", "name": "Sathramkunnu", "name_ml": "\u0d38\u0d24\u0d4d\u0d30\u0d02\u0d15\u0d41\u0d28\u0d4d\u0d28\u0d4d", "place": "neighbourhood", "population_osm": null, "population_osm_date": null, "ele_osm": null, "wikidata": null, "source": "OpenStreetMap (ODbL)"}, "geometry": {"type": "Point", "coordinates": [76.2584352, 11.6659493]}}, {"type": "Feature", "id": 12926112196, "properties": {"id": "osm-node-12926112196", "name": "Vallyakunnu", "name_ml": "\u0d35\u0d32\u0d3f\u0d2f\u0d15\u0d41\u0d28\u0d4d\u0d28\u0d4d", "place": "neighbourhood", "population_osm": null, "population_osm_date": null, "ele_osm": null, "wikidata": null, "source": "OpenStreetMap (ODbL)"}, "geometry": {"type": "Point", "coordinates": [76.0297256, 11.6802854]}}, {"type": "Feature", "id": 12926112197, "properties": {"id": "osm-node-12926112197", "name": "Mottakkunnu", "name_ml": null, "place": "neighbourhood", "population_osm": null, "population_osm_date": null, "ele_osm": null, "wikidata": null, "source": "OpenStreetMap (ODbL)"}, "geometry": {"type": "Point", "coordinates": [76.0266315, 11.6782409]}}, {"type": "Feature", "id": 12926116235, "properties": {"id": "osm-node-12926116235", "name": "Ponnankara", "name_ml": null, "place": "neighbourhood", "population_osm": null, "population_osm_date": null, "ele_osm": null, "wikidata": null, "source": "OpenStreetMap (ODbL)"}, "geometry": {"type": "Point", "coordinates": [76.1163948, 11.7054515]}}, {"type": "Feature", "id": 12926119770, "properties": {"id": "osm-node-12926119770", "name": "Kurumbalakkotta", "name_ml": null, "place": "neighbourhood", "population_osm": null, "population_osm_date": null, "ele_osm": null, "wikidata": null, "source": "OpenStreetMap (ODbL)"}, "geometry": {"type": "Point", "coordinates": [76.033819, 11.6887578]}}, {"type": "Feature", "id": 12926119771, "properties": {"id": "osm-node-12926119771", "name": "Karakkunnu", "name_ml": "\u0d15\u0d3e\u0d30\u0d15\u0d4d\u0d15\u0d41\u0d28\u0d4d\u0d28\u0d4d", "place": "neighbourhood", "population_osm": null, "population_osm_date": null, "ele_osm": null, "wikidata": null, "source": "OpenStreetMap (ODbL)"}, "geometry": {"type": "Point", "coordinates": [76.0342414, 11.6819524]}}, {"type": "Feature", "id": 12926807236, "properties": {"id": "osm-node-12926807236", "name": "Palukunnu", "name_ml": "\u0d2a\u0d3e\u0d32\u0d41\u0d15\u0d41\u0d28\u0d4d\u0d28\u0d4d", "place": "neighbourhood", "population_osm": null, "population_osm_date": null, "ele_osm": null, "wikidata": null, "source": "OpenStreetMap (ODbL)"}, "geometry": {"type": "Point", "coordinates": [76.0478908, 11.7307574]}}, {"type": "Feature", "id": 12934529980, "properties": {"id": "osm-node-12934529980", "name": "Menonmukku", "name_ml": "\u0d2e\u0d47\u0d28\u0d4b\u0d7b\u0d2e\u0d41\u0d15\u0d4d\u0d15\u0d4d", "place": "neighbourhood", "population_osm": null, "population_osm_date": null, "ele_osm": null, "wikidata": null, "source": "OpenStreetMap (ODbL)"}, "geometry": {"type": "Point", "coordinates": [76.2234272, 11.5620776]}}, {"type": "Feature", "id": 12934529981, "properties": {"id": "osm-node-12934529981", "name": "Pallithazham", "name_ml": null, "place": "neighbourhood", "population_osm": null, "population_osm_date": null, "ele_osm": null, "wikidata": null, "source": "OpenStreetMap (ODbL)"}, "geometry": {"type": "Point", "coordinates": [76.2197975, 11.5638368]}}, {"type": "Feature", "id": 12934529982, "properties": {"id": "osm-node-12934529982", "name": "Onneyar", "name_ml": null, "place": "neighbourhood", "population_osm": null, "population_osm_date": null, "ele_osm": null, "wikidata": null, "source": "OpenStreetMap (ODbL)"}, "geometry": {"type": "Point", "coordinates": [76.2230508, 11.5784702]}}, {"type": "Feature", "id": 12934529983, "properties": {"id": "osm-node-12934529983", "name": "Thattiyadu Road", "name_ml": "\u0d24\u0d3e\u0d31\u0d4d\u0d31\u0d4d\u0d2f\u0d3e\u0d1f\u0d4d", "place": "neighbourhood", "population_osm": null, "population_osm_date": null, "ele_osm": null, "wikidata": null, "source": "OpenStreetMap (ODbL)"}, "geometry": {"type": "Point", "coordinates": [76.2333692, 11.5807976]}}, {"type": "Feature", "id": 12959050152, "properties": {"id": "osm-node-12959050152", "name": "Chellangode", "name_ml": null, "place": "neighbourhood", "population_osm": null, "population_osm_date": null, "ele_osm": null, "wikidata": null, "source": "OpenStreetMap (ODbL)"}, "geometry": {"type": "Point", "coordinates": [76.2436122, 11.5366865]}}, {"type": "Feature", "id": 12959651341, "properties": {"id": "osm-node-12959651341", "name": "Kaipancheri", "name_ml": "\u0d15\u0d48\u0d2a\u0d4d\u0d2a\u0d1e\u0d4d\u0d1a\u0d47\u0d30\u0d3f", "place": "neighbourhood", "population_osm": null, "population_osm_date": null, "ele_osm": null, "wikidata": null, "source": "OpenStreetMap (ODbL)"}, "geometry": {"type": "Point", "coordinates": [76.2670302, 11.6588756]}}, {"type": "Feature", "id": 12959703789, "properties": {"id": "osm-node-12959703789", "name": "Kuttankadavu", "name_ml": null, "place": "neighbourhood", "population_osm": null, "population_osm_date": null, "ele_osm": null, "wikidata": null, "source": "OpenStreetMap (ODbL)"}, "geometry": {"type": "Point", "coordinates": [76.2503183, 11.5339665]}}, {"type": "Feature", "id": 12959737407, "properties": {"id": "osm-node-12959737407", "name": "Puthuveedu Colony", "name_ml": "\u0d2a\u0d41\u0d24\u0d41\u0d35\u0d40\u0d1f\u0d4d \u0d15\u0d4b\u0d33\u0d28\u0d3f", "place": "neighbourhood", "population_osm": null, "population_osm_date": null, "ele_osm": null, "wikidata": null, "source": "OpenStreetMap (ODbL)"}, "geometry": {"type": "Point", "coordinates": [76.2910206, 11.7017164]}}, {"type": "Feature", "id": 12959779829, "properties": {"id": "osm-node-12959779829", "name": "Cheengavallam", "name_ml": null, "place": "hamlet", "population_osm": null, "population_osm_date": null, "ele_osm": null, "wikidata": null, "source": "OpenStreetMap (ODbL)"}, "geometry": {"type": "Point", "coordinates": [76.203616, 11.5911496]}}, {"type": "Feature", "id": 12959792626, "properties": {"id": "osm-node-12959792626", "name": "Vellachal", "name_ml": "\u0d35\u0d46\u0d33\u0d4d\u0d33\u0d1a\u0d4d\u0d1a\u0d3e\u0d7d", "place": "neighbourhood", "population_osm": null, "population_osm_date": null, "ele_osm": null, "wikidata": null, "source": "OpenStreetMap (ODbL)"}, "geometry": {"type": "Point", "coordinates": [76.2976701, 11.5952881]}}, {"type": "Feature", "id": 12959792636, "properties": {"id": "osm-node-12959792636", "name": "Thumbikkadu", "name_ml": "\u0d24\u0d41\u0d2e\u0d4d\u0d2a\u0d3f\u0d15\u0d4d\u0d15\u0d3e\u0d1f\u0d4d", "place": "neighbourhood", "population_osm": null, "population_osm_date": null, "ele_osm": null, "wikidata": null, "source": "OpenStreetMap (ODbL)"}, "geometry": {"type": "Point", "coordinates": [76.2886251, 11.6085752]}}, {"type": "Feature", "id": 12959792643, "properties": {"id": "osm-node-12959792643", "name": "Noolakkunnu", "name_ml": "\u0d28\u0d42\u0d32\u0d15\u0d4d\u0d15\u0d41\u0d28\u0d4d\u0d28\u0d4d", "place": "neighbourhood", "population_osm": null, "population_osm_date": null, "ele_osm": null, "wikidata": null, "source": "OpenStreetMap (ODbL)"}, "geometry": {"type": "Point", "coordinates": [76.2878607, 11.6040974]}}, {"type": "Feature", "id": 12959792648, "properties": {"id": "osm-node-12959792648", "name": "Kalinkara", "name_ml": "\u0d15\u0d32\u0d4d\u0d32\u0d3f\u0d19\u0d4d\u0d15\u0d30", "place": "neighbourhood", "population_osm": null, "population_osm_date": null, "ele_osm": null, "wikidata": null, "source": "OpenStreetMap (ODbL)"}, "geometry": {"type": "Point", "coordinates": [76.2931079, 11.5959684]}}, {"type": "Feature", "id": 12959821426, "properties": {"id": "osm-node-12959821426", "name": "Kallumukku", "name_ml": "\u0d15\u0d32\u0d4d\u0d32\u0d41\u0d2e\u0d41\u0d15\u0d4d\u0d15\u0d4d", "place": "neighbourhood", "population_osm": null, "population_osm_date": null, "ele_osm": null, "wikidata": null, "source": "OpenStreetMap (ODbL)"}, "geometry": {"type": "Point", "coordinates": [76.3040208, 11.6097886]}}, {"type": "Feature", "id": 12959861152, "properties": {"id": "osm-node-12959861152", "name": "Poolakund", "name_ml": "\u0d2a\u0d42\u0d33\u0d15\u0d4d\u0d15\u0d41\u0d23\u0d4d\u0d1f\u0d4d", "place": "neighbourhood", "population_osm": null, "population_osm_date": null, "ele_osm": null, "wikidata": null, "source": "OpenStreetMap (ODbL)"}, "geometry": {"type": "Point", "coordinates": [76.3004665, 11.5749677]}}, {"type": "Feature", "id": 12959915858, "properties": {"id": "osm-node-12959915858", "name": "1 Mile", "name_ml": null, "place": "neighbourhood", "population_osm": null, "population_osm_date": null, "ele_osm": null, "wikidata": null, "source": "OpenStreetMap (ODbL)"}, "geometry": {"type": "Point", "coordinates": [76.0668313, 11.6713083]}}, {"type": "Feature", "id": 12960982680, "properties": {"id": "osm-node-12960982680", "name": "Vendol", "name_ml": "\u0d35\u0d46\u0d23\u0d4d\u0d1f\u0d4b\u0d7d", "place": "neighbourhood", "population_osm": null, "population_osm_date": null, "ele_osm": null, "wikidata": null, "source": "OpenStreetMap (ODbL)"}, "geometry": {"type": "Point", "coordinates": [76.3101747, 11.6066738]}}, {"type": "Feature", "id": 13042475823, "properties": {"id": "osm-node-13042475823", "name": "Edakkadanmukku", "name_ml": "\u0d0e\u0d1f\u0d15\u0d4d\u0d15\u0d3e\u0d1f\u0d7b\u0d2e\u0d41\u0d15\u0d4d\u0d15\u0d4d", "place": "neighbourhood", "population_osm": null, "population_osm_date": null, "ele_osm": null, "wikidata": null, "source": "OpenStreetMap (ODbL)"}, "geometry": {"type": "Point", "coordinates": [75.953486, 11.6846527]}}, {"type": "Feature", "id": 13042475824, "properties": {"id": "osm-node-13042475824", "name": "Nerippara", "name_ml": "\u0d28\u0d46\u0d30\u0d3f\u0d2a\u0d4d\u0d2a\u0d3e\u0d31", "place": "neighbourhood", "population_osm": null, "population_osm_date": null, "ele_osm": null, "wikidata": null, "source": "OpenStreetMap (ODbL)"}, "geometry": {"type": "Point", "coordinates": [75.9481577, 11.6867249]}}, {"type": "Feature", "id": 13042514420, "properties": {"id": "osm-node-13042514420", "name": "Sayippukunnu", "name_ml": null, "place": "locality", "population_osm": null, "population_osm_date": null, "ele_osm": null, "wikidata": null, "source": "OpenStreetMap (ODbL)"}, "geometry": {"type": "Point", "coordinates": [75.9275345, 11.6719114]}}, {"type": "Feature", "id": 13046472602, "properties": {"id": "osm-node-13046472602", "name": "Chulika", "name_ml": "\u0d1a\u0d41\u0d33\u0d3f\u0d15\u0d4d\u0d15", "place": "hamlet", "population_osm": null, "population_osm_date": null, "ele_osm": null, "wikidata": null, "source": "OpenStreetMap (ODbL)"}, "geometry": {"type": "Point", "coordinates": [76.1293133, 11.5322827]}}, {"type": "Feature", "id": 13048296194, "properties": {"id": "osm-node-13048296194", "name": "Puthumala", "name_ml": "\u0d2a\u0d41\u0d24\u0d41\u0d2e\u0d32", "place": "hamlet", "population_osm": null, "population_osm_date": null, "ele_osm": null, "wikidata": null, "source": "OpenStreetMap (ODbL)"}, "geometry": {"type": "Point", "coordinates": [76.1406053, 11.5013341]}}, {"type": "Feature", "id": 13059401167, "properties": {"id": "osm-node-13059401167", "name": "Cheengadi", "name_ml": "\u0d1a\u0d40\u0d19\u0d4d\u0d19\u0d3e\u0d1f\u0d3f", "place": "neighbourhood", "population_osm": null, "population_osm_date": null, "ele_osm": null, "wikidata": null, "source": "OpenStreetMap (ODbL)"}, "geometry": {"type": "Point", "coordinates": [76.0903161, 11.704603]}}, {"type": "Feature", "id": 13059401168, "properties": {"id": "osm-node-13059401168", "name": "Edakkombam", "name_ml": "\u0d0e\u0d1f\u0d15\u0d4d\u0d15\u0d4a\u0d2e\u0d4d\u0d2a\u0d02", "place": "neighbourhood", "population_osm": null, "population_osm_date": null, "ele_osm": null, "wikidata": null, "source": "OpenStreetMap (ODbL)"}, "geometry": {"type": "Point", "coordinates": [76.088887, 11.7027021]}}]}