{"type": "FeatureCollection", "features": [{"type": "Feature", "id": 582059330, "properties": {"ele": "2240", "name": "Vellarimala", "name:ml": "\u0d35\u0d46\u0d33\u0d4d\u0d33\u0d30\u0d3f\u0d2e\u0d32", "natural": "peak", "wikidata": "Q13114824", "id": "osm-node-582059330", "osm_type": "node", "osm_id": 582059330, "category": "peak", "source": "OpenStreetMap (ODbL)"}, "geometry": {"type": "Point", "coordinates": [76.1433419, 11.451361]}}, {"type": "Feature", "id": 604968570, "properties": {"name": "Edakkal Caves", "name:ml": "\u0d07\u0d1f\u0d15\u0d4d\u0d15\u0d7d \u0d17\u0d41\u0d39\u0d15\u0d7e", "natural": "cave_entrance", "operator": "DMC Edakkal (DTPC Wayanad)", "tourism": "attraction", "wikidata": "Q2372682", "wikipedia": "en:Edakkal Caves", "id": "osm-node-604968570", "osm_type": "node", "osm_id": 604968570, "category": "tourism", "source": "OpenStreetMap (ODbL)"}, "geometry": {"type": "Point", "coordinates": [76.2354803, 11.6266794]}}, {"type": "Feature", "id": 1028617514, "properties": {"name": "Banasurasagar Dam / Reservoir", "tourism": "attraction", "id": "osm-node-1028617514", "osm_type": "node", "osm_id": 1028617514, "category": "tourism", "source": "OpenStreetMap (ODbL)"}, "geometry": {"type": "Point", "coordinates": [75.9616422, 11.6665216]}}, {"type": "Feature", "id": 1956594954, "properties": {"addr:city": "Mananthavady", "amenity": "school", "name": "Government Vocational Higher Secondary School, Mananthavady", "operator": "government of kerala", "operator:type": "government", "religion": "all", "wikidata": "Q64522739", "id": "osm-node-1956594954", "osm_type": "node", "osm_id": 1956594954, "category": "school", "source": "OpenStreetMap (ODbL)"}, "geometry": {"type": "Point", "coordinates": [76.0029303, 11.7898818]}}, {"type": "Feature", "id": 1956600652, "properties": {"addr:city": "mananthavady", "amenity": "school", "name": "Govt College Mananthavady", "religion": "all", "website": "https://gcmdy.org/", "id": "osm-node-1956600652", "osm_type": "node", "osm_id": 1956600652, "category": "school", "source": "OpenStreetMap (ODbL)"}, "geometry": {"type": "Point", "coordinates": [76.0015246, 11.7787782]}}, {"type": "Feature", "id": 2000115822, "properties": {"amenity": "place_of_worship", "name": "4th Mile Masjid", "religion": "muslim", "id": "osm-node-2000115822", "osm_type": "node", "osm_id": 2000115822, "category": "religious", "source": "OpenStreetMap (ODbL)"}, "geometry": {"type": "Point", "coordinates": [76.0071207, 11.7552144]}}, {"type": "Feature", "id": 2000118622, "properties": {"addr:city": "Peechamkode", "amenity": "hospital", "healthcare": "hospital", "name": "Community Health Centre Porunnanore", "operator": "Department of Health Services", "operator:type": "government", "id": "osm-node-2000118622", "osm_type": "node", "osm_id": 2000118622, "category": "hospital", "source": "OpenStreetMap (ODbL)"}, "geometry": {"type": "Point", "coordinates": [76.0048247, 11.7510286]}}, {"type": "Feature", "id": 2000125315, "properties": {"amenity": "school", "name": "Morden English school", "website": "http://www.modernenglishschoolwayanad.com/", "id": "osm-node-2000125315", "osm_type": "node", "osm_id": 2000125315, "category": "school", "source": "OpenStreetMap (ODbL)"}, "geometry": {"type": "Point", "coordinates": [76.0069651, 11.7534917]}}, {"type": "Feature", "id": 2000126913, "properties": {"amenity": "school", "name": "GLPS Peechamkode", "wikidata": "Q64522570", "id": "osm-node-2000126913", "osm_type": "node", "osm_id": 2000126913, "category": "school", "source": "OpenStreetMap (ODbL)"}, "geometry": {"type": "Point", "coordinates": [75.9991641, 11.7501774]}}, {"type": "Feature", "id": 2000128314, "properties": {"amenity": "place_of_worship", "name": "NAdakkal Masjid", "religion": "muslim", "id": "osm-node-2000128314", "osm_type": "node", "osm_id": 2000128314, "category": "religious", "source": "OpenStreetMap (ODbL)"}, "geometry": {"type": "Point", "coordinates": [75.9948898, 11.7421631]}}, {"type": "Feature", "id": 2000131939, "properties": {"amenity": "place_of_worship", "name": "Peechamkod Juma Msjid", "religion": "muslim", "id": "osm-node-2000131939", "osm_type": "node", "osm_id": 2000131939, "category": "religious", "source": "OpenStreetMap (ODbL)"}, "geometry": {"type": "Point", "coordinates": [75.9979905, 11.7487597]}}, {"type": "Feature", "id": 2000132855, "properties": {"amenity": "place_of_worship", "name": "Puramangalam Sreeporkali Temple", "religion": "hindu", "id": "osm-node-2000132855", "osm_type": "node", "osm_id": 2000132855, "category": "religious", "source": "OpenStreetMap (ODbL)"}, "geometry": {"type": "Point", "coordinates": [75.999632, 11.7496]}}, {"type": "Feature", "id": 2000135028, "properties": {"amenity": "place_of_worship", "name": "Dwaraka Juma Masjid", "religion": "muslim", "id": "osm-node-2000135028", "osm_type": "node", "osm_id": 2000135028, "category": "religious", "source": "OpenStreetMap (ODbL)"}, "geometry": {"type": "Point", "coordinates": [76.0073246, 11.7589537]}}, {"type": "Feature", "id": 2623362916, "properties": {"amenity": "place_of_worship", "name": "Peruvaka Muthappan Madappura", "religion": "hindu", "id": "osm-node-2623362916", "osm_type": "node", "osm_id": 2623362916, "category": "religious", "source": "OpenStreetMap (ODbL)"}, "geometry": {"type": "Point", "coordinates": [76.014167, 11.7893489]}}, {"type": "Feature", "id": 2623815253, "properties": {"amenity": "place_of_worship", "name": "Bishop's house, Mananthavady Dioces", "religion": "christian", "id": "osm-node-2623815253", "osm_type": "node", "osm_id": 2623815253, "category": "religious", "source": "OpenStreetMap (ODbL)"}, "geometry": {"type": "Point", "coordinates": [76.0039538, 11.7916412]}}, {"type": "Feature", "id": 2625117942, "properties": {"name": "Forest Range Office", "office": "government", "id": "osm-node-2625117942", "osm_type": "node", "osm_id": 2625117942, "category": "government", "source": "OpenStreetMap (ODbL)"}, "geometry": {"type": "Point", "coordinates": [76.0085697, 11.8050289]}}, {"type": "Feature", "id": 2625240979, "properties": {"amenity": "kindergarten", "id": "osm-node-2625240979", "osm_type": "node", "osm_id": 2625240979, "category": "school", "source": "OpenStreetMap (ODbL)"}, "geometry": {"type": "Point", "coordinates": [76.0066062, 11.7965206]}}, {"type": "Feature", "id": 2625240980, "properties": {"amenity": "kindergarten", "id": "osm-node-2625240980", "osm_type": "node", "osm_id": 2625240980, "category": "school", "source": "OpenStreetMap (ODbL)"}, "geometry": {"type": "Point", "coordinates": [76.0056406, 11.8001228]}}, {"type": "Feature", "id": 2625625618, "properties": {"amenity": "school", "id": "osm-node-2625625618", "osm_type": "node", "osm_id": 2625625618, "category": "school", "source": "OpenStreetMap (ODbL)"}, "geometry": {"type": "Point", "coordinates": [76.0285824, 11.8052737]}}, {"type": "Feature", "id": 2625625969, "properties": {"addr:city": "nallornad", "amenity": "school", "name": "Sacred Heart Higher Secondary School", "religion": "christian", "wikidata": "Q7397225", "wikipedia": "en:Sacred Heart Higher Secondary School", "id": "osm-node-2625625969", "osm_type": "node", "osm_id": 2625625969, "category": "school", "source": "OpenStreetMap (ODbL)"}, "geometry": {"type": "Point", "coordinates": [76.0104461, 11.7597339]}}, {"type": "Feature", "id": 2625625970, "properties": {"amenity": "school", "name": "Govtt. Junior Technical High School", "id": "osm-node-2625625970", "osm_type": "node", "osm_id": 2625625970, "category": "school", "source": "OpenStreetMap (ODbL)"}, "geometry": {"type": "Point", "coordinates": [76.0103374, 11.7615999]}}, {"type": "Feature", "id": 2625625973, "properties": {"addr:city": "Thonichal", "amenity": "place_of_worship", "name": "Malakkari Kavu Temple", "religion": "hindu", "id": "osm-node-2625625973", "osm_type": "node", "osm_id": 2625625973, "category": "religious", "source": "OpenStreetMap (ODbL)"}, "geometry": {"type": "Point", "coordinates": [76.000616, 11.7715729]}}, {"type": "Feature", "id": 2641052916, "properties": {"name": "Karalad Lake", "operator": "DTPC Wayanad", "tourism": "attraction", "id": "osm-node-2641052916", "osm_type": "node", "osm_id": 2641052916, "category": "tourism", "source": "OpenStreetMap (ODbL)"}, "geometry": {"type": "Point", "coordinates": [75.9829912, 11.6509757]}}, {"type": "Feature", "id": 3197943293, "properties": {"addr:city": "wayanad", "amenity": "place_of_worship", "name": "karattukunnu juma masjid", "name:ml": "\u0d15\u0d3e\u0d30\u0d3e\u0d1f\u0d4d\u0d1f\u0d41\u0d15\u0d41\u0d28\u0d4d\u0d28\u0d4d \u0d1c\u0d41\u0d2e\u0d3e \u0d2e\u0d38\u0d4d\u0d1c\u0d3f\u0d26\u0d4d", "religion": "muslim", "id": "osm-node-3197943293", "osm_type": "node", "osm_id": 3197943293, "category": "religious", "source": "OpenStreetMap (ODbL)"}, "geometry": {"type": "Point", "coordinates": [76.0128095, 11.7468543]}}, {"type": "Feature", "id": 3197950622, "properties": {"addr:city": "wayanad", "amenity": "police", "name": "RTO Office Mananthavady", "name:ml": "RTO \u0d13\u0d2b\u0d40\u0d38\u0d4d\u200c \u0d2e\u0d3e\u0d28\u0d28\u0d4d\u0d24\u0d35\u0d3e\u0d1f\u0d3f", "phone": "+91-4935-227972", "id": "osm-node-3197950622", "osm_type": "node", "osm_id": 3197950622, "category": "police", "source": "OpenStreetMap (ODbL)"}, "geometry": {"type": "Point", "coordinates": [76.0174875, 11.749318]}}, {"type": "Feature", "id": 3330076510, "properties": {"amenity": "college", "name": "WMO Arts & Science College, Muttil", "id": "osm-node-3330076510", "osm_type": "node", "osm_id": 3330076510, "category": "college", "source": "OpenStreetMap (ODbL)"}, "geometry": {"type": "Point", "coordinates": [76.1163989, 11.6442002]}}, {"type": "Feature", "id": 3842111629, "properties": {"name": "Pookode Lake", "tourism": "attraction", "id": "osm-node-3842111629", "osm_type": "node", "osm_id": 3842111629, "category": "tourism", "source": "OpenStreetMap (ODbL)"}, "geometry": {"type": "Point", "coordinates": [76.0271765, 11.540293]}}, {"type": "Feature", "id": 3883221066, "properties": {"addr:city": "wayanad", "name": "Forest Range Office, Lakkidi", "office": "government", "id": "osm-node-3883221066", "osm_type": "node", "osm_id": 3883221066, "category": "government", "source": "OpenStreetMap (ODbL)"}, "geometry": {"type": "Point", "coordinates": [76.0211672, 11.5172515]}}, {"type": "Feature", "id": 3883232140, "properties": {"name": "Soochipara Water Falls", "tourism": "attraction", "id": "osm-node-3883232140", "osm_type": "node", "osm_id": 3883232140, "category": "tourism", "source": "OpenStreetMap (ODbL)"}, "geometry": {"type": "Point", "coordinates": [76.1576077, 11.5081827]}}, {"type": "Feature", "id": 3903464482, "properties": {"ele": "0", "name": "Kolagappara", "natural": "peak", "id": "osm-node-3903464482", "osm_type": "node", "osm_id": 3903464482, "category": "peak", "source": "OpenStreetMap (ODbL)"}, "geometry": {"type": "Point", "coordinates": [76.1945144, 11.6533056]}}, {"type": "Feature", "id": 3903465321, "properties": {"name": "Ambukuthi Mala", "natural": "peak", "wikidata": "Q4741940", "wikipedia": "en:Ambukuthi Mala", "id": "osm-node-3903465321", "osm_type": "node", "osm_id": 3903465321, "category": "peak", "source": "OpenStreetMap (ODbL)"}, "geometry": {"type": "Point", "coordinates": [76.2363458, 11.6266469]}}, {"type": "Feature", "id": 4637219492, "properties": {"amenity": "place_of_worship", "name": "Subrahmanyaswamy Temple", "religion": "hindu", "id": "osm-node-4637219492", "osm_type": "node", "osm_id": 4637219492, "category": "religious", "source": "OpenStreetMap (ODbL)"}, "geometry": {"type": "Point", "coordinates": [76.1810904, 11.858538]}}, {"type": "Feature", "id": 4712891544, "properties": {"name": "Elumbileri Check Dam", "operator": "Kerala Irrigation Department", "waterway": "weir", "id": "osm-node-4712891544", "osm_type": "node", "osm_id": 4712891544, "category": "weir", "source": "OpenStreetMap (ODbL)"}, "geometry": {"type": "Point", "coordinates": [76.1100401, 11.5378834]}}, {"type": "Feature", "id": 4828242519, "properties": {"amenity": "place_of_worship", "name": "Puzhakkara Sree Durga Bhagavathi Temple", "religion": "hindu", "id": "osm-node-4828242519", "osm_type": "node", "osm_id": 4828242519, "category": "religious", "source": "OpenStreetMap (ODbL)"}, "geometry": {"type": "Point", "coordinates": [76.0898927, 11.821211]}}, {"type": "Feature", "id": 4834362527, "properties": {"name": "Office of Tribal Officer", "office": "government", "id": "osm-node-4834362527", "osm_type": "node", "osm_id": 4834362527, "category": "government", "source": "OpenStreetMap (ODbL)"}, "geometry": {"type": "Point", "coordinates": [76.2135995, 11.634729]}}, {"type": "Feature", "id": 4834362532, "properties": {"name": "KSEB Ambalavayal", "office": "government", "id": "osm-node-4834362532", "osm_type": "node", "osm_id": 4834362532, "category": "government", "source": "OpenStreetMap (ODbL)"}, "geometry": {"type": "Point", "coordinates": [76.2117795, 11.6207517]}}, {"type": "Feature", "id": 4834362654, "properties": {"addr:district": "Wayanad", "amenity": "hospital", "name": "PBM Hospital", "id": "osm-node-4834362654", "osm_type": "node", "osm_id": 4834362654, "category": "hospital", "source": "OpenStreetMap (ODbL)"}, "geometry": {"type": "Point", "coordinates": [76.1596653, 11.6570597]}}, {"type": "Feature", "id": 4834362682, "properties": {"name": "Grama Panchayat Office, Ambalavayal", "office": "government", "id": "osm-node-4834362682", "osm_type": "node", "osm_id": 4834362682, "category": "government", "source": "OpenStreetMap (ODbL)"}, "geometry": {"type": "Point", "coordinates": [76.2114874, 11.6225332]}}, {"type": "Feature", "id": 4895472021, "properties": {"government": "village_office", "name": "Nadavayal", "office": "government", "wikidata": "Q6957477", "id": "osm-node-4895472021", "osm_type": "node", "osm_id": 4895472021, "category": "government", "source": "OpenStreetMap (ODbL)"}, "geometry": {"type": "Point", "coordinates": [76.1191325, 11.7410548]}}, {"type": "Feature", "id": 5215512955, "properties": {"ele": "2100", "name": "Chembra peak", "natural": "peak", "id": "osm-node-5215512955", "osm_type": "node", "osm_id": 5215512955, "category": "peak", "source": "OpenStreetMap (ODbL)"}, "geometry": {"type": "Point", "coordinates": [76.0896399, 11.5122716]}}, {"type": "Feature", "id": 5217707521, "properties": {"ele": "1598", "name": "Karimala", "natural": "peak", "id": "osm-node-5217707521", "osm_type": "node", "osm_id": 5217707521, "category": "peak", "source": "OpenStreetMap (ODbL)"}, "geometry": {"type": "Point", "coordinates": [75.9365971, 11.9341764]}}, {"type": "Feature", "id": 5273064321, "properties": {"amenity": "place_of_worship", "name": "C.S.I. St. Thomas Church", "religion": "christian", "id": "osm-node-5273064321", "osm_type": "node", "osm_id": 5273064321, "category": "religious", "source": "OpenStreetMap (ODbL)"}, "geometry": {"type": "Point", "coordinates": [76.2602422, 11.6620201]}}, {"type": "Feature", "id": 5273064322, "properties": {"government": "tax", "name": "Dy Collector ( Special Office)", "office": "government", "id": "osm-node-5273064322", "osm_type": "node", "osm_id": 5273064322, "category": "government", "source": "OpenStreetMap (ODbL)"}, "geometry": {"type": "Point", "coordinates": [76.2602904, 11.6626768]}}, {"type": "Feature", "id": 5273068839, "properties": {"amenity": "hospital", "healthcare": "hospital", "name": "Parls Dental Clinic", "id": "osm-node-5273068839", "osm_type": "node", "osm_id": 5273068839, "category": "hospital", "source": "OpenStreetMap (ODbL)"}, "geometry": {"type": "Point", "coordinates": [76.260006, 11.6621376]}}, {"type": "Feature", "id": 5273073773, "properties": {"name": "Municipality", "office": "government", "id": "osm-node-5273073773", "osm_type": "node", "osm_id": 5273073773, "category": "government", "source": "OpenStreetMap (ODbL)"}, "geometry": {"type": "Point", "coordinates": [76.2552506, 11.6630348]}}, {"type": "Feature", "id": 5273076955, "properties": {"amenity": "college", "name": "Maria Institute of Information Technology", "id": "osm-node-5273076955", "osm_type": "node", "osm_id": 5273076955, "category": "college", "source": "OpenStreetMap (ODbL)"}, "geometry": {"type": "Point", "coordinates": [76.2603623, 11.661655]}}, {"type": "Feature", "id": 5273267725, "properties": {"amenity": "clinic", "healthcare": "clinic", "name": "Alfa hospital", "id": "osm-node-5273267725", "osm_type": "node", "osm_id": 5273267725, "category": "clinic", "source": "OpenStreetMap (ODbL)"}, "geometry": {"type": "Point", "coordinates": [76.2627656, 11.6658814]}}, {"type": "Feature", "id": 5273298566, "properties": {"amenity": "place_of_worship", "name": "Chungam Juma Masjid", "religion": "muslim", "id": "osm-node-5273298566", "osm_type": "node", "osm_id": 5273298566, "category": "religious", "source": "OpenStreetMap (ODbL)"}, "geometry": {"type": "Point", "coordinates": [76.2645754, 11.665172]}}, {"type": "Feature", "id": 5273447596, "properties": {"amenity": "police", "name": "Police Station ,Meenangadi", "id": "osm-node-5273447596", "osm_type": "node", "osm_id": 5273447596, "category": "police", "source": "OpenStreetMap (ODbL)"}, "geometry": {"type": "Point", "coordinates": [76.1622129, 11.6604006]}}, {"type": "Feature", "id": 5273465231, "properties": {"amenity": "hospital", "healthcare": "hospital", "name": "Palliyal Dental", "id": "osm-node-5273465231", "osm_type": "node", "osm_id": 5273465231, "category": "hospital", "source": "OpenStreetMap (ODbL)"}, "geometry": {"type": "Point", "coordinates": [76.0836235, 11.604897]}}, {"type": "Feature", "id": 5273467202, "properties": {"name": "Office of the Circle Inspector of Excise", "office": "government", "id": "osm-node-5273467202", "osm_type": "node", "osm_id": 5273467202, "category": "government", "source": "OpenStreetMap (ODbL)"}, "geometry": {"type": "Point", "coordinates": [76.1599928, 11.6574899]}}, {"type": "Feature", "id": 5273469576, "properties": {"name": "Ground Water Dept. Dist Office", "office": "government", "id": "osm-node-5273469576", "osm_type": "node", "osm_id": 5273469576, "category": "government", "source": "OpenStreetMap (ODbL)"}, "geometry": {"type": "Point", "coordinates": [76.1599261, 11.6569964]}}, {"type": "Feature", "id": 5273471621, "properties": {"name": "Vigilance &Anticorruption Beaureau Wayanad Unit", "office": "government", "id": "osm-node-5273471621", "osm_type": "node", "osm_id": 5273471621, "category": "government", "source": "OpenStreetMap (ODbL)"}, "geometry": {"type": "Point", "coordinates": [76.1598393, 11.6567819]}}, {"type": "Feature", "id": 5273483364, "properties": {"name": "Office of Asst. Director Soil Conservation / Asst Director Kabani Nadeethada Padhathi", "office": "government", "id": "osm-node-5273483364", "osm_type": "node", "osm_id": 5273483364, "category": "government", "source": "OpenStreetMap (ODbL)"}, "geometry": {"type": "Point", "coordinates": [76.1599098, 11.6566014]}}, {"type": "Feature", "id": 5273484811, "properties": {"name": "Kerala State Backward Classes Development Corporation Ltd.", "office": "government", "id": "osm-node-5273484811", "osm_type": "node", "osm_id": 5273484811, "category": "government", "source": "OpenStreetMap (ODbL)"}, "geometry": {"type": "Point", "coordinates": [76.1597396, 11.6563089]}}, {"type": "Feature", "id": 5273514936, "properties": {"name": "Food Corporation Of India, Meenangadi, Wayanad Dist", "office": "government", "id": "osm-node-5273514936", "osm_type": "node", "osm_id": 5273514936, "category": "government", "source": "OpenStreetMap (ODbL)"}, "geometry": {"type": "Point", "coordinates": [76.1568728, 11.6552601]}}, {"type": "Feature", "id": 5274845359, "properties": {"name": "Krishi Asst Director Office", "office": "government", "id": "osm-node-5274845359", "osm_type": "node", "osm_id": 5274845359, "category": "government", "source": "OpenStreetMap (ODbL)"}, "geometry": {"type": "Point", "coordinates": [76.0722006, 11.7399789]}}, {"type": "Feature", "id": 5274858124, "properties": {"amenity": "police", "name": "Panamaram police station", "id": "osm-node-5274858124", "osm_type": "node", "osm_id": 5274858124, "category": "police", "source": "OpenStreetMap (ODbL)"}, "geometry": {"type": "Point", "coordinates": [76.0713276, 11.7402537]}}, {"type": "Feature", "id": 5274866933, "properties": {"name": "Coconut Development Board Panamaram Block office", "office": "government", "id": "osm-node-5274866933", "osm_type": "node", "osm_id": 5274866933, "category": "government", "source": "OpenStreetMap (ODbL)"}, "geometry": {"type": "Point", "coordinates": [76.0717248, 11.73894]}}, {"type": "Feature", "id": 5274879291, "properties": {"amenity": "place_of_worship", "name": "Murikkanmar ksethram", "religion": "hindu", "id": "osm-node-5274879291", "osm_type": "node", "osm_id": 5274879291, "category": "religious", "source": "OpenStreetMap (ODbL)"}, "geometry": {"type": "Point", "coordinates": [76.070926, 11.7380786]}}, {"type": "Feature", "id": 5274879292, "properties": {"amenity": "clinic", "healthcare": "clinic", "name": "whites multi speciality dental clinic", "id": "osm-node-5274879292", "osm_type": "node", "osm_id": 5274879292, "category": "clinic", "source": "OpenStreetMap (ODbL)"}, "geometry": {"type": "Point", "coordinates": [76.0711032, 11.7383439]}}, {"type": "Feature", "id": 5274891884, "properties": {"government": "yes", "name": "pwd assistant engineers office", "office": "government", "id": "osm-node-5274891884", "osm_type": "node", "osm_id": 5274891884, "category": "government", "source": "OpenStreetMap (ODbL)"}, "geometry": {"type": "Point", "coordinates": [76.0706186, 11.7379672]}}, {"type": "Feature", "id": 5274891885, "properties": {"addr:city": "Panamaram", "government": "Education", "name": "KITE Wayanad, District Office", "office": "government", "phone": "+91 4935 220191", "website": "https://kite.kerala.gov.in/KITE/", "id": "osm-node-5274891885", "osm_type": "node", "osm_id": 5274891885, "category": "government", "source": "OpenStreetMap (ODbL)"}, "geometry": {"type": "Point", "coordinates": [76.0691365, 11.7381954]}}, {"type": "Feature", "id": 5274891886, "properties": {"name": "pattika varga welfare society", "office": "government", "id": "osm-node-5274891886", "osm_type": "node", "osm_id": 5274891886, "category": "government", "source": "OpenStreetMap (ODbL)"}, "geometry": {"type": "Point", "coordinates": [76.0708585, 11.7380631]}}, {"type": "Feature", "id": 5274891888, "properties": {"amenity": "hospital", "healthcare": "hospital", "name": "social health center", "operator": "government", "id": "osm-node-5274891888", "osm_type": "node", "osm_id": 5274891888, "category": "hospital", "source": "OpenStreetMap (ODbL)"}, "geometry": {"type": "Point", "coordinates": [76.070615, 11.7380883]}}, {"type": "Feature", "id": 5274891890, "properties": {"amenity": "college", "isced:level": "3", "name": "government nursing school", "operator": "government", "id": "osm-node-5274891890", "osm_type": "node", "osm_id": 5274891890, "category": "college", "source": "OpenStreetMap (ODbL)"}, "geometry": {"type": "Point", "coordinates": [76.0699219, 11.7381522]}}, {"type": "Feature", "id": 5274897022, "properties": {"name": "BSNL Telephone Exchange", "office": "government", "id": "osm-node-5274897022", "osm_type": "node", "osm_id": 5274897022, "category": "government", "source": "OpenStreetMap (ODbL)"}, "geometry": {"type": "Point", "coordinates": [76.0712263, 11.7381757]}}, {"type": "Feature", "id": 5274906120, "properties": {"amenity": "school", "isced:level": "Govt LP School Panamaram", "id": "osm-node-5274906120", "osm_type": "node", "osm_id": 5274906120, "category": "school", "source": "OpenStreetMap (ODbL)"}, "geometry": {"type": "Point", "coordinates": [76.0730146, 11.7377576]}}, {"type": "Feature", "id": 5274922636, "properties": {"name": "Office of Assistant Executive Engineer kseb", "office": "government", "id": "osm-node-5274922636", "osm_type": "node", "osm_id": 5274922636, "category": "government", "source": "OpenStreetMap (ODbL)"}, "geometry": {"type": "Point", "coordinates": [76.0730683, 11.7362187]}}, {"type": "Feature", "id": 5274933955, "properties": {"amenity": "hospital", "healthcare": "hospital", "name": "navodaya hospital", "operator:type": "private", "id": "osm-node-5274933955", "osm_type": "node", "osm_id": 5274933955, "category": "hospital", "source": "OpenStreetMap (ODbL)"}, "geometry": {"type": "Point", "coordinates": [76.0736781, 11.7387609]}}, {"type": "Feature", "id": 5275245883, "properties": {"addr:city": "Nadavayal", "amenity": "hospital", "healthcare": "hospital", "name": "Public health subcentre", "id": "osm-node-5275245883", "osm_type": "node", "osm_id": 5275245883, "category": "hospital", "source": "OpenStreetMap (ODbL)"}, "geometry": {"type": "Point", "coordinates": [76.1201928, 11.7425872]}}, {"type": "Feature", "id": 5275245905, "properties": {"addr:city": "Nadavayal", "amenity": "clinic", "healthcare": "clinic", "name": "Mathews Homeo clinic", "operator": "Dr. George Mathew", "id": "osm-node-5275245905", "osm_type": "node", "osm_id": 5275245905, "category": "clinic", "source": "OpenStreetMap (ODbL)"}, "geometry": {"type": "Point", "coordinates": [76.1194075, 11.7411555]}}, {"type": "Feature", "id": 5275245920, "properties": {"addr:city": "Nadavayal", "amenity": "place_of_worship", "name": "Infant Jesus coppela", "religion": "christian", "id": "osm-node-5275245920", "osm_type": "node", "osm_id": 5275245920, "category": "religious", "source": "OpenStreetMap (ODbL)"}, "geometry": {"type": "Point", "coordinates": [76.1191281, 11.7409705]}}, {"type": "Feature", "id": 5275246127, "properties": {"amenity": "college", "name": "Co - operative college", "id": "osm-node-5275246127", "osm_type": "node", "osm_id": 5275246127, "category": "college", "source": "OpenStreetMap (ODbL)"}, "geometry": {"type": "Point", "coordinates": [76.1184375, 11.7406756]}}, {"type": "Feature", "id": 5275246131, "properties": {"name": "Office of PWD Assistant engineer", "office": "government", "id": "osm-node-5275246131", "osm_type": "node", "osm_id": 5275246131, "category": "government", "source": "OpenStreetMap (ODbL)"}, "geometry": {"type": "Point", "coordinates": [76.1180725, 11.7402617]}}, {"type": "Feature", "id": 5276849449, "properties": {"amenity": "hospital", "healthcare": "hospital", "name": "TALUK HEAD QUARTERS HOSPITAL VYTHIRI", "id": "osm-node-5276849449", "osm_type": "node", "osm_id": 5276849449, "category": "hospital", "source": "OpenStreetMap (ODbL)"}, "geometry": {"type": "Point", "coordinates": [76.0405901, 11.5510242]}}, {"type": "Feature", "id": 5277959917, "properties": {"name": "Kerala Agro Industries Corporation", "office": "government", "id": "osm-node-5277959917", "osm_type": "node", "osm_id": 5277959917, "category": "government", "source": "OpenStreetMap (ODbL)"}, "geometry": {"type": "Point", "coordinates": [76.2516622, 11.662066]}}, {"type": "Feature", "id": 5277960551, "properties": {"amenity": "place_of_worship", "name": "Assumption Forane Church", "religion": "christian", "id": "osm-node-5277960551", "osm_type": "node", "osm_id": 5277960551, "category": "religious", "source": "OpenStreetMap (ODbL)"}, "geometry": {"type": "Point", "coordinates": [76.2526593, 11.6624136]}}, {"type": "Feature", "id": 5313648550, "properties": {"amenity": "place_of_worship", "name": "St. Sebastian's church Cherukaattoor", "religion": "christian", "id": "osm-node-5313648550", "osm_type": "node", "osm_id": 5313648550, "category": "religious", "source": "OpenStreetMap (ODbL)"}, "geometry": {"type": "Point", "coordinates": [76.0607807, 11.767865]}}, {"type": "Feature", "id": 5498311374, "properties": {"amenity": "school", "name": "Holy Face High School", "id": "osm-node-5498311374", "osm_type": "node", "osm_id": 5498311374, "category": "school", "source": "OpenStreetMap (ODbL)"}, "geometry": {"type": "Point", "coordinates": [75.8994956, 11.7408788]}}, {"type": "Feature", "id": 5871738165, "properties": {"name": "Phantom Rock", "tourism": "attraction", "id": "osm-node-5871738165", "osm_type": "node", "osm_id": 5871738165, "category": "tourism", "source": "OpenStreetMap (ODbL)"}, "geometry": {"type": "Point", "coordinates": [76.2031316, 11.6372602]}}, {"type": "Feature", "id": 5921135766, "properties": {"name": "muneeshweram kunnu entry point", "tourism": "attraction", "id": "osm-node-5921135766", "osm_type": "node", "osm_id": 5921135766, "category": "tourism", "source": "OpenStreetMap (ODbL)"}, "geometry": {"type": "Point", "coordinates": [75.9593177, 11.8630959]}}, {"type": "Feature", "id": 6341290685, "properties": {"name": "Neelimala viewpoint", "name:en": "Neelimala viewpoint", "tourism": "viewpoint", "id": "osm-node-6341290685", "osm_type": "node", "osm_id": 6341290685, "category": "tourism", "source": "OpenStreetMap (ODbL)"}, "geometry": {"type": "Point", "coordinates": [76.2278983, 11.5334912]}}, {"type": "Feature", "id": 6359499495, "properties": {"addr:city": "6TH MILE", "amenity": "internet_cafe", "government": "government", "name": "Akshaya Centre,6 th Mile", "operator": "South Indian Bank", "id": "osm-node-6359499495", "osm_type": "node", "osm_id": 6359499495, "category": "government", "source": "OpenStreetMap (ODbL)"}, "geometry": {"type": "Point", "coordinates": [76.0079275, 11.6077796]}}, {"type": "Feature", "id": 6359499497, "properties": {"name": "Ticket counter", "tourism": "attraction", "id": "osm-node-6359499497", "osm_type": "node", "osm_id": 6359499497, "category": "tourism", "source": "OpenStreetMap (ODbL)"}, "geometry": {"type": "Point", "coordinates": [75.9394802, 11.6753462]}}, {"type": "Feature", "id": 6359513685, "properties": {"name": "Kotyaram appartment", "tourism": "attraction", "id": "osm-node-6359513685", "osm_type": "node", "osm_id": 6359513685, "category": "tourism", "source": "OpenStreetMap (ODbL)"}, "geometry": {"type": "Point", "coordinates": [76.0835705, 11.604065]}}, {"type": "Feature", "id": 6615118161, "properties": {"addr:city": "Mepadi, Kalpetta", "amenity": "college", "name": "Dr.Moopen's Wayanad Institute of Medical Sciences Medical College", "operator": "Aster", "operator:type": "private", "website": "https://www.dmwims.com/index.php", "id": "osm-node-6615118161", "osm_type": "node", "osm_id": 6615118161, "category": "college", "source": "OpenStreetMap (ODbL)"}, "geometry": {"type": "Point", "coordinates": [76.1613808, 11.5622876]}}, {"type": "Feature", "id": 6615183134, "properties": {"addr:city": "Mepadi, Kalpetta", "amenity": "college", "name": "Dr.Moopen's Wayanad Institute Of Medical Sciences College Of Pharmacy", "operator": "Aster", "operator:type": "private", "website": "https://www.dmwimspharmacycollege.com/", "id": "osm-node-6615183134", "osm_type": "node", "osm_id": 6615183134, "category": "college", "source": "OpenStreetMap (ODbL)"}, "geometry": {"type": "Point", "coordinates": [76.162954, 11.5617826]}}, {"type": "Feature", "id": 6726433194, "properties": {"amenity": "place_of_worship", "name": "St:Peters Orthodox Valiya Palli", "religion": "christian", "id": "osm-node-6726433194", "osm_type": "node", "osm_id": 6726433194, "category": "religious", "source": "OpenStreetMap (ODbL)"}, "geometry": {"type": "Point", "coordinates": [76.1734622, 11.6600905]}}, {"type": "Feature", "id": 6726487218, "properties": {"amenity": "place_of_worship", "name": "St.George Orthodox Church", "religion": "christian", "id": "osm-node-6726487218", "osm_type": "node", "osm_id": 6726487218, "category": "religious", "source": "OpenStreetMap (ODbL)"}, "geometry": {"type": "Point", "coordinates": [76.1332895, 11.6819101]}}, {"type": "Feature", "id": 6734569586, "properties": {"amenity": "place_of_worship", "name": "Saint Mary's Orthodox Cathedral", "religion": "christian", "id": "osm-node-6734569586", "osm_type": "node", "osm_id": 6734569586, "category": "religious", "source": "OpenStreetMap (ODbL)"}, "geometry": {"type": "Point", "coordinates": [76.2655494, 11.6645647]}}, {"type": "Feature", "id": 6734862195, "properties": {"amenity": "place_of_worship", "name": "St. Thomas Orthodox Pazhaya Pally", "religion": "christian", "id": "osm-node-6734862195", "osm_type": "node", "osm_id": 6734862195, "category": "religious", "source": "OpenStreetMap (ODbL)"}, "geometry": {"type": "Point", "coordinates": [76.2680305, 11.6442146]}}, {"type": "Feature", "id": 6734866391, "properties": {"amenity": "college", "name": "St. Mary's College sulthan bathery", "id": "osm-node-6734866391", "osm_type": "node", "osm_id": 6734866391, "category": "college", "source": "OpenStreetMap (ODbL)"}, "geometry": {"type": "Point", "coordinates": [76.2650408, 11.6789914]}}, {"type": "Feature", "id": 6734877125, "properties": {"amenity": "place_of_worship", "name": "St. George Orthodox Church", "religion": "christian", "id": "osm-node-6734877125", "osm_type": "node", "osm_id": 6734877125, "category": "religious", "source": "OpenStreetMap (ODbL)"}, "geometry": {"type": "Point", "coordinates": [76.2274326, 11.5506714]}}, {"type": "Feature", "id": 6734878219, "properties": {"amenity": "place_of_worship", "name": "St. Mary\u2019s Orthodox Church", "religion": "christian", "id": "osm-node-6734878219", "osm_type": "node", "osm_id": 6734878219, "category": "religious", "source": "OpenStreetMap (ODbL)"}, "geometry": {"type": "Point", "coordinates": [76.0868248, 11.6302812]}}, {"type": "Feature", "id": 6734887504, "properties": {"amenity": "place_of_worship", "name": "St. George Orthodox Church", "religion": "christian", "id": "osm-node-6734887504", "osm_type": "node", "osm_id": 6734887504, "category": "religious", "source": "OpenStreetMap (ODbL)"}, "geometry": {"type": "Point", "coordinates": [76.2136143, 11.630298]}}, {"type": "Feature", "id": 6742228828, "properties": {"amenity": "place_of_worship", "name": "St.Mary's Orthodox Church Kadalmad", "religion": "christian", "id": "osm-node-6742228828", "osm_type": "node", "osm_id": 6742228828, "category": "religious", "source": "OpenStreetMap (ODbL)"}, "geometry": {"type": "Point", "coordinates": [76.1975228, 11.5663731]}}, {"type": "Feature", "id": 6751777098, "properties": {"amenity": "place_of_worship", "name": "Korome st marys orthdox church palery", "religion": "christian", "id": "osm-node-6751777098", "osm_type": "node", "osm_id": 6751777098, "category": "religious", "source": "OpenStreetMap (ODbL)"}, "geometry": {"type": "Point", "coordinates": [75.8801294, 11.7564869]}}, {"type": "Feature", "id": 6756920457, "properties": {"name": "Meenmutty Falls", "tourism": "attraction", "waterway": "waterfall", "wikidata": "Q135580712", "id": "osm-node-6756920457", "osm_type": "node", "osm_id": 6756920457, "category": "tourism", "source": "OpenStreetMap (ODbL)"}, "geometry": {"type": "Point", "coordinates": [76.2366763, 11.5284064]}}, {"type": "Feature", "id": 6819860201, "properties": {"addr:city": "Mananthavady", "government": "administrative", "name": "Government Engineering College Wayanad Office", "office": "government", "id": "osm-node-6819860201", "osm_type": "node", "osm_id": 6819860201, "category": "government", "source": "OpenStreetMap (ODbL)"}, "geometry": {"type": "Point", "coordinates": [75.9702109, 11.8332844]}}, {"type": "Feature", "id": 6907965026, "properties": {"government": "public_service", "name": "KSEB Meenangadi", "office": "government", "id": "osm-node-6907965026", "osm_type": "node", "osm_id": 6907965026, "category": "government", "source": "OpenStreetMap (ODbL)"}, "geometry": {"type": "Point", "coordinates": [76.1605423, 11.6637992]}}, {"type": "Feature", "id": 6942476864, "properties": {"amenity": "place_of_worship", "name": "Malavayal Juma Masjid", "religion": "muslim", "id": "osm-node-6942476864", "osm_type": "node", "osm_id": 6942476864, "category": "religious", "source": "OpenStreetMap (ODbL)"}, "geometry": {"type": "Point", "coordinates": [76.2467588, 11.6315013]}}, {"type": "Feature", "id": 6953307936, "properties": {"addr:district": "Wayanad", "amenity": "hospital", "name": "Shrisha Hospital", "id": "osm-node-6953307936", "osm_type": "node", "osm_id": 6953307936, "category": "hospital", "source": "OpenStreetMap (ODbL)"}, "geometry": {"type": "Point", "coordinates": [76.1646844, 11.7934335]}}, {"type": "Feature", "id": 6953935603, "properties": {"addr:district": "Wayanad", "amenity": "hospital", "healthcare": "hospital", "name": "Victory Hospital", "id": "osm-node-6953935603", "osm_type": "node", "osm_id": 6953935603, "category": "hospital", "source": "OpenStreetMap (ODbL)"}, "geometry": {"type": "Point", "coordinates": [76.2572086, 11.6602708]}}, {"type": "Feature", "id": 6956345382, "properties": {"addr:district": "Wayanad", "amenity": "hospital", "healthcare": "hospital", "name": "Leo Hospital", "id": "osm-node-6956345382", "osm_type": "node", "osm_id": 6956345382, "category": "hospital", "source": "OpenStreetMap (ODbL)"}, "geometry": {"type": "Point", "coordinates": [76.0853072, 11.6045193]}}, {"type": "Feature", "id": 6956365498, "properties": {"addr:district": "Wayanad", "amenity": "hospital", "name": "K J Medical Trust Hospital", "id": "osm-node-6956365498", "osm_type": "node", "osm_id": 6956365498, "category": "hospital", "source": "OpenStreetMap (ODbL)"}, "geometry": {"type": "Point", "coordinates": [76.088562, 11.6295388]}}, {"type": "Feature", "id": 6956427934, "properties": {"addr:district": "Wayanad", "amenity": "clinic", "healthcare": "clinic", "name": "Kripa Nursing Home", "id": "osm-node-6956427934", "osm_type": "node", "osm_id": 6956427934, "category": "clinic", "source": "OpenStreetMap (ODbL)"}, "geometry": {"type": "Point", "coordinates": [76.083893, 11.6150825]}}, {"type": "Feature", "id": 6957302260, "properties": {"addr:district": "Wayanad", "amenity": "hospital", "emergency": "yes", "healthcare": "hospital", "name": "M.E.S. Hospital", "operator": "private", "operator:type": "private", "id": "osm-node-6957302260", "osm_type": "node", "osm_id": 6957302260, "category": "hospital", "source": "OpenStreetMap (ODbL)"}, "geometry": {"type": "Point", "coordinates": [76.2572546, 11.6616689]}}, {"type": "Feature", "id": 7057382234, "properties": {"addr:city": "Meenangadi", "amenity": "place_of_worship", "name": "St. Mary's Soonoro Syriac Orthodox E.A.E Church", "religion": "christian", "wikidata": "Q17010924", "wikipedia": "en:St. Mary's Church, Meenangadi", "id": "osm-node-7057382234", "osm_type": "node", "osm_id": 7057382234, "category": "religious", "source": "OpenStreetMap (ODbL)"}, "geometry": {"type": "Point", "coordinates": [76.1676061, 11.6593302]}}, {"type": "Feature", "id": 7130228002, "properties": {"amenity": "hospital", "healthcare": "hospital", "name": "Family Health Centre Meppadi", "operator": "Department of Health Services", "operator:type": "government", "id": "osm-node-7130228002", "osm_type": "node", "osm_id": 7130228002, "category": "hospital", "source": "OpenStreetMap (ODbL)"}, "geometry": {"type": "Point", "coordinates": [76.130717, 11.5584994]}}, {"type": "Feature", "id": 7130237358, "properties": {"amenity": "school", "name": "High School Meppadi", "id": "osm-node-7130237358", "osm_type": "node", "osm_id": 7130237358, "category": "school", "source": "OpenStreetMap (ODbL)"}, "geometry": {"type": "Point", "coordinates": [76.130612, 11.5604563]}}, {"type": "Feature", "id": 7398792182, "properties": {"addr:city": "Meenangadi", "government": "village_office", "name": "Village Office, Purakkadi", "office": "government", "id": "osm-node-7398792182", "osm_type": "node", "osm_id": 7398792182, "category": "government", "source": "OpenStreetMap (ODbL)"}, "geometry": {"type": "Point", "coordinates": [76.1622695, 11.6607468]}}, {"type": "Feature", "id": 7398810590, "properties": {"addr:city": "Meenangadi", "amenity": "hospital", "healthcare": "hospital", "name": "Community Health Caenter, Meenanagadi", "name:ml": "\u0d38\u0d3e\u0d2e\u0d42\u0d39\u0d3f\u0d15\u0d3e\u0d30\u0d4b\u0d17\u0d4d\u0d2f \u0d15\u0d47\u0d28\u0d4d\u0d26\u0d4d\u0d30\u0d02 , \u0d2e\u0d40\u0d28\u0d19\u0d4d\u0d19\u0d3e\u0d1f\u0d3f", "id": "osm-node-7398810590", "osm_type": "node", "osm_id": 7398810590, "category": "hospital", "source": "OpenStreetMap (ODbL)"}, "geometry": {"type": "Point", "coordinates": [76.1678844, 11.6645151]}}, {"type": "Feature", "id": 7398810597, "properties": {"amenity": "school", "healthcare": "doctor", "name": "GLPS Meenangadi", "operator:type": "government", "id": "osm-node-7398810597", "osm_type": "node", "osm_id": 7398810597, "category": "clinic", "source": "OpenStreetMap (ODbL)"}, "geometry": {"type": "Point", "coordinates": [76.1670961, 11.6630285]}}, {"type": "Feature", "id": 7398810608, "properties": {"government": "administrative", "name": "Grama panchayat office Meenangadi", "office": "government", "id": "osm-node-7398810608", "osm_type": "node", "osm_id": 7398810608, "category": "government", "source": "OpenStreetMap (ODbL)"}, "geometry": {"type": "Point", "coordinates": [76.1614125, 11.6593824]}}, {"type": "Feature", "id": 7428736620, "properties": {"name": "Soochipara Water Falls", "name:ml": "\u0d38\u0d42\u0d1a\u0d3f\u0d2a\u0d4d\u0d2a\u0d3e\u0d31 \u0d35\u0d46\u0d33\u0d4d\u0d33\u0d1a\u0d4d\u0d1a\u0d3e\u0d1f\u0d4d\u0d1f\u0d02", "tourism": "attraction", "waterway": "waterfall", "wikidata": "Q38299", "id": "osm-node-7428736620", "osm_type": "node", "osm_id": 7428736620, "category": "tourism", "source": "OpenStreetMap (ODbL)"}, "geometry": {"type": "Point", "coordinates": [76.1634288, 11.5112151]}}, {"type": "Feature", "id": 7436993775, "properties": {"name": "Diversion Weir", "operator": "Kerala Irrigation Department", "waterway": "weir", "id": "osm-node-7436993775", "osm_type": "node", "osm_id": 7436993775, "category": "weir", "source": "OpenStreetMap (ODbL)"}, "geometry": {"type": "Point", "coordinates": [75.9129301, 11.7613648]}}, {"type": "Feature", "id": 7444438791, "properties": {"waterway": "dam", "id": "osm-node-7444438791", "osm_type": "node", "osm_id": 7444438791, "category": "dam", "source": "OpenStreetMap (ODbL)"}, "geometry": {"type": "Point", "coordinates": [75.8797905, 11.7671394]}}, {"type": "Feature", "id": 7444604003, "properties": {"amenity": "college", "name": "NCC Camp ground", "id": "osm-node-7444604003", "osm_type": "node", "osm_id": 7444604003, "category": "college", "source": "OpenStreetMap (ODbL)"}, "geometry": {"type": "Point", "coordinates": [76.0005941, 11.7785799]}}, {"type": "Feature", "id": 7444604132, "properties": {"amenity": "school", "name": "Government Model Higher Secondary School, Varkala", "id": "osm-node-7444604132", "osm_type": "node", "osm_id": 7444604132, "category": "school", "source": "OpenStreetMap (ODbL)"}, "geometry": {"type": "Point", "coordinates": [75.9555439, 11.7301736]}}, {"type": "Feature", "id": 7453210715, "properties": {"waterway": "dam", "id": "osm-node-7453210715", "osm_type": "node", "osm_id": 7453210715, "category": "dam", "source": "OpenStreetMap (ODbL)"}, "geometry": {"type": "Point", "coordinates": [75.9004856, 11.7412885]}}, {"type": "Feature", "id": 7457686418, "properties": {"amenity": "place_of_worship", "name": "Essatul eslam Mdrasa", "religion": "muslim", "id": "osm-node-7457686418", "osm_type": "node", "osm_id": 7457686418, "category": "religious", "source": "OpenStreetMap (ODbL)"}, "geometry": {"type": "Point", "coordinates": [76.2468821, 11.631556]}}, {"type": "Feature", "id": 7459009561, "properties": {"amenity": "place_of_worship", "name": "Kenichira Juma Masjid", "religion": "muslim", "id": "osm-node-7459009561", "osm_type": "node", "osm_id": 7459009561, "category": "religious", "source": "OpenStreetMap (ODbL)"}, "geometry": {"type": "Point", "coordinates": [76.1510087, 11.7231489]}}, {"type": "Feature", "id": 7459061508, "properties": {"addr:city": "Kenichira", "government": "panchayath_office", "name": "Grama Panchayat Office, Poothadi", "office": "government", "phone": "+91-4936211522", "website": "http://lsgkerala.in/poothadipanchayat/", "id": "osm-node-7459061508", "osm_type": "node", "osm_id": 7459061508, "category": "government", "source": "OpenStreetMap (ODbL)"}, "geometry": {"type": "Point", "coordinates": [76.1531016, 11.7238358]}}, {"type": "Feature", "id": 7461887395, "properties": {"amenity": "place_of_worship", "name": "Athirattil Bagavathi Temple", "religion": "hindu", "id": "osm-node-7461887395", "osm_type": "node", "osm_id": 7461887395, "category": "religious", "source": "OpenStreetMap (ODbL)"}, "geometry": {"type": "Point", "coordinates": [76.1591615, 11.7338944]}}, {"type": "Feature", "id": 7462016402, "properties": {"amenity": "place_of_worship", "name": "St Mary's Church Valanchery", "religion": "christian", "id": "osm-node-7462016402", "osm_type": "node", "osm_id": 7462016402, "category": "religious", "source": "OpenStreetMap (ODbL)"}, "geometry": {"type": "Point", "coordinates": [76.1795995, 11.7315196]}}, {"type": "Feature", "id": 7462117575, "properties": {"amenity": "place_of_worship", "name": "Mahadeva Temple - Vattathani", "religion": "hindu", "id": "osm-node-7462117575", "osm_type": "node", "osm_id": 7462117575, "category": "religious", "source": "OpenStreetMap (ODbL)"}, "geometry": {"type": "Point", "coordinates": [76.1961465, 11.7181721]}}, {"type": "Feature", "id": 7462128977, "properties": {"amenity": "place_of_worship", "name": "Vattathani Sri Mahavishnu Temple", "religion": "hindu", "id": "osm-node-7462128977", "osm_type": "node", "osm_id": 7462128977, "category": "religious", "source": "OpenStreetMap (ODbL)"}, "geometry": {"type": "Point", "coordinates": [76.195032, 11.7078044]}}, {"type": "Feature", "id": 7462189717, "properties": {"amenity": "place_of_worship", "name": "St.Antony's Church", "religion": "christian", "id": "osm-node-7462189717", "osm_type": "node", "osm_id": 7462189717, "category": "religious", "source": "OpenStreetMap (ODbL)"}, "geometry": {"type": "Point", "coordinates": [76.1995393, 11.6998624]}}, {"type": "Feature", "id": 7462306902, "properties": {"healthcare": "hospital", "name": "Dawakhana Unani Hospital & Hijama Centre", "id": "osm-node-7462306902", "osm_type": "node", "osm_id": 7462306902, "category": "hospital", "source": "OpenStreetMap (ODbL)"}, "geometry": {"type": "Point", "coordinates": [76.2072688, 11.6971755]}}, {"type": "Feature", "id": 7462322940, "properties": {"amenity": "place_of_worship", "name": "Sree Narayana Guru Temple", "religion": "hindu", "id": "osm-node-7462322940", "osm_type": "node", "osm_id": 7462322940, "category": "religious", "source": "OpenStreetMap (ODbL)"}, "geometry": {"type": "Point", "coordinates": [76.207922, 11.6953439]}}, {"type": "Feature", "id": 7462345025, "properties": {"amenity": "place_of_worship", "name": "Sivapuram Mahasiva Temple", "religion": "hindu", "id": "osm-node-7462345025", "osm_type": "node", "osm_id": 7462345025, "category": "religious", "source": "OpenStreetMap (ODbL)"}, "geometry": {"type": "Point", "coordinates": [76.2060999, 11.6817061]}}, {"type": "Feature", "id": 7462494780, "properties": {"amenity": "place_of_worship", "name": "Dhottappankulam Masjid", "religion": "muslim", "id": "osm-node-7462494780", "osm_type": "node", "osm_id": 7462494780, "category": "religious", "source": "OpenStreetMap (ODbL)"}, "geometry": {"type": "Point", "coordinates": [76.2415627, 11.6609553]}}, {"type": "Feature", "id": 7462622366, "properties": {"government": "government", "name": "Pulpally Panchayat Office", "office": "government", "id": "osm-node-7462622366", "osm_type": "node", "osm_id": 7462622366, "category": "government", "source": "OpenStreetMap (ODbL)"}, "geometry": {"type": "Point", "coordinates": [76.1665841, 11.7895133]}}, {"type": "Feature", "id": 7462625812, "properties": {"amenity": "place_of_worship", "name": "Sree Pulpally Murikkanmar Devaswom", "religion": "hindu", "id": "osm-node-7462625812", "osm_type": "node", "osm_id": 7462625812, "category": "religious", "source": "OpenStreetMap (ODbL)"}, "geometry": {"type": "Point", "coordinates": [76.1663134, 11.7922399]}}, {"type": "Feature", "id": 7462625814, "properties": {"addr:city": "Pulpally", "name": "Sub Registrar Office Pulpally", "office": "government", "id": "osm-node-7462625814", "osm_type": "node", "osm_id": 7462625814, "category": "government", "source": "OpenStreetMap (ODbL)"}, "geometry": {"type": "Point", "coordinates": [76.1643758, 11.7927294]}}, {"type": "Feature", "id": 7462625816, "properties": {"addr:city": "Pulpally", "amenity": "police", "name": "Police Station,Pulpally", "phone": "+91-4936 240-294", "id": "osm-node-7462625816", "osm_type": "node", "osm_id": 7462625816, "category": "police", "source": "OpenStreetMap (ODbL)"}, "geometry": {"type": "Point", "coordinates": [76.1648759, 11.793453]}}, {"type": "Feature", "id": 7462625817, "properties": {"addr:city": "Pulpally", "amenity": "hospital", "healthcare": "hospital", "name": "Community Health Center Pulpally", "phone": "+91-4936 240-406", "id": "osm-node-7462625817", "osm_type": "node", "osm_id": 7462625817, "category": "hospital", "source": "OpenStreetMap (ODbL)"}, "geometry": {"type": "Point", "coordinates": [76.1651668, 11.7942969]}}, {"type": "Feature", "id": 7462751780, "properties": {"amenity": "place_of_worship", "name": "Rahmania Juma Masjid", "religion": "muslim", "id": "osm-node-7462751780", "osm_type": "node", "osm_id": 7462751780, "category": "religious", "source": "OpenStreetMap (ODbL)"}, "geometry": {"type": "Point", "coordinates": [76.1646753, 11.7969776]}}, {"type": "Feature", "id": 7462844580, "properties": {"addr:city": "Pulpally", "healthcare": "hospital", "name": "Vimala Mary Ayurveda Mission Hospital", "id": "osm-node-7462844580", "osm_type": "node", "osm_id": 7462844580, "category": "hospital", "source": "OpenStreetMap (ODbL)"}, "geometry": {"type": "Point", "coordinates": [76.1624685, 11.792737]}}, {"type": "Feature", "id": 7466120908, "properties": {"name": "Irulam Village Office", "office": "government", "id": "osm-node-7466120908", "osm_type": "node", "osm_id": 7466120908, "category": "government", "source": "OpenStreetMap (ODbL)"}, "geometry": {"type": "Point", "coordinates": [76.1932038, 11.7489143]}}, {"type": "Feature", "id": 7466280283, "properties": {"addr:city": "Vythiri", "name": "Asdani Adventure", "tourism": "attraction", "id": "osm-node-7466280283", "osm_type": "node", "osm_id": 7466280283, "category": "tourism", "source": "OpenStreetMap (ODbL)"}, "geometry": {"type": "Point", "coordinates": [76.0431838, 11.5649843]}}, {"type": "Feature", "id": 7468095060, "properties": {"amenity": "school", "name": "Kunthani School", "id": "osm-node-7468095060", "osm_type": "node", "osm_id": 7468095060, "category": "school", "source": "OpenStreetMap (ODbL)"}, "geometry": {"type": "Point", "coordinates": [76.2597093, 11.6315066]}}, {"type": "Feature", "id": 7470718256, "properties": {"amenity": "police", "name": "Police Station,sulthan bathery", "name:ml": "\u0d2a\u0d47\u0d3e\u0d32\u0d40\u0d38\u0d4d \u0d38\u0d4d\u0d31\u0d4d\u0d31\u0d47\u0d37\u0d7b", "id": "osm-node-7470718256", "osm_type": "node", "osm_id": 7470718256, "category": "police", "source": "OpenStreetMap (ODbL)"}, "geometry": {"type": "Point", "coordinates": [76.2606269, 11.6628947]}}, {"type": "Feature", "id": 7470718257, "properties": {"addr:city": "Sulthan's Bathery", "amenity": "hospital", "emergency": "yes", "healthcare": "hospital", "name": "Taluk Hospital, Sulthan Bathery", "name:ml": "\u0d24\u0d3e\u0d32\u0d42\u0d15\u0d4d\u0d15\u0d4d \u0d06\u0d38\u0d4d\u0d25\u0d3e\u0d28 \u0d06\u0d36\u0d41\u0d2a\u0d24\u0d4d\u0d30\u0d3f, \u0d38\u0d41\u0d7d\u0d24\u0d4d\u0d24\u0d3e\u0d7b \u0d2c\u0d24\u0d4d\u0d24\u0d47\u0d30\u0d3f", "operator": "Directorate of Health Services", "operator:type": "government", "phone": "+91-4936221200", "id": "osm-node-7470718257", "osm_type": "node", "osm_id": 7470718257, "category": "hospital", "source": "OpenStreetMap (ODbL)"}, "geometry": {"type": "Point", "coordinates": [76.2634851, 11.6586103]}}, {"type": "Feature", "id": 7471495736, "properties": {"amenity": "place_of_worship", "name": "Mar Gregorios Church", "religion": "christian", "id": "osm-node-7471495736", "osm_type": "node", "osm_id": 7471495736, "category": "religious", "source": "OpenStreetMap (ODbL)"}, "geometry": {"type": "Point", "coordinates": [76.0425386, 11.8283933]}}, {"type": "Feature", "id": 7471531856, "properties": {"name": "Koodal Kadavu Check Dam", "waterway": "dam", "id": "osm-node-7471531856", "osm_type": "node", "osm_id": 7471531856, "category": "dam", "source": "OpenStreetMap (ODbL)"}, "geometry": {"type": "Point", "coordinates": [76.0764504, 11.804483]}}, {"type": "Feature", "id": 7471589950, "properties": {"name": "Check Dam Palvelicham", "waterway": "dam", "id": "osm-node-7471589950", "osm_type": "node", "osm_id": 7471589950, "category": "dam", "source": "OpenStreetMap (ODbL)"}, "geometry": {"type": "Point", "coordinates": [76.0887138, 11.8284186]}}, {"type": "Feature", "id": 7471589951, "properties": {"name": "Palvelicham Pump House", "office": "government", "id": "osm-node-7471589951", "osm_type": "node", "osm_id": 7471589951, "category": "government", "source": "OpenStreetMap (ODbL)"}, "geometry": {"type": "Point", "coordinates": [76.0874996, 11.8274067]}}, {"type": "Feature", "id": 7472713041, "properties": {"amenity": "place_of_worship", "name": "St jude knanaya church 60 kavala", "religion": "christian", "id": "osm-node-7472713041", "osm_type": "node", "osm_id": 7472713041, "category": "religious", "source": "OpenStreetMap (ODbL)"}, "geometry": {"type": "Point", "coordinates": [76.1751856, 11.850968]}}, {"type": "Feature", "id": 7473166727, "properties": {"amenity": "place_of_worship", "name": "Nirmalagiri Aramana - Malankara Orthodox Syrian Church", "religion": "christian", "id": "osm-node-7473166727", "osm_type": "node", "osm_id": 7473166727, "category": "religious", "source": "OpenStreetMap (ODbL)"}, "geometry": {"type": "Point", "coordinates": [76.2489424, 11.655649]}}, {"type": "Feature", "id": 7475640445, "properties": {"amenity": "place_of_worship", "name": "La Salette Ashram", "religion": "christian", "id": "osm-node-7475640445", "osm_type": "node", "osm_id": 7475640445, "category": "religious", "source": "OpenStreetMap (ODbL)"}, "geometry": {"type": "Point", "coordinates": [76.0988912, 11.751437]}}, {"type": "Feature", "id": 7475810036, "properties": {"amenity": "place_of_worship", "name": "Sree Dhurga Devi Temple", "religion": "hindu", "id": "osm-node-7475810036", "osm_type": "node", "osm_id": 7475810036, "category": "religious", "source": "OpenStreetMap (ODbL)"}, "geometry": {"type": "Point", "coordinates": [76.2687184, 11.6824705]}}, {"type": "Feature", "id": 7475814312, "properties": {"amenity": "place_of_worship", "name": "nooriyya masjid", "religion": "muslim", "id": "osm-node-7475814312", "osm_type": "node", "osm_id": 7475814312, "category": "religious", "source": "OpenStreetMap (ODbL)"}, "geometry": {"type": "Point", "coordinates": [76.2742727, 11.6925614]}}, {"type": "Feature", "id": 7475929043, "properties": {"amenity": "place_of_worship", "name": "Shiva Temple", "religion": "hindu", "id": "osm-node-7475929043", "osm_type": "node", "osm_id": 7475929043, "category": "religious", "source": "OpenStreetMap (ODbL)"}, "geometry": {"type": "Point", "coordinates": [76.2754293, 11.6984682]}}, {"type": "Feature", "id": 7477800291, "properties": {"amenity": "place_of_worship", "name": "St. Sebastian Church Padichira", "religion": "christian", "id": "osm-node-7477800291", "osm_type": "node", "osm_id": 7477800291, "category": "religious", "source": "OpenStreetMap (ODbL)"}, "geometry": {"type": "Point", "coordinates": [76.1772548, 11.8361765]}}, {"type": "Feature", "id": 7479173997, "properties": {"addr:city": "Pallikkal", "amenity": "hospital", "emergency": "no", "healthcare": "hospital", "name": "Family Health centre  Edavaka", "operator": "DHS(DEPARTMENT OF HEALTH SERVICES)", "operator:type": "government", "id": "osm-node-7479173997", "osm_type": "node", "osm_id": 7479173997, "category": "hospital", "source": "OpenStreetMap (ODbL)"}, "geometry": {"type": "Point", "coordinates": [75.9764867, 11.7764224]}}, {"type": "Feature", "id": 7482404230, "properties": {"amenity": "place_of_worship", "name": "Sree kurikkilal bhagavathi temple", "religion": "hindu", "id": "osm-node-7482404230", "osm_type": "node", "osm_id": 7482404230, "category": "religious", "source": "OpenStreetMap (ODbL)"}, "geometry": {"type": "Point", "coordinates": [75.9013479, 11.7932411]}}, {"type": "Feature", "id": 7484044396, "properties": {"amenity": "place_of_worship", "name": "Juma Masjid", "religion": "muslim", "id": "osm-node-7484044396", "osm_type": "node", "osm_id": 7484044396, "category": "religious", "source": "OpenStreetMap (ODbL)"}, "geometry": {"type": "Point", "coordinates": [76.1334602, 11.5531554]}}, {"type": "Feature", "id": 7484121871, "properties": {"amenity": "school", "name": "Benz Driving School Test Ground", "id": "osm-node-7484121871", "osm_type": "node", "osm_id": 7484121871, "category": "school", "source": "OpenStreetMap (ODbL)"}, "geometry": {"type": "Point", "coordinates": [76.134668, 11.5526385]}}, {"type": "Feature", "id": 7484197306, "properties": {"amenity": "clinic", "healthcare": "clinic", "name": "Meppadi Govt.Homoeo Dispensary", "id": "osm-node-7484197306", "osm_type": "node", "osm_id": 7484197306, "category": "clinic", "source": "OpenStreetMap (ODbL)"}, "geometry": {"type": "Point", "coordinates": [76.1342805, 11.5529974]}}, {"type": "Feature", "id": 7484258782, "properties": {"amenity": "place_of_worship", "name": "CSI Church", "religion": "christian", "id": "osm-node-7484258782", "osm_type": "node", "osm_id": 7484258782, "category": "religious", "source": "OpenStreetMap (ODbL)"}, "geometry": {"type": "Point", "coordinates": [76.1363287, 11.5532295]}}, {"type": "Feature", "id": 7500678949, "properties": {"amenity": "place_of_worship", "name": "Thalapuzha juma masjid", "religion": "muslim", "id": "osm-node-7500678949", "osm_type": "node", "osm_id": 7500678949, "category": "religious", "source": "OpenStreetMap (ODbL)"}, "geometry": {"type": "Point", "coordinates": [75.9541233, 11.8412461]}}, {"type": "Feature", "id": 7502483751, "properties": {"amenity": "hospital", "healthcare": "hospital", "name": "Govt. Homoeo Dispensary Kolery", "id": "osm-node-7502483751", "osm_type": "node", "osm_id": 7502483751, "category": "hospital", "source": "OpenStreetMap (ODbL)"}, "geometry": {"type": "Point", "coordinates": [76.1624716, 11.7041382]}}, {"type": "Feature", "id": 7509454165, "properties": {"amenity": "townhall", "name": "Meenangadi Panchayath Community Hall", "id": "osm-node-7509454165", "osm_type": "node", "osm_id": 7509454165, "category": "community", "source": "OpenStreetMap (ODbL)"}, "geometry": {"type": "Point", "coordinates": [76.1578498, 11.6550388]}}, {"type": "Feature", "id": 7509652403, "properties": {"amenity": "place_of_worship", "name": "kudamkunn juma masjid", "religion": "muslim", "id": "osm-node-7509652403", "osm_type": "node", "osm_id": 7509652403, "category": "religious", "source": "OpenStreetMap (ODbL)"}, "geometry": {"type": "Point", "coordinates": [75.903665, 11.7908415]}}, {"type": "Feature", "id": 7509777671, "properties": {"amenity": "place_of_worship", "name": "Subramanya Temple Nambikolly", "religion": "hindu", "id": "osm-node-7509777671", "osm_type": "node", "osm_id": 7509777671, "category": "religious", "source": "OpenStreetMap (ODbL)"}, "geometry": {"type": "Point", "coordinates": [76.3028059, 11.6405722]}}, {"type": "Feature", "id": 7510973183, "properties": {"amenity": "place_of_worship", "name": "Chelakolly siva temple", "religion": "hindu", "id": "osm-node-7510973183", "osm_type": "node", "osm_id": 7510973183, "category": "religious", "source": "OpenStreetMap (ODbL)"}, "geometry": {"type": "Point", "coordinates": [76.1961009, 11.729596]}}, {"type": "Feature", "id": 7511181106, "properties": {"amenity": "place_of_worship", "name": "Valad Puthoor Juma Majid", "religion": "muslim", "id": "osm-node-7511181106", "osm_type": "node", "osm_id": 7511181106, "category": "religious", "source": "OpenStreetMap (ODbL)"}, "geometry": {"type": "Point", "coordinates": [75.9117095, 11.7928564]}}, {"type": "Feature", "id": 7511567742, "properties": {"amenity": "place_of_worship", "name": "Cheriyamoola juma masjid", "religion": "muslim", "id": "osm-node-7511567742", "osm_type": "node", "osm_id": 7511567742, "category": "religious", "source": "OpenStreetMap (ODbL)"}, "geometry": {"type": "Point", "coordinates": [75.8955532, 11.7906075]}}, {"type": "Feature", "id": 7511690517, "properties": {"amenity": "place_of_worship", "name": "hanuman covil;GVN textiles", "religion": "hindu", "id": "osm-node-7511690517", "osm_type": "node", "osm_id": 7511690517, "category": "religious", "source": "OpenStreetMap (ODbL)"}, "geometry": {"type": "Point", "coordinates": [76.1662183, 11.7920082]}}, {"type": "Feature", "id": 7511696468, "properties": {"amenity": "shelter", "name": "Ponnada Waiting Shed", "shelter_type": "public_transport", "id": "osm-node-7511696468", "osm_type": "node", "osm_id": 7511696468, "category": "shelter_structure", "source": "OpenStreetMap (ODbL)"}, "geometry": {"type": "Point", "coordinates": [76.0493265, 11.6323622]}}, {"type": "Feature", "id": 7513011839, "properties": {"government": "village_office", "name": "Village Office, Cheeral", "office": "government", "id": "osm-node-7513011839", "osm_type": "node", "osm_id": 7513011839, "category": "government", "source": "OpenStreetMap (ODbL)"}, "geometry": {"type": "Point", "coordinates": [76.3119854, 11.6083441]}}, {"type": "Feature", "id": 7513040511, "properties": {"amenity": "hospital", "healthcare": "hospital", "name": "Family Health Centre Cheeral", "id": "osm-node-7513040511", "osm_type": "node", "osm_id": 7513040511, "category": "hospital", "source": "OpenStreetMap (ODbL)"}, "geometry": {"type": "Point", "coordinates": [76.316114, 11.610521]}}, {"type": "Feature", "id": 7513040582, "properties": {"addr:city": "Cheeral", "amenity": "school", "name": "Gvt.High school Cheeral", "operator": "HEAD MASTER", "operator:type": "government", "id": "osm-node-7513040582", "osm_type": "node", "osm_id": 7513040582, "category": "school", "source": "OpenStreetMap (ODbL)"}, "geometry": {"type": "Point", "coordinates": [76.3146417, 11.6090243]}}, {"type": "Feature", "id": 7513040730, "properties": {"addr:city": "Cheeral", "amenity": "school", "name": "AUPS Cheeral", "wikidata": "Q64522526", "id": "osm-node-7513040730", "osm_type": "node", "osm_id": 7513040730, "category": "school", "source": "OpenStreetMap (ODbL)"}, "geometry": {"type": "Point", "coordinates": [76.3155391, 11.6079817]}}, {"type": "Feature", "id": 7513040796, "properties": {"amenity": "school", "name": "Govt Higher Secondary School Cheeral", "id": "osm-node-7513040796", "osm_type": "node", "osm_id": 7513040796, "category": "school", "source": "OpenStreetMap (ODbL)"}, "geometry": {"type": "Point", "coordinates": [76.3149779, 11.6084305]}}, {"type": "Feature", "id": 7514971149, "properties": {"amenity": "school", "name": "Government  Higher Secondary School Valad", "id": "osm-node-7514971149", "osm_type": "node", "osm_id": 7514971149, "category": "school", "source": "OpenStreetMap (ODbL)"}, "geometry": {"type": "Point", "coordinates": [75.8864841, 11.7965268]}}, {"type": "Feature", "id": 7515020665, "properties": {"amenity": "college", "name": "MES  Women's College", "id": "osm-node-7515020665", "osm_type": "node", "osm_id": 7515020665, "category": "college", "source": "OpenStreetMap (ODbL)"}, "geometry": {"type": "Point", "coordinates": [76.0833926, 11.6152009]}}, {"type": "Feature", "id": 7515020678, "properties": {"government": "government", "name": "Muncipality Office Kalpetta", "office": "government", "id": "osm-node-7515020678", "osm_type": "node", "osm_id": 7515020678, "category": "government", "source": "OpenStreetMap (ODbL)"}, "geometry": {"type": "Point", "coordinates": [76.0841678, 11.6180384]}}, {"type": "Feature", "id": 7515391433, "properties": {"amenity": "hospital", "healthcare": "hospital", "id": "osm-node-7515391433", "osm_type": "node", "osm_id": 7515391433, "category": "hospital", "source": "OpenStreetMap (ODbL)"}, "geometry": {"type": "Point", "coordinates": [76.3222925, 11.6045773]}}, {"type": "Feature", "id": 7515413006, "properties": {"amenity": "hospital", "healthcare": "hospital", "name": "district ayurvedic hospital", "id": "osm-node-7515413006", "osm_type": "node", "osm_id": 7515413006, "category": "hospital", "source": "OpenStreetMap (ODbL)"}, "geometry": {"type": "Point", "coordinates": [76.0813997, 11.6171614]}}, {"type": "Feature", "id": 7515413063, "properties": {"amenity": "place_of_worship", "name": "gramam", "religion": "hindu", "id": "osm-node-7515413063", "osm_type": "node", "osm_id": 7515413063, "category": "religious", "source": "OpenStreetMap (ODbL)"}, "geometry": {"type": "Point", "coordinates": [76.0779102, 11.6189899]}}, {"type": "Feature", "id": 7516393943, "properties": {"amenity": "place_of_worship", "name": "kochuvayal mosque (under East Vellilady)", "religion": "muslim", "id": "osm-node-7516393943", "osm_type": "node", "osm_id": 7516393943, "category": "religious", "source": "OpenStreetMap (ODbL)"}, "geometry": {"type": "Point", "coordinates": [75.932577, 11.7405563]}}, {"type": "Feature", "id": 7516428285, "properties": {"amenity": "place_of_worship", "name": "vellamunda mosque", "religion": "muslim", "id": "osm-node-7516428285", "osm_type": "node", "osm_id": 7516428285, "category": "religious", "source": "OpenStreetMap (ODbL)"}, "geometry": {"type": "Point", "coordinates": [75.9365282, 11.7344594]}}, {"type": "Feature", "id": 7516625559, "properties": {"name": "check dam", "waterway": "dam", "id": "osm-node-7516625559", "osm_type": "node", "osm_id": 7516625559, "category": "dam", "source": "OpenStreetMap (ODbL)"}, "geometry": {"type": "Point", "coordinates": [76.3003408, 11.6363563]}}, {"type": "Feature", "id": 7518899325, "properties": {"amenity": "place_of_worship", "name": "Mudiyanpuli Kuttichathan Temple", "religion": "hindu", "id": "osm-node-7518899325", "osm_type": "node", "osm_id": 7518899325, "category": "religious", "source": "OpenStreetMap (ODbL)"}, "geometry": {"type": "Point", "coordinates": [76.2426536, 11.6309805]}}, {"type": "Feature", "id": 7518899326, "properties": {"amenity": "place_of_worship", "name": "Malavayal Sree Siva Temple", "religion": "hindu", "id": "osm-node-7518899326", "osm_type": "node", "osm_id": 7518899326, "category": "religious", "source": "OpenStreetMap (ODbL)"}, "geometry": {"type": "Point", "coordinates": [76.2443756, 11.6309122]}}, {"type": "Feature", "id": 7519176113, "properties": {"emergency": "ambulance_station", "name": "karakkandy hospital", "operator": "9645901138", "id": "osm-node-7519176113", "osm_type": "node", "osm_id": 7519176113, "category": "emergency_service", "source": "OpenStreetMap (ODbL)"}, "geometry": {"type": "Point", "coordinates": [76.2661885, 11.673535]}}, {"type": "Feature", "id": 7520961468, "properties": {"amenity": "clinic", "healthcare": "clinic", "id": "osm-node-7520961468", "osm_type": "node", "osm_id": 7520961468, "category": "clinic", "source": "OpenStreetMap (ODbL)"}, "geometry": {"type": "Point", "coordinates": [76.2662158, 11.6734305]}}, {"type": "Feature", "id": 7521373174, "properties": {"amenity": "school", "name": "Bhavans Vidhya Mandir", "id": "osm-node-7521373174", "osm_type": "node", "osm_id": 7521373174, "category": "school", "source": "OpenStreetMap (ODbL)"}, "geometry": {"type": "Point", "coordinates": [76.2372766, 11.6660353]}}, {"type": "Feature", "id": 7525121179, "properties": {"amenity": "school", "name": "ASAP Community Skill Park Mananthavadi", "id": "osm-node-7525121179", "osm_type": "node", "osm_id": 7525121179, "category": "school", "source": "OpenStreetMap (ODbL)"}, "geometry": {"type": "Point", "coordinates": [76.0004797, 11.7778243]}}, {"type": "Feature", "id": 7525132996, "properties": {"amenity": "place_of_worship", "name": "Palliyara sree bhagavathi temple pandikadavu", "religion": "hindu", "id": "osm-node-7525132996", "osm_type": "node", "osm_id": 7525132996, "category": "religious", "source": "OpenStreetMap (ODbL)"}, "geometry": {"type": "Point", "coordinates": [75.9953534, 11.7930755]}}, {"type": "Feature", "id": 7525139309, "properties": {"amenity": "place_of_worship", "name": "St. Sebastian's Church, Mangalassary", "religion": "christian", "id": "osm-node-7525139309", "osm_type": "node", "osm_id": 7525139309, "category": "religious", "source": "OpenStreetMap (ODbL)"}, "geometry": {"type": "Point", "coordinates": [75.9267193, 11.7226654]}}, {"type": "Feature", "id": 7525745851, "properties": {"amenity": "place_of_worship", "name": "Masjidul Rahma", "religion": "muslim", "id": "osm-node-7525745851", "osm_type": "node", "osm_id": 7525745851, "category": "religious", "source": "OpenStreetMap (ODbL)"}, "geometry": {"type": "Point", "coordinates": [76.0319129, 11.6246998]}}, {"type": "Feature", "id": 7528708427, "properties": {"amenity": "hospital", "healthcare": "hospital", "name": "Tribal Medical Unit, Vythiri", "operator": "DEPARTMENT OF HEALTH SERVICES", "operator:type": "government", "id": "osm-node-7528708427", "osm_type": "node", "osm_id": 7528708427, "category": "hospital", "source": "OpenStreetMap (ODbL)"}, "geometry": {"type": "Point", "coordinates": [76.0384745, 11.5486243]}}, {"type": "Feature", "id": 7528755817, "properties": {"amenity": "place_of_worship", "name": "St. Mary's Church Puzhamudi", "religion": "christian", "id": "osm-node-7528755817", "osm_type": "node", "osm_id": 7528755817, "category": "religious", "source": "OpenStreetMap (ODbL)"}, "geometry": {"type": "Point", "coordinates": [76.0521905, 11.6110407]}}, {"type": "Feature", "id": 7531535068, "properties": {"amenity": "clinic", "healthcare": "clinic", "id": "osm-node-7531535068", "osm_type": "node", "osm_id": 7531535068, "category": "clinic", "source": "OpenStreetMap (ODbL)"}, "geometry": {"type": "Point", "coordinates": [76.0824293, 11.6098436]}}, {"type": "Feature", "id": 7531693576, "properties": {"name": "Edakkal Ayiramkolly VCB", "operator": "Kerala Irrigation Department", "waterway": "weir", "id": "osm-node-7531693576", "osm_type": "node", "osm_id": 7531693576, "category": "weir", "source": "OpenStreetMap (ODbL)"}, "geometry": {"type": "Point", "coordinates": [76.2176443, 11.6269969]}}, {"type": "Feature", "id": 7536876547, "properties": {"addr:city": "vellamunda", "amenity": "internet_cafe", "government": "public_service", "name": "Akshaya E Centre,Vellamunda", "id": "osm-node-7536876547", "osm_type": "node", "osm_id": 7536876547, "category": "government", "source": "OpenStreetMap (ODbL)"}, "geometry": {"type": "Point", "coordinates": [75.9565736, 11.7340863]}}, {"type": "Feature", "id": 7536929349, "properties": {"addr:city": "vellamunda", "government": "public_service", "name": "Kerala State Electricity Board", "office": "energy_supplier", "id": "osm-node-7536929349", "osm_type": "node", "osm_id": 7536929349, "category": "government", "source": "OpenStreetMap (ODbL)"}, "geometry": {"type": "Point", "coordinates": [75.9572175, 11.7339383]}}, {"type": "Feature", "id": 7543905624, "properties": {"amenity": "shelter", "id": "osm-node-7543905624", "osm_type": "node", "osm_id": 7543905624, "category": "shelter_structure", "source": "OpenStreetMap (ODbL)"}, "geometry": {"type": "Point", "coordinates": [76.0699971, 11.6131703]}}, {"type": "Feature", "id": 7577168269, "properties": {"name": "Thondernadu", "operator": "Kerala Irrigation Department", "waterway": "weir", "id": "osm-node-7577168269", "osm_type": "node", "osm_id": 7577168269, "category": "weir", "source": "OpenStreetMap (ODbL)"}, "geometry": {"type": "Point", "coordinates": [75.8318357, 11.7380605]}}, {"type": "Feature", "id": 7577168270, "properties": {"name": "VCB", "operator": "Kerala Irrigation Department", "waterway": "weir", "id": "osm-node-7577168270", "osm_type": "node", "osm_id": 7577168270, "category": "weir", "source": "OpenStreetMap (ODbL)"}, "geometry": {"type": "Point", "coordinates": [75.849139, 11.7724877]}}, {"type": "Feature", "id": 7577168275, "properties": {"name": "VCB", "operator": "Kerala Irrigation Department", "waterway": "weir", "id": "osm-node-7577168275", "osm_type": "node", "osm_id": 7577168275, "category": "weir", "source": "OpenStreetMap (ODbL)"}, "geometry": {"type": "Point", "coordinates": [75.8741382, 11.7813237]}}, {"type": "Feature", "id": 7577192795, "properties": {"name": "VCB", "operator": "Kerala Irrigation Department", "waterway": "weir", "id": "osm-node-7577192795", "osm_type": "node", "osm_id": 7577192795, "category": "weir", "source": "OpenStreetMap (ODbL)"}, "geometry": {"type": "Point", "coordinates": [75.8872278, 11.7954567]}}, {"type": "Feature", "id": 7577418932, "properties": {"name": "Check Dam at Muthanga", "operator": "Kerala Irrigation Department", "waterway": "weir", "id": "osm-node-7577418932", "osm_type": "node", "osm_id": 7577418932, "category": "weir", "source": "OpenStreetMap (ODbL)"}, "geometry": {"type": "Point", "coordinates": [76.3667102, 11.6714411]}}, {"type": "Feature", "id": 7577589490, "properties": {"name": "Check Dam at Kannankode.", "operator": "Kerala Irri", "waterway": "weir", "id": "osm-node-7577589490", "osm_type": "node", "osm_id": 7577589490, "category": "weir", "source": "OpenStreetMap (ODbL)"}, "geometry": {"type": "Point", "coordinates": [76.3213638, 11.6430854]}}, {"type": "Feature", "id": 7577589491, "properties": {"name": "Check Dam at Kariyambadi.", "operator": "Kerala Irrigation Department", "waterway": "weir", "id": "osm-node-7577589491", "osm_type": "node", "osm_id": 7577589491, "category": "weir", "source": "OpenStreetMap (ODbL)"}, "geometry": {"type": "Point", "coordinates": [76.2985625, 11.6500043]}}, {"type": "Feature", "id": 7591107795, "properties": {"name": "Shulam kutti Check Dam", "operator": "Kerala Irrigation Department", "waterway": "weir", "id": "osm-node-7591107795", "osm_type": "node", "osm_id": 7591107795, "category": "weir", "source": "OpenStreetMap (ODbL)"}, "geometry": {"type": "Point", "coordinates": [76.0574291, 11.5379502]}}, {"type": "Feature", "id": 7591107799, "properties": {"name": "Ashupathri thaze bagham Check Dam", "operator": "Kerala Irrigation Department", "waterway": "weir", "id": "osm-node-7591107799", "osm_type": "node", "osm_id": 7591107799, "category": "weir", "source": "OpenStreetMap (ODbL)"}, "geometry": {"type": "Point", "coordinates": [76.0419256, 11.5510537]}}, {"type": "Feature", "id": 7611983130, "properties": {"name": "Vellarivayal Diversion Weir", "operator": "Kerala Irrigation Department", "waterway": "weir", "id": "osm-node-7611983130", "osm_type": "node", "osm_id": 7611983130, "category": "weir", "source": "OpenStreetMap (ODbL)"}, "geometry": {"type": "Point", "coordinates": [76.2403042, 11.5441767]}}, {"type": "Feature", "id": 7611983166, "properties": {"name": "Diversion weir at Kakkad in Puthuppady", "operator": "Kerala Irrigation Department", "waterway": "weir", "id": "osm-node-7611983166", "osm_type": "node", "osm_id": 7611983166, "category": "weir", "source": "OpenStreetMap (ODbL)"}, "geometry": {"type": "Point", "coordinates": [76.0913262, 11.4965093]}}, {"type": "Feature", "id": 7612108018, "properties": {"name": "Ettil Check Dam", "operator": "Kerala Irrigation Department", "waterway": "weir", "id": "osm-node-7612108018", "osm_type": "node", "osm_id": 7612108018, "category": "weir", "source": "OpenStreetMap (ODbL)"}, "geometry": {"type": "Point", "coordinates": [76.0389101, 11.7740023]}}, {"type": "Feature", "id": 7614574759, "properties": {"name": "Weir at Bhapanam", "operator": "Kerala Irrigation department", "waterway": "weir", "id": "osm-node-7614574759", "osm_type": "node", "osm_id": 7614574759, "category": "weir", "source": "OpenStreetMap (ODbL)"}, "geometry": {"type": "Point", "coordinates": [75.9486205, 11.6755989]}}, {"type": "Feature", "id": 7614574760, "properties": {"name": "Check dam at Narokkadavu", "operator": "Kerala Irrigation Department", "waterway": "weir", "id": "osm-node-7614574760", "osm_type": "node", "osm_id": 7614574760, "category": "weir", "source": "OpenStreetMap (ODbL)"}, "geometry": {"type": "Point", "coordinates": [75.94456, 11.7013203]}}, {"type": "Feature", "id": 7614574761, "properties": {"name": "Check dam across Pulinjal Thodu", "operator": "Kerala Irrigation Department", "waterway": "weir", "id": "osm-node-7614574761", "osm_type": "node", "osm_id": 7614574761, "category": "weir", "source": "OpenStreetMap (ODbL)"}, "geometry": {"type": "Point", "coordinates": [75.9294812, 11.7140383]}}, {"type": "Feature", "id": 7614574763, "properties": {"name": "Check dam at Mangalasseri", "operator": "Kerala Irrigation Department", "waterway": "weir", "id": "osm-node-7614574763", "osm_type": "node", "osm_id": 7614574763, "category": "weir", "source": "OpenStreetMap (ODbL)"}, "geometry": {"type": "Point", "coordinates": [75.9169731, 11.7170999]}}, {"type": "Feature", "id": 7614575796, "properties": {"name": "Check dam across Inderi thodu", "operator": "Kerala Irrigation department", "waterway": "weir", "id": "osm-node-7614575796", "osm_type": "node", "osm_id": 7614575796, "category": "weir", "source": "OpenStreetMap (ODbL)"}, "geometry": {"type": "Point", "coordinates": [75.9536035, 11.7465881]}}, {"type": "Feature", "id": 7614575919, "properties": {"name": "Check Dam Across Maniyamcode River at Odambath", "operator": "Kerala Irrigation Department", "waterway": "weir", "id": "osm-node-7614575919", "osm_type": "node", "osm_id": 7614575919, "category": "weir", "source": "OpenStreetMap (ODbL)"}, "geometry": {"type": "Point", "coordinates": [76.0612082, 11.6370369]}}, {"type": "Feature", "id": 7614575938, "properties": {"name": "Puzhamoola Weir", "operator": "Kerala Irrigation Department", "waterway": "weir", "id": "osm-node-7614575938", "osm_type": "node", "osm_id": 7614575938, "category": "weir", "source": "OpenStreetMap (ODbL)"}, "geometry": {"type": "Point", "coordinates": [76.1120427, 11.5600875]}}, {"type": "Feature", "id": 7614575949, "properties": {"name": "Uppupara Diversion Weir", "operator": "Kerala Irrigation Department", "waterway": "weir", "id": "osm-node-7614575949", "osm_type": "node", "osm_id": 7614575949, "category": "weir", "source": "OpenStreetMap (ODbL)"}, "geometry": {"type": "Point", "coordinates": [76.1382958, 11.5880479]}}, {"type": "Feature", "id": 7614627076, "properties": {"name": "Weir at Cholapara", "operator": "Kerala Irrigation Department", "waterway": "weir", "id": "osm-node-7614627076", "osm_type": "node", "osm_id": 7614627076, "category": "weir", "source": "OpenStreetMap (ODbL)"}, "geometry": {"type": "Point", "coordinates": [76.1215849, 11.6945748]}}, {"type": "Feature", "id": 7615190571, "properties": {"name": "Kuzhivayal Check dam", "operator": "Kerala Irrigation Department", "waterway": "weir", "id": "osm-node-7615190571", "osm_type": "node", "osm_id": 7615190571, "category": "weir", "source": "OpenStreetMap (ODbL)"}, "geometry": {"type": "Point", "coordinates": [76.2024653, 11.663648]}}, {"type": "Feature", "id": 7615190576, "properties": {"name": "Weir at Avayal", "operator": "Kerala Irrigation Department", "waterway": "weir", "id": "osm-node-7615190576", "osm_type": "node", "osm_id": 7615190576, "category": "weir", "source": "OpenStreetMap (ODbL)"}, "geometry": {"type": "Point", "coordinates": [76.2020622, 11.6690444]}}, {"type": "Feature", "id": 7615201586, "properties": {"name": "Pazhupathoor mele Check Dam", "operator": "Kerala Irrigation Department", "waterway": "weir", "id": "osm-node-7615201586", "osm_type": "node", "osm_id": 7615201586, "category": "weir", "source": "OpenStreetMap (ODbL)"}, "geometry": {"type": "Point", "coordinates": [76.2272392, 11.677594]}}, {"type": "Feature", "id": 7615201603, "properties": {"name": "Vellempetta Mele Check Dam", "operator": "Kerala Irrigation Department", "waterway": "weir", "id": "osm-node-7615201603", "osm_type": "node", "osm_id": 7615201603, "category": "weir", "source": "OpenStreetMap (ODbL)"}, "geometry": {"type": "Point", "coordinates": [76.1804008, 11.713498]}}, {"type": "Feature", "id": 7615473101, "properties": {"name": "Weir at Anappara South", "operator": "Kerala Irrigation Department", "waterway": "weir", "id": "osm-node-7615473101", "osm_type": "node", "osm_id": 7615473101, "category": "weir", "source": "OpenStreetMap (ODbL)"}, "geometry": {"type": "Point", "coordinates": [76.1491454, 11.8017744]}}, {"type": "Feature", "id": 7622494556, "properties": {"name": "VCB at Cherukunnu", "operator": "Kerala Irrigation Department", "waterway": "weir", "id": "osm-node-7622494556", "osm_type": "node", "osm_id": 7622494556, "category": "weir", "source": "OpenStreetMap (ODbL)"}, "geometry": {"type": "Point", "coordinates": [76.3242239, 11.6414018]}}, {"type": "Feature", "id": 7628271081, "properties": {"name": "VCB", "operator": "Kerala Irrigation Department", "waterway": "weir", "id": "osm-node-7628271081", "osm_type": "node", "osm_id": 7628271081, "category": "weir", "source": "OpenStreetMap (ODbL)"}, "geometry": {"type": "Point", "coordinates": [75.8929696, 11.7639468]}}, {"type": "Feature", "id": 7628290328, "properties": {"name": "Thirumangala thodu VCB", "operator": "Kerala Irrigation Department", "waterway": "weir", "id": "osm-node-7628290328", "osm_type": "node", "osm_id": 7628290328, "category": "weir", "source": "OpenStreetMap (ODbL)"}, "geometry": {"type": "Point", "coordinates": [75.9536326, 11.7583013]}}, {"type": "Feature", "id": 7628290344, "properties": {"name": "VCB across Pilleri thodu", "operator": "Kerala Irrigation Department", "waterway": "weir", "id": "osm-node-7628290344", "osm_type": "node", "osm_id": 7628290344, "category": "weir", "source": "OpenStreetMap (ODbL)"}, "geometry": {"type": "Point", "coordinates": [75.9576016, 11.7427031]}}, {"type": "Feature", "id": 7628290381, "properties": {"name": "VCB at Panniyara Thodu", "operator": "Kerala Irrigation department", "waterway": "weir", "id": "osm-node-7628290381", "osm_type": "node", "osm_id": 7628290381, "category": "weir", "source": "OpenStreetMap (ODbL)"}, "geometry": {"type": "Point", "coordinates": [76.018839, 11.6181439]}}, {"type": "Feature", "id": 7628290560, "properties": {"name": "VCB at Mathalampatta", "operator": "Kerala Irrigation Department", "waterway": "weir", "id": "osm-node-7628290560", "osm_type": "node", "osm_id": 7628290560, "category": "weir", "source": "OpenStreetMap (ODbL)"}, "geometry": {"type": "Point", "coordinates": [76.1164418, 11.7913077]}}, {"type": "Feature", "id": 7628377615, "properties": {"name": "Kalathuvayal VCB", "operator": "Kerala Irrigation Department", "waterway": "weir", "id": "osm-node-7628377615", "osm_type": "node", "osm_id": 7628377615, "category": "weir", "source": "OpenStreetMap (ODbL)"}, "geometry": {"type": "Point", "coordinates": [76.189957, 11.6203346]}}, {"type": "Feature", "id": 7628377640, "properties": {"name": "Mepperikunnu VCB", "operator": "Kerala Irrigation Department", "waterway": "weir", "id": "osm-node-7628377640", "osm_type": "node", "osm_id": 7628377640, "category": "weir", "source": "OpenStreetMap (ODbL)"}, "geometry": {"type": "Point", "coordinates": [76.1883452, 11.6468778]}}, {"type": "Feature", "id": 7628377643, "properties": {"name": "Thazhathvayal VCB", "operator": "Kerala Irrigation Department", "waterway": "weir", "id": "osm-node-7628377643", "osm_type": "node", "osm_id": 7628377643, "category": "weir", "source": "OpenStreetMap (ODbL)"}, "geometry": {"type": "Point", "coordinates": [76.1749173, 11.6483958]}}, {"type": "Feature", "id": 7628377680, "properties": {"name": "VCB at Thazhevaradoor", "operator": "Kerala Irrigation Department", "waterway": "weir", "id": "osm-node-7628377680", "osm_type": "node", "osm_id": 7628377680, "category": "weir", "source": "OpenStreetMap (ODbL)"}, "geometry": {"type": "Point", "coordinates": [76.0997545, 11.7030853]}}, {"type": "Feature", "id": 7629067256, "properties": {"name": "Mangavayal Check Dam", "operator": "Kerala Irrigation Department", "waterway": "weir", "id": "osm-node-7629067256", "osm_type": "node", "osm_id": 7629067256, "category": "weir", "source": "OpenStreetMap (ODbL)"}, "geometry": {"type": "Point", "coordinates": [76.0940412, 11.5813775]}}, {"type": "Feature", "id": 7688734633, "properties": {"government": "education", "name": "Principal Room", "office": "government", "id": "osm-node-7688734633", "osm_type": "node", "osm_id": 7688734633, "category": "government", "source": "OpenStreetMap (ODbL)"}, "geometry": {"type": "Point", "coordinates": [75.9700892, 11.8333191]}}, {"type": "Feature", "id": 7725963258, "properties": {"addr:district": "Wayanad", "amenity": "clinic", "name": "Gokulam Sree Multi Speciality Ayurveda Clinic", "id": "osm-node-7725963258", "osm_type": "node", "osm_id": 7725963258, "category": "clinic", "source": "OpenStreetMap (ODbL)"}, "geometry": {"type": "Point", "coordinates": [76.141641, 11.651072]}}, {"type": "Feature", "id": 7725963259, "properties": {"addr:district": "Wayanad", "amenity": "hospital", "healthcare": "hospital", "name": "Vismaya Hospital & Diabetes Centre", "id": "osm-node-7725963259", "osm_type": "node", "osm_id": 7725963259, "category": "hospital", "source": "OpenStreetMap (ODbL)"}, "geometry": {"type": "Point", "coordinates": [76.2562594, 11.6606403]}}, {"type": "Feature", "id": 7725963260, "properties": {"addr:district": "Wayanad", "amenity": "hospital", "healthcare": "hospital", "name": "Santhi Hospital", "id": "osm-node-7725963260", "osm_type": "node", "osm_id": 7725963260, "category": "hospital", "source": "OpenStreetMap (ODbL)"}, "geometry": {"type": "Point", "coordinates": [75.9756422, 11.6796489]}}, {"type": "Feature", "id": 7725963261, "properties": {"addr:district": "Wayanad", "amenity": "hospital", "name": "Swami Vivekananda Medical Mission Hospital", "id": "osm-node-7725963261", "osm_type": "node", "osm_id": 7725963261, "category": "hospital", "source": "OpenStreetMap (ODbL)"}, "geometry": {"type": "Point", "coordinates": [76.1106531, 11.6371651]}}, {"type": "Feature", "id": 7725963262, "properties": {"addr:district": "Wayanad", "healthcare": "centre", "name": "Homoeo Dispensary", "id": "osm-node-7725963262", "osm_type": "node", "osm_id": 7725963262, "category": "clinic", "source": "OpenStreetMap (ODbL)"}, "geometry": {"type": "Point", "coordinates": [76.0805354, 11.6173412]}}, {"type": "Feature", "id": 7725963264, "properties": {"addr:district": "Wayanad", "healthcare": "centre", "name": "Primary Health Centre", "id": "osm-node-7725963264", "osm_type": "node", "osm_id": 7725963264, "category": "clinic", "source": "OpenStreetMap (ODbL)"}, "geometry": {"type": "Point", "coordinates": [76.0552377, 11.7578465]}}, {"type": "Feature", "id": 7725963265, "properties": {"addr:district": "Wayanad", "healthcare": "centre", "id": "osm-node-7725963265", "osm_type": "node", "osm_id": 7725963265, "category": "clinic", "source": "OpenStreetMap (ODbL)"}, "geometry": {"type": "Point", "coordinates": [75.9361302, 11.7922443]}}, {"type": "Feature", "id": 7725963266, "properties": {"addr:district": "Wayanad", "amenity": "hospital", "healthcare": "hospital", "name": "Santhigiri Ayurveda & Siddha Hospital", "id": "osm-node-7725963266", "osm_type": "node", "osm_id": 7725963266, "category": "hospital", "source": "OpenStreetMap (ODbL)"}, "geometry": {"type": "Point", "coordinates": [76.0791716, 11.5973321]}}, {"type": "Feature", "id": 7725963268, "properties": {"addr:district": "Wayanad", "amenity": "hospital", "healthcare": "hospital", "name": "Rapha Ortho & Spine Ayurvedic Speciality Centre", "id": "osm-node-7725963268", "osm_type": "node", "osm_id": 7725963268, "category": "hospital", "source": "OpenStreetMap (ODbL)"}, "geometry": {"type": "Point", "coordinates": [76.2554355, 11.6599762]}}, {"type": "Feature", "id": 7725963270, "properties": {"addr:district": "Wayanad", "healthcare": "centre", "name": "Government Ayurveda Dispensary", "id": "osm-node-7725963270", "osm_type": "node", "osm_id": 7725963270, "category": "clinic", "source": "OpenStreetMap (ODbL)"}, "geometry": {"type": "Point", "coordinates": [76.3098858, 11.6097959]}}, {"type": "Feature", "id": 7725963271, "properties": {"addr:district": "Wayanad", "healthcare": "centre", "name": "Government Homoeo Dispensary", "id": "osm-node-7725963271", "osm_type": "node", "osm_id": 7725963271, "category": "clinic", "source": "OpenStreetMap (ODbL)"}, "geometry": {"type": "Point", "coordinates": [76.2804633, 11.7226552]}}, {"type": "Feature", "id": 7725963272, "properties": {"addr:district": "Wayanad", "amenity": "hospital", "healthcare": "hospital", "name": "st sholastica hospital", "id": "osm-node-7725963272", "osm_type": "node", "osm_id": 7725963272, "category": "hospital", "source": "OpenStreetMap (ODbL)"}, "geometry": {"type": "Point", "coordinates": [75.9048382, 11.7389332]}}, {"type": "Feature", "id": 7725963273, "properties": {"addr:district": "Wayanad", "healthcare": "centre", "name": "Government Homoeo Dispensary", "id": "osm-node-7725963273", "osm_type": "node", "osm_id": 7725963273, "category": "clinic", "source": "OpenStreetMap (ODbL)"}, "geometry": {"type": "Point", "coordinates": [76.1894172, 11.7087864]}}, {"type": "Feature", "id": 7725963274, "properties": {"addr:district": "Wayanad", "amenity": "hospital", "healthcare": "hospital", "name": "N.S Hospital, Chundale", "id": "osm-node-7725963274", "osm_type": "node", "osm_id": 7725963274, "category": "hospital", "source": "OpenStreetMap (ODbL)"}, "geometry": {"type": "Point", "coordinates": [76.058407, 11.57436]}}, {"type": "Feature", "id": 7725963275, "properties": {"addr:district": "Wayanad", "amenity": "hospital", "name": "St. Martin Hospital", "id": "osm-node-7725963275", "osm_type": "node", "osm_id": 7725963275, "category": "hospital", "source": "OpenStreetMap (ODbL)"}, "geometry": {"type": "Point", "coordinates": [76.2111471, 11.6241764]}}, {"type": "Feature", "id": 7725963276, "properties": {"addr:district": "Wayanad", "amenity": "hospital", "name": "Elaj Ayurvedic Hospital", "id": "osm-node-7725963276", "osm_type": "node", "osm_id": 7725963276, "category": "hospital", "source": "OpenStreetMap (ODbL)"}, "geometry": {"type": "Point", "coordinates": [76.12005, 11.634191]}}, {"type": "Feature", "id": 7725963277, "properties": {"addr:district": "Wayanad", "healthcare": "centre", "name": "Ayurvedic Dispensary", "id": "osm-node-7725963277", "osm_type": "node", "osm_id": 7725963277, "category": "clinic", "source": "OpenStreetMap (ODbL)"}, "geometry": {"type": "Point", "coordinates": [75.8558177, 11.7428758]}}, {"type": "Feature", "id": 7725963278, "properties": {"addr:district": "Wayanad", "healthcare": "centre", "name": "Government Homoeo Dispensary", "id": "osm-node-7725963278", "osm_type": "node", "osm_id": 7725963278, "category": "clinic", "source": "OpenStreetMap (ODbL)"}, "geometry": {"type": "Point", "coordinates": [75.9690329, 11.7258543]}}, {"type": "Feature", "id": 7725963280, "properties": {"addr:district": "Wayanad", "amenity": "clinic", "name": "Arogya Polyclinic", "id": "osm-node-7725963280", "osm_type": "node", "osm_id": 7725963280, "category": "clinic", "source": "OpenStreetMap (ODbL)"}, "geometry": {"type": "Point", "coordinates": [76.1615692, 11.6623892]}}, {"type": "Feature", "id": 7725963281, "properties": {"addr:district": "Wayanad", "healthcare": "centre", "name": "Achoor Dispensary", "id": "osm-node-7725963281", "osm_type": "node", "osm_id": 7725963281, "category": "clinic", "source": "OpenStreetMap (ODbL)"}, "geometry": {"type": "Point", "coordinates": [76.0146605, 11.5986163]}}, {"type": "Feature", "id": 7725963284, "properties": {"addr:district": "Wayanad", "healthcare": "centre", "name": "Government Homoeo Dispensary", "id": "osm-node-7725963284", "osm_type": "node", "osm_id": 7725963284, "category": "clinic", "source": "OpenStreetMap (ODbL)"}, "geometry": {"type": "Point", "coordinates": [76.1657315, 11.8199966]}}, {"type": "Feature", "id": 7725963285, "properties": {"addr:district": "Wayanad", "amenity": "clinic", "healthcare": "clinic", "name": "Vythiri Clinic, Vythiri", "id": "osm-node-7725963285", "osm_type": "node", "osm_id": 7725963285, "category": "clinic", "source": "OpenStreetMap (ODbL)"}, "geometry": {"type": "Point", "coordinates": [76.0392867, 11.5533572]}}, {"type": "Feature", "id": 7725963287, "properties": {"addr:district": "Wayanad", "amenity": "hospital", "name": "Karunya Homeo Hospital and Research Centre", "id": "osm-node-7725963287", "osm_type": "node", "osm_id": 7725963287, "category": "hospital", "source": "OpenStreetMap (ODbL)"}, "geometry": {"type": "Point", "coordinates": [76.1667297, 11.7918828]}}, {"type": "Feature", "id": 7725963288, "properties": {"addr:district": "Wayanad", "amenity": "clinic", "name": "Karunya Clinic", "id": "osm-node-7725963288", "osm_type": "node", "osm_id": 7725963288, "category": "clinic", "source": "OpenStreetMap (ODbL)"}, "geometry": {"type": "Point", "coordinates": [75.9553774, 11.7352505]}}, {"type": "Feature", "id": 7725963289, "properties": {"addr:district": "Wayanad", "healthcare": "centre", "name": "Government Homoeo Dispensary", "id": "osm-node-7725963289", "osm_type": "node", "osm_id": 7725963289, "category": "clinic", "source": "OpenStreetMap (ODbL)"}, "geometry": {"type": "Point", "coordinates": [75.992062, 11.643269]}}, {"type": "Feature", "id": 7725963290, "properties": {"addr:district": "Wayanad", "amenity": "hospital", "name": "Soorya hospital", "id": "osm-node-7725963290", "osm_type": "node", "osm_id": 7725963290, "category": "hospital", "source": "OpenStreetMap (ODbL)"}, "geometry": {"type": "Point", "coordinates": [75.983418, 11.733043]}}, {"type": "Feature", "id": 7725963291, "properties": {"addr:district": "Wayanad", "amenity": "hospital", "name": "Government District Homoeo Hospital", "id": "osm-node-7725963291", "osm_type": "node", "osm_id": 7725963291, "category": "hospital", "source": "OpenStreetMap (ODbL)"}, "geometry": {"type": "Point", "coordinates": [76.0385894, 11.7528879]}}, {"type": "Feature", "id": 7725963292, "properties": {"addr:district": "Wayanad", "amenity": "clinic", "name": "Shalem Clinic", "operator": "private", "operator:type": "private", "id": "osm-node-7725963292", "osm_type": "node", "osm_id": 7725963292, "category": "clinic", "source": "OpenStreetMap (ODbL)"}, "geometry": {"type": "Point", "coordinates": [76.1667806, 11.6598815]}}, {"type": "Feature", "id": 7725963293, "properties": {"addr:district": "Wayanad", "amenity": "clinic", "name": "Janatha Clinic", "id": "osm-node-7725963293", "osm_type": "node", "osm_id": 7725963293, "category": "clinic", "source": "OpenStreetMap (ODbL)"}, "geometry": {"type": "Point", "coordinates": [75.8793121, 11.7439776]}}, {"type": "Feature", "id": 7725963294, "properties": {"addr:district": "Wayanad", "amenity": "hospital", "healthcare": "hospital", "name": "Amrita Kripa Charitable Hospital", "id": "osm-node-7725963294", "osm_type": "node", "osm_id": 7725963294, "category": "hospital", "source": "OpenStreetMap (ODbL)"}, "geometry": {"type": "Point", "coordinates": [76.0894587, 11.6344529]}}, {"type": "Feature", "id": 7725963295, "properties": {"addr:district": "Wayanad", "amenity": "doctors", "name": "Dr. Vijayaraghavan Baiju", "id": "osm-node-7725963295", "osm_type": "node", "osm_id": 7725963295, "category": "clinic", "source": "OpenStreetMap (ODbL)"}, "geometry": {"type": "Point", "coordinates": [76.1103729, 11.6422534]}}, {"type": "Feature", "id": 7725963296, "properties": {"addr:district": "Wayanad", "healthcare": "centre", "name": "Government Homeo Dispensary, Mandad", "id": "osm-node-7725963296", "osm_type": "node", "osm_id": 7725963296, "category": "clinic", "source": "OpenStreetMap (ODbL)"}, "geometry": {"type": "Point", "coordinates": [76.1288483, 11.6308079]}}, {"type": "Feature", "id": 7725963297, "properties": {"addr:district": "Wayanad", "healthcare": "centre", "name": "ESI Dispensary", "id": "osm-node-7725963297", "osm_type": "node", "osm_id": 7725963297, "category": "clinic", "source": "OpenStreetMap (ODbL)"}, "geometry": {"type": "Point", "coordinates": [76.083876, 11.599162]}}, {"type": "Feature", "id": 7725963298, "properties": {"addr:city": "porur po", "addr:district": "Wayanad", "healthcare": "centre", "name": "Government Homoeo Dispensary", "id": "osm-node-7725963298", "osm_type": "node", "osm_id": 7725963298, "category": "clinic", "source": "OpenStreetMap (ODbL)"}, "geometry": {"type": "Point", "coordinates": [75.925347, 11.801789]}}, {"type": "Feature", "id": 7725963300, "properties": {"addr:district": "Wayanad", "amenity": "clinic", "healthcare": "clinic", "name": "Jeeva Ayurvedic Clinic", "id": "osm-node-7725963300", "osm_type": "node", "osm_id": 7725963300, "category": "clinic", "source": "OpenStreetMap (ODbL)"}, "geometry": {"type": "Point", "coordinates": [75.9903857, 11.821663]}}, {"type": "Feature", "id": 7725963303, "properties": {"addr:district": "Wayanad", "amenity": "hospital", "name": "Government Ayurveda Hospital", "id": "osm-node-7725963303", "osm_type": "node", "osm_id": 7725963303, "category": "hospital", "source": "OpenStreetMap (ODbL)"}, "geometry": {"type": "Point", "coordinates": [76.006843, 11.760189]}}, {"type": "Feature", "id": 7725963305, "properties": {"addr:district": "Wayanad", "amenity": "clinic", "name": "Dr. Ebina's Ayurvedic Clinic", "id": "osm-node-7725963305", "osm_type": "node", "osm_id": 7725963305, "category": "clinic", "source": "OpenStreetMap (ODbL)"}, "geometry": {"type": "Point", "coordinates": [76.1385977, 11.7035293]}}, {"type": "Feature", "id": 7725963307, "properties": {"addr:district": "Wayanad", "amenity": "hospital", "name": "Ayush Ayurveda Hospital, Parakkal", "operator:type": "private", "id": "osm-node-7725963307", "osm_type": "node", "osm_id": 7725963307, "category": "hospital", "source": "OpenStreetMap (ODbL)"}, "geometry": {"type": "Point", "coordinates": [76.1016746, 11.6374188]}}, {"type": "Feature", "id": 7725963308, "properties": {"addr:district": "Wayanad", "healthcare": "centre", "name": "Goverment Ayurveda Dispensary", "id": "osm-node-7725963308", "osm_type": "node", "osm_id": 7725963308, "category": "clinic", "source": "OpenStreetMap (ODbL)"}, "geometry": {"type": "Point", "coordinates": [76.028202, 11.614099]}}, {"type": "Feature", "id": 7725963310, "properties": {"addr:district": "Wayanad", "amenity": "hospital", "healthcare": "hospital", "name": "Louise Mount Hospital", "id": "osm-node-7725963310", "osm_type": "node", "osm_id": 7725963310, "category": "hospital", "source": "OpenStreetMap (ODbL)"}, "geometry": {"type": "Point", "coordinates": [76.0000138, 11.6528014]}}, {"type": "Feature", "id": 7725963311, "properties": {"addr:district": "Wayanad", "amenity": "hospital", "healthcare": "hospital", "name": "Mayo Hospital", "id": "osm-node-7725963311", "osm_type": "node", "osm_id": 7725963311, "category": "hospital", "source": "OpenStreetMap (ODbL)"}, "geometry": {"type": "Point", "coordinates": [76.0897675, 11.6327792]}}, {"type": "Feature", "id": 7803026055, "properties": {"government": "village_office", "name": "Vythiri Village Office, Vythiri", "office": "government", "id": "osm-node-7803026055", "osm_type": "node", "osm_id": 7803026055, "category": "government", "source": "OpenStreetMap (ODbL)"}, "geometry": {"type": "Point", "coordinates": [76.0391238, 11.5499986]}}, {"type": "Feature", "id": 7803058249, "properties": {"government": "administrative", "name": "Taluk Office, Vythiri", "office": "government", "id": "osm-node-7803058249", "osm_type": "node", "osm_id": 7803058249, "category": "government", "source": "OpenStreetMap (ODbL)"}, "geometry": {"type": "Point", "coordinates": [76.0395265, 11.5497759]}}, {"type": "Feature", "id": 7803058250, "properties": {"government": "administrative", "name": "Treasury, Vythiri", "office": "government", "id": "osm-node-7803058250", "osm_type": "node", "osm_id": 7803058250, "category": "government", "source": "OpenStreetMap (ODbL)"}, "geometry": {"type": "Point", "coordinates": [76.0394545, 11.5496565]}}, {"type": "Feature", "id": 7803185146, "properties": {"government": "public_service", "name": "Krishibhavan, Vythiri", "office": "government", "id": "osm-node-7803185146", "osm_type": "node", "osm_id": 7803185146, "category": "government", "source": "OpenStreetMap (ODbL)"}, "geometry": {"type": "Point", "coordinates": [76.0356516, 11.5419876]}}, {"type": "Feature", "id": 7803185147, "properties": {"amenity": "clinic", "healthcare": "clinic", "name": "Homeo Dispensary, Old Vythiri", "id": "osm-node-7803185147", "osm_type": "node", "osm_id": 7803185147, "category": "clinic", "source": "OpenStreetMap (ODbL)"}, "geometry": {"type": "Point", "coordinates": [76.0356761, 11.5420907]}}, {"type": "Feature", "id": 7803515478, "properties": {"government": "administrative", "name": "Department of Fisheries", "office": "government", "id": "osm-node-7803515478", "osm_type": "node", "osm_id": 7803515478, "category": "government", "source": "OpenStreetMap (ODbL)"}, "geometry": {"type": "Point", "coordinates": [76.0269542, 11.5398737]}}, {"type": "Feature", "id": 7868272859, "properties": {"amenity": "college", "name": "Applied Engineering Staff Room", "id": "osm-node-7868272859", "osm_type": "node", "osm_id": 7868272859, "category": "college", "source": "OpenStreetMap (ODbL)"}, "geometry": {"type": "Point", "coordinates": [75.9701377, 11.8332825]}}, {"type": "Feature", "id": 7912610166, "properties": {"government": "government", "name": "Kerala Backward Development Corporation", "office": "government", "id": "osm-node-7912610166", "osm_type": "node", "osm_id": 7912610166, "category": "government", "source": "OpenStreetMap (ODbL)"}, "geometry": {"type": "Point", "coordinates": [76.1597027, 11.6565062]}}, {"type": "Feature", "id": 7912688290, "properties": {"amenity": "internet_cafe", "government": "government", "name": "Akshaya Centre,Meenangady", "id": "osm-node-7912688290", "osm_type": "node", "osm_id": 7912688290, "category": "government", "source": "OpenStreetMap (ODbL)"}, "geometry": {"type": "Point", "coordinates": [76.1600199, 11.657249]}}, {"type": "Feature", "id": 7916898460, "properties": {"government": "government", "name": "Soil Concervation office", "office": "government", "id": "osm-node-7916898460", "osm_type": "node", "osm_id": 7916898460, "category": "government", "source": "OpenStreetMap (ODbL)"}, "geometry": {"type": "Point", "coordinates": [76.1624258, 11.6609788]}}, {"type": "Feature", "id": 7916910821, "properties": {"government": "government", "name": "Soil Survey Office", "office": "government", "id": "osm-node-7916910821", "osm_type": "node", "osm_id": 7916910821, "category": "government", "source": "OpenStreetMap (ODbL)"}, "geometry": {"type": "Point", "coordinates": [76.1627874, 11.6606707]}}, {"type": "Feature", "id": 7990912249, "properties": {"government": "government", "name": "Edavaka Grama Panchayat", "office": "government", "id": "osm-node-7990912249", "osm_type": "node", "osm_id": 7990912249, "category": "government", "source": "OpenStreetMap (ODbL)"}, "geometry": {"type": "Point", "coordinates": [75.9765235, 11.7770448]}}, {"type": "Feature", "id": 7990926914, "properties": {"government": "yes", "name": "Grama Panchayath Office, Padinjarathara", "office": "government", "id": "osm-node-7990926914", "osm_type": "node", "osm_id": 7990926914, "category": "government", "source": "OpenStreetMap (ODbL)"}, "geometry": {"type": "Point", "coordinates": [75.9748817, 11.6797254]}}, {"type": "Feature", "id": 7990999160, "properties": {"addr:city": "Pulpally", "name": "Pulpally Gramapanchayat", "office": "government", "id": "osm-node-7990999160", "osm_type": "node", "osm_id": 7990999160, "category": "government", "source": "OpenStreetMap (ODbL)"}, "geometry": {"type": "Point", "coordinates": [76.1665815, 11.7896269]}}, {"type": "Feature", "id": 7991074492, "properties": {"addr:city": "Muttill", "government": "administrative", "name": "Grama Panchayat Office, Muttil", "name:ml": "\u0d2e\u0d41\u0d1f\u0d4d\u0d1f\u0d3f\u0d7d \u0d17\u0d4d\u0d30\u0d3e\u0d2e\u0d2a\u0d1e\u0d4d\u0d1a\u0d3e\u0d2f\u0d24\u0d4d\u0d24\u0d4d \u0d13\u0d2b\u0d40\u0d38\u0d4d", "office": "government", "phone": "+91-4936202418", "website": "www.lsgkerala.in/muttilpanchayat", "id": "osm-node-7991074492", "osm_type": "node", "osm_id": 7991074492, "category": "government", "source": "OpenStreetMap (ODbL)"}, "geometry": {"type": "Point", "coordinates": [76.1104575, 11.6425772]}}, {"type": "Feature", "id": 7992382794, "properties": {"name": "Block Panchayat Office,Kalpetta", "office": "government", "id": "osm-node-7992382794", "osm_type": "node", "osm_id": 7992382794, "category": "government", "source": "OpenStreetMap (ODbL)"}, "geometry": {"type": "Point", "coordinates": [76.0846321, 11.6126147]}}, {"type": "Feature", "id": 7992503858, "properties": {"addr:city": "Muttill PO", "government": "social_welfare", "name": "CDS Office, Muttil", "name:ml": "\u0d38\u0d3f.\u0d21\u0d3f.\u0d0e\u0d38\u0d4d \u0d13\u0d2b\u0d40\u0d38\u0d4d , \u0d2e\u0d41\u0d1f\u0d4d\u0d1f\u0d3f\u0d7d", "office": "government", "id": "osm-node-7992503858", "osm_type": "node", "osm_id": 7992503858, "category": "government", "source": "OpenStreetMap (ODbL)"}, "geometry": {"type": "Point", "coordinates": [76.1100231, 11.643138]}}, {"type": "Feature", "id": 7992549841, "properties": {"addr:city": "Muttil PO", "government": "public_service", "name": "KSEB Muttil Section Office", "name:ml": "\u0d15\u0d46.\u0d0e\u0d38\u0d4d.\u0d07.\u0d2c\u0d3f \u0d2e\u0d41\u0d1f\u0d4d\u0d1f\u0d3f\u0d7d \u0d38\u0d46\u0d15\u0d4d\u0d37\u0d7b\u0d4d\u200d \u0d13\u0d2b\u0d40\u0d38\u0d4d", "office": "government", "phone": "+91-4936231337", "id": "osm-node-7992549841", "osm_type": "node", "osm_id": 7992549841, "category": "government", "source": "OpenStreetMap (ODbL)"}, "geometry": {"type": "Point", "coordinates": [76.1102551, 11.6427019]}}, {"type": "Feature", "id": 7992596087, "properties": {"addr:city": "Muttil PO", "government": "government", "name": "Muttil North Village Office", "name:ml": "\u0d2e\u0d41\u0d1f\u0d4d\u0d1f\u0d3f\u0d7d \u0d28\u0d4b\u0d7c\u0d24\u0d4d\u0d24\u0d4d \u0d35\u0d3f\u0d32\u0d4d\u0d32\u0d47\u0d1c\u0d4d \u0d13\u0d2b\u0d40\u0d38\u0d4d", "office": "government", "id": "osm-node-7992596087", "osm_type": "node", "osm_id": 7992596087, "category": "government", "source": "OpenStreetMap (ODbL)"}, "geometry": {"type": "Point", "coordinates": [76.1102068, 11.6428937]}}, {"type": "Feature", "id": 7992597309, "properties": {"addr:city": "Muttil PO", "government": "government", "name": "Krishi Bhavan, Muttil", "name:ml": "\u0d15\u0d43\u0d37\u0d3f \u0d2d\u0d35\u0d7b \u0d2e\u0d41\u0d1f\u0d4d\u0d1f\u0d3f\u0d7d", "office": "government", "id": "osm-node-7992597309", "osm_type": "node", "osm_id": 7992597309, "category": "government", "source": "OpenStreetMap (ODbL)"}, "geometry": {"type": "Point", "coordinates": [76.1101478, 11.6428753]}}, {"type": "Feature", "id": 7992597310, "properties": {"addr:city": "Muttil PO", "amenity": "place_of_worship", "name": "Sree Ayyappa Temple Muttil", "name:ml": "\u0d36\u0d4d\u0d30\u0d40 \u0d05\u0d2f\u0d4d\u0d2f\u0d2a\u0d4d\u0d2a \u0d15\u0d4d\u0d37\u0d47\u0d24\u0d4d\u0d30\u0d02 \u0d2e\u0d41\u0d1f\u0d4d\u0d1f\u0d3f\u0d7d", "religion": "hindu", "id": "osm-node-7992597310", "osm_type": "node", "osm_id": 7992597310, "category": "religious", "source": "OpenStreetMap (ODbL)"}, "geometry": {"type": "Point", "coordinates": [76.1113312, 11.6425793]}}, {"type": "Feature", "id": 7992673180, "properties": {"amenity": "college", "name": "WMO College Ground", "id": "osm-node-7992673180", "osm_type": "node", "osm_id": 7992673180, "category": "college", "source": "OpenStreetMap (ODbL)"}, "geometry": {"type": "Point", "coordinates": [76.1173951, 11.6452952]}}, {"type": "Feature", "id": 7992722403, "properties": {"amenity": "place_of_worship", "name": "Nasuruthul Islam Sangam Masjid", "religion": "muslim", "id": "osm-node-7992722403", "osm_type": "node", "osm_id": 7992722403, "category": "religious", "source": "OpenStreetMap (ODbL)"}, "geometry": {"type": "Point", "coordinates": [76.1283164, 11.6491659]}}, {"type": "Feature", "id": 7992731992, "properties": {"amenity": "school", "name": "G H S Kakkavayal School Ground", "id": "osm-node-7992731992", "osm_type": "node", "osm_id": 7992731992, "category": "school", "source": "OpenStreetMap (ODbL)"}, "geometry": {"type": "Point", "coordinates": [76.1442753, 11.6477979]}}, {"type": "Feature", "id": 7994256993, "properties": {"addr:city": "SULTHAN BTHERY", "amenity": "place_of_worship", "name": "Sree Thirunelly Gulikan Kavu", "religion": "hindu", "id": "osm-node-7994256993", "osm_type": "node", "osm_id": 7994256993, "category": "religious", "source": "OpenStreetMap (ODbL)"}, "geometry": {"type": "Point", "coordinates": [76.278282, 11.6679117]}}, {"type": "Feature", "id": 7994314093, "properties": {"addr:city": "MOOLANKAVE , SULTHAN BATHERY", "amenity": "school", "name": "Palakara Anganvady", "operator": "GOVENMENT", "operator:type": "government", "id": "osm-node-7994314093", "osm_type": "node", "osm_id": 7994314093, "category": "school", "source": "OpenStreetMap (ODbL)"}, "geometry": {"type": "Point", "coordinates": [76.2813776, 11.6660414]}}, {"type": "Feature", "id": 7994547723, "properties": {"name": "Thirunnely Health Centre", "office": "government", "id": "osm-node-7994547723", "osm_type": "node", "osm_id": 7994547723, "category": "government", "source": "OpenStreetMap (ODbL)"}, "geometry": {"type": "Point", "coordinates": [76.2814818, 11.6646042]}}, {"type": "Feature", "id": 7994875369, "properties": {"government": "government", "name": "Village Office Muttil South", "name:ml": "\u0d35\u0d3f\u0d32\u0d4d\u0d32\u0d47\u0d1c\u0d4d \u0d13\u0d2b\u0d40\u0d38\u0d4d \u0d2e\u0d41\u0d1f\u0d4d\u0d1f\u0d3f\u0d7d \u0d38\u0d4c\u0d24\u0d4d\u0d24\u0d4d", "office": "government", "id": "osm-node-7994875369", "osm_type": "node", "osm_id": 7994875369, "category": "government", "source": "OpenStreetMap (ODbL)"}, "geometry": {"type": "Point", "coordinates": [76.1073369, 11.6410855]}}, {"type": "Feature", "id": 7994942163, "properties": {"amenity": "school", "name": "WMO English Acadamy Senior Secondary School, Mandad", "id": "osm-node-7994942163", "osm_type": "node", "osm_id": 7994942163, "category": "school", "source": "OpenStreetMap (ODbL)"}, "geometry": {"type": "Point", "coordinates": [76.1173929, 11.6346047]}}, {"type": "Feature", "id": 7994981492, "properties": {"government": "yes", "name": "District Industrial Centre", "name:ml": "\u0d1c\u0d3f\u0d32\u0d4d\u0d32\u0d3e \u0d35\u0d4d\u0d2f\u0d35\u0d38\u0d3e\u0d2f \u0d15\u0d47\u0d28\u0d4d\u0d26\u0d4d\u0d30\u0d02", "office": "government", "id": "osm-node-7994981492", "osm_type": "node", "osm_id": 7994981492, "category": "government", "source": "OpenStreetMap (ODbL)"}, "geometry": {"type": "Point", "coordinates": [76.1075139, 11.6409489]}}, {"type": "Feature", "id": 7995379047, "properties": {"addr:city": "Kozhuvana", "amenity": "place_of_worship", "name": "Aarivilli Temple Veendiyamvayal", "religion": "hindu", "id": "osm-node-7995379047", "osm_type": "node", "osm_id": 7995379047, "category": "religious", "source": "OpenStreetMap (ODbL)"}, "geometry": {"type": "Point", "coordinates": [76.2914705, 11.5925733]}}, {"type": "Feature", "id": 7995379051, "properties": {"amenity": "place_of_worship", "name": "chapel", "religion": "christian", "id": "osm-node-7995379051", "osm_type": "node", "osm_id": 7995379051, "category": "religious", "source": "OpenStreetMap (ODbL)"}, "geometry": {"type": "Point", "coordinates": [76.293364, 11.596165]}}, {"type": "Feature", "id": 7995379052, "properties": {"amenity": "place_of_worship", "name": "Masjid", "religion": "muslim", "id": "osm-node-7995379052", "osm_type": "node", "osm_id": 7995379052, "category": "religious", "source": "OpenStreetMap (ODbL)"}, "geometry": {"type": "Point", "coordinates": [76.2922048, 11.5985071]}}, {"type": "Feature", "id": 7998651921, "properties": {"amenity": "clinic", "healthcare": "clinic", "name": "Dr Sithara Dileep, BHMS", "id": "osm-node-7998651921", "osm_type": "node", "osm_id": 7998651921, "category": "clinic", "source": "OpenStreetMap (ODbL)"}, "geometry": {"type": "Point", "coordinates": [76.1093966, 11.5754096]}}, {"type": "Feature", "id": 7998660968, "properties": {"addr:city": "Mooppainad", "amenity": "kindergarten", "name": "Anganwadi CNo.  36", "id": "osm-node-7998660968", "osm_type": "node", "osm_id": 7998660968, "category": "school", "source": "OpenStreetMap (ODbL)"}, "geometry": {"type": "Point", "coordinates": [76.1398131, 11.5585904]}}, {"type": "Feature", "id": 7998684099, "properties": {"addr:city": "Meppadi", "amenity": "hospital", "healthcare": "hospital", "name": "Gov.Veterinary Hospital", "operator": "Kerala Veterinary Dpt.", "operator:type": "government", "id": "osm-node-7998684099", "osm_type": "node", "osm_id": 7998684099, "category": "hospital", "source": "OpenStreetMap (ODbL)"}, "geometry": {"type": "Point", "coordinates": [76.1308228, 11.5533112]}}, {"type": "Feature", "id": 7998689601, "properties": {"addr:city": "Meppadi", "government": "revanue_dept.", "name": "Kottappady Village office", "office": "government", "id": "osm-node-7998689601", "osm_type": "node", "osm_id": 7998689601, "category": "government", "source": "OpenStreetMap (ODbL)"}, "geometry": {"type": "Point", "coordinates": [76.1334768, 11.5513813]}}, {"type": "Feature", "id": 7998707298, "properties": {"addr:city": "Meppadi", "name": "Grama Panchayath Office", "office": "government", "id": "osm-node-7998707298", "osm_type": "node", "osm_id": 7998707298, "category": "government", "source": "OpenStreetMap (ODbL)"}, "geometry": {"type": "Point", "coordinates": [76.1310704, 11.5595887]}}, {"type": "Feature", "id": 7998710665, "properties": {"addr:city": "Meppadi", "name": "Krishi Bhavan", "office": "government", "id": "osm-node-7998710665", "osm_type": "node", "osm_id": 7998710665, "category": "government", "source": "OpenStreetMap (ODbL)"}, "geometry": {"type": "Point", "coordinates": [76.1313368, 11.5599241]}}, {"type": "Feature", "id": 7998765781, "properties": {"government": "administrative", "name": "Taluk office mananthavady", "office": "government", "phone": "+91-435240231", "id": "osm-node-7998765781", "osm_type": "node", "osm_id": 7998765781, "category": "government", "source": "OpenStreetMap (ODbL)"}, "geometry": {"type": "Point", "coordinates": [76.003678, 11.7957104]}}, {"type": "Feature", "id": 7998798260, "properties": {"addr:city": "mananthavady", "government": "administrative", "name": "Sub collector/RDO Office", "office": "government", "phone": "+91-4935240222", "id": "osm-node-7998798260", "osm_type": "node", "osm_id": 7998798260, "category": "government", "source": "OpenStreetMap (ODbL)"}, "geometry": {"type": "Point", "coordinates": [76.0047194, 11.8040563]}}, {"type": "Feature", "id": 7998851071, "properties": {"addr:city": "Kallody", "amenity": "place_of_worship", "name": "St George Forane Church Kallody", "religion": "christian", "id": "osm-node-7998851071", "osm_type": "node", "osm_id": 7998851071, "category": "religious", "source": "OpenStreetMap (ODbL)"}, "geometry": {"type": "Point", "coordinates": [75.9622026, 11.7654254]}}, {"type": "Feature", "id": 7998914716, "properties": {"government": "administrative", "name": "Resurvey office Mananthavady", "office": "government", "phone": "+91 4935 246993", "id": "osm-node-7998914716", "osm_type": "node", "osm_id": 7998914716, "category": "government", "source": "OpenStreetMap (ODbL)"}, "geometry": {"type": "Point", "coordinates": [76.0031436, 11.7957012]}}, {"type": "Feature", "id": 7998928255, "properties": {"amenity": "clinic", "healthcare": "clinic", "name": "District Public Health Lab", "id": "osm-node-7998928255", "osm_type": "node", "osm_id": 7998928255, "category": "clinic", "source": "OpenStreetMap (ODbL)"}, "geometry": {"type": "Point", "coordinates": [76.2637764, 11.6589111]}}, {"type": "Feature", "id": 7998930138, "properties": {"addr:city": "Kalpetta", "name": "Akshaya District Project Office", "office": "government", "phone": "+91-4936206267", "id": "osm-node-7998930138", "osm_type": "node", "osm_id": 7998930138, "category": "government", "source": "OpenStreetMap (ODbL)"}, "geometry": {"type": "Point", "coordinates": [76.0828496, 11.6149135]}}, {"type": "Feature", "id": 7998935851, "properties": {"government": "administrative", "name": "Land Tribunal office mananthavady", "office": "government", "phone": "+91-4935245485", "id": "osm-node-7998935851", "osm_type": "node", "osm_id": 7998935851, "category": "government", "source": "OpenStreetMap (ODbL)"}, "geometry": {"type": "Point", "coordinates": [76.003895, 11.7957844]}}, {"type": "Feature", "id": 7999027508, "properties": {"government": "administrative", "name": "Resurvey Superindent offfice Mananthavady", "office": "government", "phone": "+91-4935241295", "id": "osm-node-7999027508", "osm_type": "node", "osm_id": 7999027508, "category": "government", "source": "OpenStreetMap (ODbL)"}, "geometry": {"type": "Point", "coordinates": [76.0053267, 11.7981221]}}, {"type": "Feature", "id": 7999067454, "properties": {"government": "village_office", "name": "Village Office, Thirunelly", "office": "government", "phone": "+91-4395210380", "id": "osm-node-7999067454", "osm_type": "node", "osm_id": 7999067454, "category": "government", "source": "OpenStreetMap (ODbL)"}, "geometry": {"type": "Point", "coordinates": [76.0331786, 11.9071091]}}, {"type": "Feature", "id": 7999073642, "properties": {"government": "village_office", "name": "Village Office, Thrissilery", "office": "government", "phone": "+91-4935250980", "id": "osm-node-7999073642", "osm_type": "node", "osm_id": 7999073642, "category": "government", "source": "OpenStreetMap (ODbL)"}, "geometry": {"type": "Point", "coordinates": [76.0664998, 11.8496854]}}, {"type": "Feature", "id": 7999127884, "properties": {"government": "village_office", "name": "Village Office, Payyampally", "office": "government", "phone": "+91-4935215888", "id": "osm-node-7999127884", "osm_type": "node", "osm_id": 7999127884, "category": "government", "source": "OpenStreetMap (ODbL)"}, "geometry": {"type": "Point", "coordinates": [76.0533342, 11.8105526]}}, {"type": "Feature", "id": 7999295634, "properties": {"government": "village_office", "name": "Village office, Panamaram", "office": "government", "phone": "+91-4935222076", "id": "osm-node-7999295634", "osm_type": "node", "osm_id": 7999295634, "category": "government", "source": "OpenStreetMap (ODbL)"}, "geometry": {"type": "Point", "coordinates": [76.0725421, 11.7381116]}}, {"type": "Feature", "id": 7999341017, "properties": {"addr:city": "Anjukunnu", "government": "village_office", "name": "Village Office, Anjukunnu", "office": "government", "phone": "+91-4935227720", "id": "osm-node-7999341017", "osm_type": "node", "osm_id": 7999341017, "category": "government", "source": "OpenStreetMap (ODbL)"}, "geometry": {"type": "Point", "coordinates": [76.0379773, 11.7532087]}}, {"type": "Feature", "id": 7999386521, "properties": {"amenity": "school", "name": "GLPS Mundakkuttykunnu", "id": "osm-node-7999386521", "osm_type": "node", "osm_id": 7999386521, "category": "school", "source": "OpenStreetMap (ODbL)"}, "geometry": {"type": "Point", "coordinates": [76.1493393, 11.7672863]}}, {"type": "Feature", "id": 7999410590, "properties": {"amenity": "school", "id": "osm-node-7999410590", "osm_type": "node", "osm_id": 7999410590, "category": "school", "source": "OpenStreetMap (ODbL)"}, "geometry": {"type": "Point", "coordinates": [75.9999027, 11.6434857]}}, {"type": "Feature", "id": 7999419714, "properties": {"addr:city": "Kalpetta", "amenity": "hospital", "emergency": "no", "healthcare": "centre", "name": "Arogyakeralam Wayanad", "operator": "National Health Mission", "operator:type": "government", "phone": "+91-4936202771", "id": "osm-node-7999419714", "osm_type": "node", "osm_id": 7999419714, "category": "hospital", "source": "OpenStreetMap (ODbL)"}, "geometry": {"type": "Point", "coordinates": [76.0902421, 11.6350234]}}, {"type": "Feature", "id": 7999499546, "properties": {"amenity": "school", "name": "Gups Pinangode", "id": "osm-node-7999499546", "osm_type": "node", "osm_id": 7999499546, "category": "school", "source": "OpenStreetMap (ODbL)"}, "geometry": {"type": "Point", "coordinates": [76.0269165, 11.6182183]}}, {"type": "Feature", "id": 7999615639, "properties": {"government": "village_office", "name": "Village Extension  Office, Thavinhal", "office": "government", "phone": "+91-4935256750", "id": "osm-node-7999615639", "osm_type": "node", "osm_id": 7999615639, "category": "government", "source": "OpenStreetMap (ODbL)"}, "geometry": {"type": "Point", "coordinates": [75.948749, 11.8420344]}}, {"type": "Feature", "id": 7999654673, "properties": {"amenity": "school", "name": "Government Lower Primary School Poomala", "operator": "government", "operator:type": "government", "id": "osm-node-7999654673", "osm_type": "node", "osm_id": 7999654673, "category": "school", "source": "OpenStreetMap (ODbL)"}, "geometry": {"type": "Point", "coordinates": [76.2500145, 11.6500151]}}, {"type": "Feature", "id": 7999655479, "properties": {"amenity": "school", "id": "osm-node-7999655479", "osm_type": "node", "osm_id": 7999655479, "category": "school", "source": "OpenStreetMap (ODbL)"}, "geometry": {"type": "Point", "coordinates": [76.0605236, 11.7596097]}}, {"type": "Feature", "id": 7999684688, "properties": {"amenity": "school", "name": "alps puthenkunnu", "id": "osm-node-7999684688", "osm_type": "node", "osm_id": 7999684688, "category": "school", "source": "OpenStreetMap (ODbL)"}, "geometry": {"type": "Point", "coordinates": [76.2858245, 11.6497866]}}, {"type": "Feature", "id": 7999686607, "properties": {"addr:city": "Kallody", "government": "village_office", "name": "Village Office, Edavaka", "office": "government", "phone": "+91-4935242010", "id": "osm-node-7999686607", "osm_type": "node", "osm_id": 7999686607, "category": "government", "source": "OpenStreetMap (ODbL)"}, "geometry": {"type": "Point", "coordinates": [75.9635113, 11.7670434]}}, {"type": "Feature", "id": 7999731596, "properties": {"addr:city": "Kanhirangad", "government": "village_office", "name": "Village Office Kanghiragad", "office": "government", "phone": "+91-4935235966", "id": "osm-node-7999731596", "osm_type": "node", "osm_id": 7999731596, "category": "government", "source": "OpenStreetMap (ODbL)"}, "geometry": {"type": "Point", "coordinates": [75.909082, 11.7399935]}}, {"type": "Feature", "id": 7999771937, "properties": {"government": "village_office", "name": "Village Office, Valad", "office": "government", "phone": "+91-4935266498", "id": "osm-node-7999771937", "osm_type": "node", "osm_id": 7999771937, "category": "government", "source": "OpenStreetMap (ODbL)"}, "geometry": {"type": "Point", "coordinates": [75.9026218, 11.7928091]}}, {"type": "Feature", "id": 7999798947, "properties": {"government": "village_office", "name": "Village office Nallunrnad", "office": "government", "phone": "+91-4935244571", "id": "osm-node-7999798947", "osm_type": "node", "osm_id": 7999798947, "category": "government", "source": "OpenStreetMap (ODbL)"}, "geometry": {"type": "Point", "coordinates": [75.9912541, 11.7705552]}}, {"type": "Feature", "id": 7999806493, "properties": {"addr:city": "VAZHAVATTA", "amenity": "school", "name": "Aup School Vazhavatta", "operator": "GEORGE K.Y", "operator:type": "government", "id": "osm-node-7999806493", "osm_type": "node", "osm_id": 7999806493, "category": "school", "source": "OpenStreetMap (ODbL)"}, "geometry": {"type": "Point", "coordinates": [76.1531391, 11.612664]}}, {"type": "Feature", "id": 7999872868, "properties": {"addr:city": "Meppadi", "amenity": "kindergarten", "name": "Anganwadi CNo. 49", "id": "osm-node-7999872868", "osm_type": "node", "osm_id": 7999872868, "category": "school", "source": "OpenStreetMap (ODbL)"}, "geometry": {"type": "Point", "coordinates": [76.1309076, 11.5594366]}}, {"type": "Feature", "id": 7999911973, "properties": {"addr:city": "Sulthan Bathery", "government": "government", "name": "Wayanad Paliament Election Deport", "office": "government", "id": "osm-node-7999911973", "osm_type": "node", "osm_id": 7999911973, "category": "government", "source": "OpenStreetMap (ODbL)"}, "geometry": {"type": "Point", "coordinates": [76.2611047, 11.6699859]}}, {"type": "Feature", "id": 7999912265, "properties": {"addr:city": "Chooralmala", "amenity": "kindergarten", "name": "Anganwadi CNo.40", "id": "osm-node-7999912265", "osm_type": "node", "osm_id": 7999912265, "category": "school", "source": "OpenStreetMap (ODbL)"}, "geometry": {"type": "Point", "coordinates": [76.156606, 11.5015525]}}, {"type": "Feature", "id": 7999939906, "properties": {"amenity": "school", "name": "Glps Kallupadi", "id": "osm-node-7999939906", "osm_type": "node", "osm_id": 7999939906, "category": "school", "source": "OpenStreetMap (ODbL)"}, "geometry": {"type": "Point", "coordinates": [76.149818, 11.6341305]}}, {"type": "Feature", "id": 7999955525, "properties": {"addr:city": "Meppadi", "amenity": "kindergarten", "name": "Anganwadi CNo. 44", "id": "osm-node-7999955525", "osm_type": "node", "osm_id": 7999955525, "category": "school", "source": "OpenStreetMap (ODbL)"}, "geometry": {"type": "Point", "coordinates": [76.1251706, 11.5719804]}}, {"type": "Feature", "id": 7999993254, "properties": {"addr:city": "kattikkulam", "amenity": "school", "name": "gups bavali", "operator": "HM", "operator:type": "government", "phone": "+91-9946916027", "id": "osm-node-7999993254", "osm_type": "node", "osm_id": 7999993254, "category": "school", "source": "OpenStreetMap (ODbL)"}, "geometry": {"type": "Point", "coordinates": [76.1099802, 11.8481192]}}, {"type": "Feature", "id": 8000396867, "properties": {"addr:city": "Oadathode", "amenity": "kindergarten", "name": "Anganwadi CNo. 26", "id": "osm-node-8000396867", "osm_type": "node", "osm_id": 8000396867, "category": "school", "source": "OpenStreetMap (ODbL)"}, "geometry": {"type": "Point", "coordinates": [76.0813202, 11.5717135]}}, {"type": "Feature", "id": 8000595583, "properties": {"addr:city": "Mundakkai", "amenity": "kindergarten", "name": "Anganwadi CNo. 48", "id": "osm-node-8000595583", "osm_type": "node", "osm_id": 8000595583, "category": "school", "source": "OpenStreetMap (ODbL)"}, "geometry": {"type": "Point", "coordinates": [76.1569947, 11.4859286]}}, {"type": "Feature", "id": 8000595981, "properties": {"addr:city": "Elavayal", "amenity": "kindergarten", "name": "Anganwadi CNo. 36", "id": "osm-node-8000595981", "osm_type": "node", "osm_id": 8000595981, "category": "school", "source": "OpenStreetMap (ODbL)"}, "geometry": {"type": "Point", "coordinates": [76.1508632, 11.5091741]}}, {"type": "Feature", "id": 8000603082, "properties": {"addr:city": "vellamunda", "government": "education", "name": "Gmhss Vellamunda", "office": "government", "phone": "+91-4935230370", "website": "https://vellamundaschool.blogspot.com/", "id": "osm-node-8000603082", "osm_type": "node", "osm_id": 8000603082, "category": "government", "source": "OpenStreetMap (ODbL)"}, "geometry": {"type": "Point", "coordinates": [75.9553456, 11.7318804]}}, {"type": "Feature", "id": 8000658490, "properties": {"addr:city": "Chooralmala", "amenity": "kindergarten", "name": "Anganwadi CNo. 54", "id": "osm-node-8000658490", "osm_type": "node", "osm_id": 8000658490, "category": "school", "source": "OpenStreetMap (ODbL)"}, "geometry": {"type": "Point", "coordinates": [76.1509437, 11.4965029]}}, {"type": "Feature", "id": 8000663438, "properties": {"amenity": "school", "name": "SN A Lower Primary School Ground", "id": "osm-node-8000663438", "osm_type": "node", "osm_id": 8000663438, "category": "school", "source": "OpenStreetMap (ODbL)"}, "geometry": {"type": "Point", "coordinates": [76.2088565, 11.8005876]}}, {"type": "Feature", "id": 8000663439, "properties": {"amenity": "kindergarten", "name": "SN A Lower Primary School, Kappiset", "id": "osm-node-8000663439", "osm_type": "node", "osm_id": 8000663439, "category": "school", "source": "OpenStreetMap (ODbL)"}, "geometry": {"type": "Point", "coordinates": [76.208882, 11.8004878]}}, {"type": "Feature", "id": 8000836395, "properties": {"addr:city": "Erumackolly No.2", "amenity": "kindergarten", "name": "Anganawadi CNo. 35", "id": "osm-node-8000836395", "osm_type": "node", "osm_id": 8000836395, "category": "school", "source": "OpenStreetMap (ODbL)"}, "geometry": {"type": "Point", "coordinates": [76.1123375, 11.5499737]}}, {"type": "Feature", "id": 8000871487, "properties": {"amenity": "school", "ele": "-1", "name": "Snalp School Narayanapuram", "id": "osm-node-8000871487", "osm_type": "node", "osm_id": 8000871487, "category": "school", "source": "OpenStreetMap (ODbL)"}, "geometry": {"type": "Point", "coordinates": [76.2120297, 11.7027993]}}, {"type": "Feature", "id": 8000899635, "properties": {"addr:city": "MEENANGADI", "amenity": "school", "name": "Anmup School Gokhale Nagar", "id": "osm-node-8000899635", "osm_type": "node", "osm_id": 8000899635, "category": "school", "source": "OpenStreetMap (ODbL)"}, "geometry": {"type": "Point", "coordinates": [76.1823877, 11.680928]}}, {"type": "Feature", "id": 8000905628, "properties": {"addr:city": "Padinjarethara", "name": "Glps Peral", "office": "government", "phone": "+91-9074196757", "id": "osm-node-8000905628", "osm_type": "node", "osm_id": 8000905628, "category": "government", "source": "OpenStreetMap (ODbL)"}, "geometry": {"type": "Point", "coordinates": [75.9750207, 11.6778881]}}, {"type": "Feature", "id": 8000910944, "properties": {"addr:city": "Meppadi", "amenity": "kindergarten", "name": "Anganawadi CNo. 51", "id": "osm-node-8000910944", "osm_type": "node", "osm_id": 8000910944, "category": "school", "source": "OpenStreetMap (ODbL)"}, "geometry": {"type": "Point", "coordinates": [76.1285165, 11.546744]}}, {"type": "Feature", "id": 8001752572, "properties": {"addr:city": "Muttil", "government": "education", "name": "St. George ALPS Kolavayal", "office": "government", "id": "osm-node-8001752572", "osm_type": "node", "osm_id": 8001752572, "category": "government", "source": "OpenStreetMap (ODbL)"}, "geometry": {"type": "Point", "coordinates": [76.1206212, 11.65936]}}, {"type": "Feature", "id": 8001846404, "properties": {"addr:city": "Mananthavady", "amenity": "school", "name": "GUPS Mananthavady", "operator": "GOVERNMENT", "operator:type": "government", "id": "osm-node-8001846404", "osm_type": "node", "osm_id": 8001846404, "category": "school", "source": "OpenStreetMap (ODbL)"}, "geometry": {"type": "Point", "coordinates": [76.0021429, 11.8015309]}}, {"type": "Feature", "id": 8002034746, "properties": {"addr:city": "vellamunda", "government": "SCHOOL", "name": "AUPS Vellamunda", "office": "government", "website": "aupsvellamunda.com", "id": "osm-node-8002034746", "osm_type": "node", "osm_id": 8002034746, "category": "government", "source": "OpenStreetMap (ODbL)"}, "geometry": {"type": "Point", "coordinates": [75.955358, 11.7322077]}}, {"type": "Feature", "id": 8002034747, "properties": {"addr:city": "vellamunda", "government": "SCHOOL", "name": "AUPS VELLAMUNDA", "office": "government", "id": "osm-node-8002034747", "osm_type": "node", "osm_id": 8002034747, "category": "government", "source": "OpenStreetMap (ODbL)"}, "geometry": {"type": "Point", "coordinates": [75.9552448, 11.7324639]}}, {"type": "Feature", "id": 8002063737, "properties": {"amenity": "hospital", "healthcare": "hospital", "name": "FWC pathiripalam", "id": "osm-node-8002063737", "osm_type": "node", "osm_id": 8002063737, "category": "hospital", "source": "OpenStreetMap (ODbL)"}, "geometry": {"type": "Point", "coordinates": [76.199665, 11.6667264]}}, {"type": "Feature", "id": 8002073459, "properties": {"government": "village_office", "name": "Village Office, Periya", "office": "government", "phone": "+91-4935260480", "id": "osm-node-8002073459", "osm_type": "node", "osm_id": 8002073459, "category": "government", "source": "OpenStreetMap (ODbL)"}, "geometry": {"type": "Point", "coordinates": [75.8567428, 11.8347519]}}, {"type": "Feature", "id": 8002083870, "properties": {"government": "public_service", "name": "C NO 29 Anganvady Kayakkunnu", "office": "government", "id": "osm-node-8002083870", "osm_type": "node", "osm_id": 8002083870, "category": "government", "source": "OpenStreetMap (ODbL)"}, "geometry": {"type": "Point", "coordinates": [76.0754683, 11.7395431]}}, {"type": "Feature", "id": 8002086957, "properties": {"addr:city": "Noolpuzha", "amenity": "hospital", "healthcare": "hospital", "name": "FWC Subcentre Vadakkanad", "operator": "Govt of Kerala", "operator:type": "government", "id": "osm-node-8002086957", "osm_type": "node", "osm_id": 8002086957, "category": "hospital", "source": "OpenStreetMap (ODbL)"}, "geometry": {"type": "Point", "coordinates": [76.2870642, 11.7225297]}}, {"type": "Feature", "id": 8002088430, "properties": {"name": "C NO 32 Anganvady, Karimbummel", "office": "government", "id": "osm-node-8002088430", "osm_type": "node", "osm_id": 8002088430, "category": "government", "source": "OpenStreetMap (ODbL)"}, "geometry": {"type": "Point", "coordinates": [76.0721531, 11.7329279]}}, {"type": "Feature", "id": 8002091553, "properties": {"addr:city": "PADINJARATHARA", "amenity": "school", "name": "S A L P School Kuppadithara", "id": "osm-node-8002091553", "osm_type": "node", "osm_id": 8002091553, "category": "school", "source": "OpenStreetMap (ODbL)"}, "geometry": {"type": "Point", "coordinates": [76.0129129, 11.6931963]}}, {"type": "Feature", "id": 8002110524, "properties": {"name": "CNO 34  Anganvady Chundakkunnu", "office": "government", "id": "osm-node-8002110524", "osm_type": "node", "osm_id": 8002110524, "category": "government", "source": "OpenStreetMap (ODbL)"}, "geometry": {"type": "Point", "coordinates": [76.0706802, 11.7332814]}}, {"type": "Feature", "id": 8002111333, "properties": {"name": "CNO 33 Anganvady Padikkamvayal", "office": "government", "id": "osm-node-8002111333", "osm_type": "node", "osm_id": 8002111333, "category": "government", "source": "OpenStreetMap (ODbL)"}, "geometry": {"type": "Point", "coordinates": [76.0698014, 11.732951]}}, {"type": "Feature", "id": 8002140187, "properties": {"amenity": "hospital", "healthcare": "hospital", "id": "osm-node-8002140187", "osm_type": "node", "osm_id": 8002140187, "category": "hospital", "source": "OpenStreetMap (ODbL)"}, "geometry": {"type": "Point", "coordinates": [75.9764405, 11.7758548]}}, {"type": "Feature", "id": 8002141028, "properties": {"name": "CNO31 Anganvady, Neerattady", "office": "government", "id": "osm-node-8002141028", "osm_type": "node", "osm_id": 8002141028, "category": "government", "source": "OpenStreetMap (ODbL)"}, "geometry": {"type": "Point", "coordinates": [76.0720853, 11.737072]}}, {"type": "Feature", "id": 8002143858, "properties": {"name": "CNO 36 Anganavady Arinjermala", "office": "government", "id": "osm-node-8002143858", "osm_type": "node", "osm_id": 8002143858, "category": "government", "source": "OpenStreetMap (ODbL)"}, "geometry": {"type": "Point", "coordinates": [76.0691658, 11.7357204]}}, {"type": "Feature", "id": 8002148962, "properties": {"government": "office", "name": "Principal Agricultural Office Wayanad", "office": "government", "id": "osm-node-8002148962", "osm_type": "node", "osm_id": 8002148962, "category": "government", "source": "OpenStreetMap (ODbL)"}, "geometry": {"type": "Point", "coordinates": [76.0817166, 11.6123911]}}, {"type": "Feature", "id": 8002154360, "properties": {"name": "CNO 38 Anganvady Malankara", "office": "government", "id": "osm-node-8002154360", "osm_type": "node", "osm_id": 8002154360, "category": "government", "source": "OpenStreetMap (ODbL)"}, "geometry": {"type": "Point", "coordinates": [76.0670844, 11.7345859]}}, {"type": "Feature", "id": 8002163664, "properties": {"name": "CNO41 Anganvady Kurumbalkotta", "office": "government", "id": "osm-node-8002163664", "osm_type": "node", "osm_id": 8002163664, "category": "government", "source": "OpenStreetMap (ODbL)"}, "geometry": {"type": "Point", "coordinates": [76.0673097, 11.7348485]}}, {"type": "Feature", "id": 8002163674, "properties": {"name": "CNO 40 Anganvady Pallikkunnu", "office": "government", "id": "osm-node-8002163674", "osm_type": "node", "osm_id": 8002163674, "category": "government", "source": "OpenStreetMap (ODbL)"}, "geometry": {"type": "Point", "coordinates": [76.0687903, 11.7367288]}}, {"type": "Feature", "id": 8002178824, "properties": {"name": "CNO 30 Anganvady Vadochal", "office": "government", "id": "osm-node-8002178824", "osm_type": "node", "osm_id": 8002178824, "category": "government", "source": "OpenStreetMap (ODbL)"}, "geometry": {"type": "Point", "coordinates": [76.0736081, 11.7325005]}}, {"type": "Feature", "id": 8002185191, "properties": {"healthcare": "hospital", "name": "Health Center-Rattakundu", "id": "osm-node-8002185191", "osm_type": "node", "osm_id": 8002185191, "category": "hospital", "source": "OpenStreetMap (ODbL)"}, "geometry": {"type": "Point", "coordinates": [76.1826567, 11.6466414]}}, {"type": "Feature", "id": 8002190116, "properties": {"addr:city": "ellumannam P O", "amenity": "internet_cafe", "government": "Akshaya,_CSC,_Govt._online_Center", "name": "Akshaya Center,Randenal", "phone": "+919895086086", "id": "osm-node-8002190116", "osm_type": "node", "osm_id": 8002190116, "category": "government", "source": "OpenStreetMap (ODbL)"}, "geometry": {"type": "Point", "coordinates": [75.9788403, 11.7808784]}}, {"type": "Feature", "id": 8002191710, "properties": {"addr:city": "Sulthan Bathery", "government": "government", "name": "Taluk office Sulthan Bathery", "office": "government", "id": "osm-node-8002191710", "osm_type": "node", "osm_id": 8002191710, "category": "government", "source": "OpenStreetMap (ODbL)"}, "geometry": {"type": "Point", "coordinates": [76.2615987, 11.6699359]}}, {"type": "Feature", "id": 8002192327, "properties": {"name": "CNO 27 Anganvady Alunkalthazha", "office": "government", "id": "osm-node-8002192327", "osm_type": "node", "osm_id": 8002192327, "category": "government", "source": "OpenStreetMap (ODbL)"}, "geometry": {"type": "Point", "coordinates": [76.0779759, 11.7415132]}}, {"type": "Feature", "id": 8002197728, "properties": {"amenity": "hospital", "healthcare": "hospital", "name": "FWC Kallupadi", "operator": "government", "id": "osm-node-8002197728", "osm_type": "node", "osm_id": 8002197728, "category": "hospital", "source": "OpenStreetMap (ODbL)"}, "geometry": {"type": "Point", "coordinates": [76.1504468, 11.6331248]}}, {"type": "Feature", "id": 8002203439, "properties": {"addr:city": "Sulthan Bathery", "government": "government", "name": "SubTreasury Sulthan Bathery", "office": "government", "id": "osm-node-8002203439", "osm_type": "node", "osm_id": 8002203439, "category": "government", "source": "OpenStreetMap (ODbL)"}, "geometry": {"type": "Point", "coordinates": [76.2617461, 11.6696461]}}, {"type": "Feature", "id": 8002214129, "properties": {"amenity": "hospital", "healthcare": "hospital", "name": "Sub Centre, Pakkam", "operator:type": "government", "id": "osm-node-8002214129", "osm_type": "node", "osm_id": 8002214129, "category": "hospital", "source": "OpenStreetMap (ODbL)"}, "geometry": {"type": "Point", "coordinates": [76.1475642, 11.6161527]}}, {"type": "Feature", "id": 8002216523, "properties": {"name": "CNO 22 Anganvady Anjannikunnu", "office": "government", "id": "osm-node-8002216523", "osm_type": "node", "osm_id": 8002216523, "category": "government", "source": "OpenStreetMap (ODbL)"}, "geometry": {"type": "Point", "coordinates": [76.0772594, 11.7411669]}}, {"type": "Feature", "id": 8002225801, "properties": {"name": "CNO 28 Anganvady Pathiriyambam", "office": "government", "id": "osm-node-8002225801", "osm_type": "node", "osm_id": 8002225801, "category": "government", "source": "OpenStreetMap (ODbL)"}, "geometry": {"type": "Point", "coordinates": [76.0776135, 11.7408518]}}, {"type": "Feature", "id": 8002229403, "properties": {"name": "CNO 25 Anganvady Manalvayal", "office": "government", "id": "osm-node-8002229403", "osm_type": "node", "osm_id": 8002229403, "category": "government", "source": "OpenStreetMap (ODbL)"}, "geometry": {"type": "Point", "coordinates": [76.0771865, 11.7422534]}}, {"type": "Feature", "id": 8002235743, "properties": {"amenity": "hospital", "healthcare": "hospital", "name": "Primary Health Centre Vazhavatta", "operator:type": "government", "id": "osm-node-8002235743", "osm_type": "node", "osm_id": 8002235743, "category": "hospital", "source": "OpenStreetMap (ODbL)"}, "geometry": {"type": "Point", "coordinates": [76.1581686, 11.6213793]}}, {"type": "Feature", "id": 8002238022, "properties": {"name": "CNO 21 Anganvady Mylukunnu", "office": "government", "id": "osm-node-8002238022", "osm_type": "node", "osm_id": 8002238022, "category": "government", "source": "OpenStreetMap (ODbL)"}, "geometry": {"type": "Point", "coordinates": [76.0765467, 11.7427594]}}, {"type": "Feature", "id": 8002244980, "properties": {"name": "CNO 24Anganvady Ammany", "office": "government", "id": "osm-node-8002244980", "osm_type": "node", "osm_id": 8002244980, "category": "government", "source": "OpenStreetMap (ODbL)"}, "geometry": {"type": "Point", "coordinates": [76.0768861, 11.7424004]}}, {"type": "Feature", "id": 8002245413, "properties": {"name": "CNO 23 Anganvady Neervaram", "office": "government", "id": "osm-node-8002245413", "osm_type": "node", "osm_id": 8002245413, "category": "government", "source": "OpenStreetMap (ODbL)"}, "geometry": {"type": "Point", "coordinates": [76.0768652, 11.7427317]}}, {"type": "Feature", "id": 8002264433, "properties": {"amenity": "hospital", "healthcare": "hospital", "name": "Pariyaram Sub Center", "operator": "Government", "id": "osm-node-8002264433", "osm_type": "node", "osm_id": 8002264433, "category": "hospital", "source": "OpenStreetMap (ODbL)"}, "geometry": {"type": "Point", "coordinates": [76.1007962, 11.6478902]}}, {"type": "Feature", "id": 8002283717, "properties": {"healthcare": "centre", "name": "Health Center-Kolagappara", "id": "osm-node-8002283717", "osm_type": "node", "osm_id": 8002283717, "category": "clinic", "source": "OpenStreetMap (ODbL)"}, "geometry": {"type": "Point", "coordinates": [76.2149452, 11.6567978]}}, {"type": "Feature", "id": 8002334163, "properties": {"name": "Sub Treasury", "office": "government", "id": "osm-node-8002334163", "osm_type": "node", "osm_id": 8002334163, "category": "government", "source": "OpenStreetMap (ODbL)"}, "geometry": {"type": "Point", "coordinates": [76.164713, 11.7932974]}}, {"type": "Feature", "id": 8002417949, "properties": {"addr:city": "KALPETTA", "amenity": "school", "name": "G L P School Kalpetta", "id": "osm-node-8002417949", "osm_type": "node", "osm_id": 8002417949, "category": "school", "source": "OpenStreetMap (ODbL)"}, "geometry": {"type": "Point", "coordinates": [76.0839043, 11.6083893]}}, {"type": "Feature", "id": 8002426335, "properties": {"addr:city": "Ambalavayal", "government": "government", "name": "Village Office Ambalavayal", "office": "government", "id": "osm-node-8002426335", "osm_type": "node", "osm_id": 8002426335, "category": "government", "source": "OpenStreetMap (ODbL)"}, "geometry": {"type": "Point", "coordinates": [76.2108687, 11.618782]}}, {"type": "Feature", "id": 8002434909, "properties": {"amenity": "hospital", "healthcare": "hospital", "name": "Appad Sub center", "operator": "Health and family welfare", "operator:type": "government", "id": "osm-node-8002434909", "osm_type": "node", "osm_id": 8002434909, "category": "hospital", "source": "OpenStreetMap (ODbL)"}, "geometry": {"type": "Point", "coordinates": [76.1754739, 11.6935542]}}, {"type": "Feature", "id": 8002448926, "properties": {"amenity": "hospital", "healthcare": "hospital", "name": "choothupara sub center", "operator": "health and family welfare", "operator:type": "government", "id": "osm-node-8002448926", "osm_type": "node", "osm_id": 8002448926, "category": "hospital", "source": "OpenStreetMap (ODbL)"}, "geometry": {"type": "Point", "coordinates": [76.1615233, 11.702407]}}, {"type": "Feature", "id": 8002453948, "properties": {"amenity": "hospital", "healthcare": "hospital", "name": "Choothupara Sub center", "operator": "Health and family center", "operator:type": "government", "id": "osm-node-8002453948", "osm_type": "node", "osm_id": 8002453948, "category": "hospital", "source": "OpenStreetMap (ODbL)"}, "geometry": {"type": "Point", "coordinates": [76.1615394, 11.7024098]}}, {"type": "Feature", "id": 8002598110, "properties": {"healthcare": "centre", "name": "FW Center -Pathirippalam", "id": "osm-node-8002598110", "osm_type": "node", "osm_id": 8002598110, "category": "clinic", "source": "OpenStreetMap (ODbL)"}, "geometry": {"type": "Point", "coordinates": [76.2019914, 11.6714656]}}, {"type": "Feature", "id": 8002648770, "properties": {"amenity": "hospital", "healthcare": "hospital", "name": "Cheerankunnu Sub center", "operator": "haelth and family welfare", "operator:type": "government", "id": "osm-node-8002648770", "osm_type": "node", "osm_id": 8002648770, "category": "hospital", "source": "OpenStreetMap (ODbL)"}, "geometry": {"type": "Point", "coordinates": [76.1598316, 11.6544507]}}, {"type": "Feature", "id": 8002661678, "properties": {"addr:city": "Anjukunnu", "amenity": "internet_cafe", "government": "yes", "name": "Akshaya Centre,Anjukunnu", "id": "osm-node-8002661678", "osm_type": "node", "osm_id": 8002661678, "category": "government", "source": "OpenStreetMap (ODbL)"}, "geometry": {"type": "Point", "coordinates": [76.0371146, 11.7531285]}}, {"type": "Feature", "id": 8002735701, "properties": {"addr:city": "Kalpetta", "government": "government", "name": "Economics and Statistics District Office", "office": "government", "phone": "+91-4936202633", "website": "https://www.ecostat.kerala.gov.in/", "id": "osm-node-8002735701", "osm_type": "node", "osm_id": 8002735701, "category": "government", "source": "OpenStreetMap (ODbL)"}, "geometry": {"type": "Point", "coordinates": [76.0890825, 11.6268414]}}, {"type": "Feature", "id": 8002751347, "properties": {"addr:city": "Sulthan Bathery", "government": "government", "name": "Taluk Statistical Office", "office": "government", "phone": "+91-4936220663", "website": "https://www.ecostat.kerala.gov.in/", "id": "osm-node-8002751347", "osm_type": "node", "osm_id": 8002751347, "category": "government", "source": "OpenStreetMap (ODbL)"}, "geometry": {"type": "Point", "coordinates": [76.2619135, 11.6698218]}}, {"type": "Feature", "id": 8002785388, "properties": {"addr:city": "Mananthavady", "government": "administrative", "name": "Taluk Statistical Office, Mananthavady", "office": "government", "website": "https://www.ecostat.kerala.gov.in/", "id": "osm-node-8002785388", "osm_type": "node", "osm_id": 8002785388, "category": "government", "source": "OpenStreetMap (ODbL)"}, "geometry": {"type": "Point", "coordinates": [76.0031789, 11.7959343]}}, {"type": "Feature", "id": 8002804272, "properties": {"addr:city": "Muttill", "government": "administrative", "name": "Taluk Statistical Office, Vythiri", "office": "government", "website": "https://www.ecostat.kerala.gov.in/", "id": "osm-node-8002804272", "osm_type": "node", "osm_id": 8002804272, "category": "government", "source": "OpenStreetMap (ODbL)"}, "geometry": {"type": "Point", "coordinates": [76.1100233, 11.6412304]}}, {"type": "Feature", "id": 8002820261, "properties": {"amenity": "place_of_worship", "name": "padiparambe subcenter", "id": "osm-node-8002820261", "osm_type": "node", "osm_id": 8002820261, "category": "religious", "source": "OpenStreetMap (ODbL)"}, "geometry": {"type": "Point", "coordinates": [76.2281154, 11.6226093]}}, {"type": "Feature", "id": 8002854532, "properties": {"addr:city": "670644", "amenity": "kindergarten", "name": "Kazhukkottur Anganwadi", "id": "osm-node-8002854532", "osm_type": "node", "osm_id": 8002854532, "category": "school", "source": "OpenStreetMap (ODbL)"}, "geometry": {"type": "Point", "coordinates": [75.9445128, 11.8074018]}}, {"type": "Feature", "id": 8002867557, "properties": {"name": "CNO.64Anganvady  Mathoor", "office": "government", "id": "osm-node-8002867557", "osm_type": "node", "osm_id": 8002867557, "category": "government", "source": "OpenStreetMap (ODbL)"}, "geometry": {"type": "Point", "coordinates": [76.075375, 11.7400659]}}, {"type": "Feature", "id": 8002872728, "properties": {"name": "CNO.45 Anganvady Nadavayal", "office": "government", "id": "osm-node-8002872728", "osm_type": "node", "osm_id": 8002872728, "category": "government", "source": "OpenStreetMap (ODbL)"}, "geometry": {"type": "Point", "coordinates": [76.0747902, 11.7411846]}}, {"type": "Feature", "id": 8002872886, "properties": {"name": "CNO.43 Anganvady Nelliyambam", "office": "government", "id": "osm-node-8002872886", "osm_type": "node", "osm_id": 8002872886, "category": "government", "source": "OpenStreetMap (ODbL)"}, "geometry": {"type": "Point", "coordinates": [76.0752194, 11.7405438]}}, {"type": "Feature", "id": 8002874550, "properties": {"name": "CNO.42 KAVADAM1", "office": "government", "id": "osm-node-8002874550", "osm_type": "node", "osm_id": 8002874550, "category": "government", "source": "OpenStreetMap (ODbL)"}, "geometry": {"type": "Point", "coordinates": [76.0751443, 11.7409377]}}, {"type": "Feature", "id": 8002986997, "properties": {"amenity": "school", "name": "SNM LP School Varayal", "id": "osm-node-8002986997", "osm_type": "node", "osm_id": 8002986997, "category": "school", "source": "OpenStreetMap (ODbL)"}, "geometry": {"type": "Point", "coordinates": [75.9013173, 11.839005]}}, {"type": "Feature", "id": 8003411047, "properties": {"amenity": "kindergarten", "name": "CNO:53  Anganvady Polanna", "id": "osm-node-8003411047", "osm_type": "node", "osm_id": 8003411047, "category": "school", "source": "OpenStreetMap (ODbL)"}, "geometry": {"type": "Point", "coordinates": [76.1944691, 11.7810535]}}, {"type": "Feature", "id": 8003896431, "properties": {"name": "postoffice,thrikkaipatta", "office": "government", "id": "osm-node-8003896431", "osm_type": "node", "osm_id": 8003896431, "category": "government", "source": "OpenStreetMap (ODbL)"}, "geometry": {"type": "Point", "coordinates": [76.1324804, 11.5980052]}}, {"type": "Feature", "id": 8003942522, "properties": {"name": "village office,thrikkaipatta", "office": "government", "id": "osm-node-8003942522", "osm_type": "node", "osm_id": 8003942522, "category": "government", "source": "OpenStreetMap (ODbL)"}, "geometry": {"type": "Point", "coordinates": [76.1323453, 11.5982767]}}, {"type": "Feature", "id": 8003942523, "properties": {"name": "anganvady,idinjakolly", "office": "government", "id": "osm-node-8003942523", "osm_type": "node", "osm_id": 8003942523, "category": "government", "source": "OpenStreetMap (ODbL)"}, "geometry": {"type": "Point", "coordinates": [76.1250882, 11.6041855]}}, {"type": "Feature", "id": 8004220322, "properties": {"addr:city": "KAdoor", "amenity": "kindergarten", "name": "Anganawadi CNo. 34", "id": "osm-node-8004220322", "osm_type": "node", "osm_id": 8004220322, "category": "school", "source": "OpenStreetMap (ODbL)"}, "geometry": {"type": "Point", "coordinates": [76.130193, 11.5425504]}}, {"type": "Feature", "id": 8004229813, "properties": {"addr:city": "Meppadi", "amenity": "kindergarten", "name": "Anganawadi CNo. 45", "id": "osm-node-8004229813", "osm_type": "node", "osm_id": 8004229813, "category": "school", "source": "OpenStreetMap (ODbL)"}, "geometry": {"type": "Point", "coordinates": [76.1241761, 11.5554718]}}, {"type": "Feature", "id": 8004268007, "properties": {"addr:city": "Nedumbala", "amenity": "kindergarten", "name": "Anganawadi CNo. 53", "id": "osm-node-8004268007", "osm_type": "node", "osm_id": 8004268007, "category": "school", "source": "OpenStreetMap (ODbL)"}, "geometry": {"type": "Point", "coordinates": [76.1413552, 11.5734325]}}, {"type": "Feature", "id": 8004338758, "properties": {"addr:city": "mukkamkunn", "amenity": "kindergarten", "name": "Anganawadi CNo 33", "id": "osm-node-8004338758", "osm_type": "node", "osm_id": 8004338758, "category": "school", "source": "OpenStreetMap (ODbL)"}, "geometry": {"type": "Point", "coordinates": [76.1300353, 11.6122092]}}, {"type": "Feature", "id": 8005259046, "properties": {"addr:city": "Pattanikoop", "amenity": "kindergarten", "name": "Pattanikoop Anganawadi", "id": "osm-node-8005259046", "osm_type": "node", "osm_id": 8005259046, "category": "school", "source": "OpenStreetMap (ODbL)"}, "geometry": {"type": "Point", "coordinates": [76.1592487, 11.8440071]}}, {"type": "Feature", "id": 8005349492, "properties": {"addr:city": "Nedumbala", "amenity": "kindergarten", "name": "Anganwadi CNo. 42", "id": "osm-node-8005349492", "osm_type": "node", "osm_id": 8005349492, "category": "school", "source": "OpenStreetMap (ODbL)"}, "geometry": {"type": "Point", "coordinates": [76.1548894, 11.5809264]}}, {"type": "Feature", "id": 8005367135, "properties": {"addr:city": "Mullankolly", "amenity": "place_of_worship", "name": "Padichira Anganawadi", "id": "osm-node-8005367135", "osm_type": "node", "osm_id": 8005367135, "category": "religious", "source": "OpenStreetMap (ODbL)"}, "geometry": {"type": "Point", "coordinates": [76.146959, 11.8179583]}}, {"type": "Feature", "id": 8005372004, "properties": {"addr:city": "Ezhamchira", "amenity": "kindergarten", "name": "Anganawadi CNo. 31", "id": "osm-node-8005372004", "osm_type": "node", "osm_id": 8005372004, "category": "school", "source": "OpenStreetMap (ODbL)"}, "geometry": {"type": "Point", "coordinates": [76.1541811, 11.6014158]}}, {"type": "Feature", "id": 8005372200, "properties": {"addr:city": "Veetimattam", "amenity": "kindergarten", "name": "Anganawadi CNo. 25", "id": "osm-node-8005372200", "osm_type": "node", "osm_id": 8005372200, "category": "school", "source": "OpenStreetMap (ODbL)"}, "geometry": {"type": "Point", "coordinates": [76.1261843, 11.5775736]}}, {"type": "Feature", "id": 8005429801, "properties": {"addr:city": "Aanappara", "amenity": "kindergarten", "name": "Anganawadi CNo.38", "id": "osm-node-8005429801", "osm_type": "node", "osm_id": 8005429801, "category": "school", "source": "OpenStreetMap (ODbL)"}, "geometry": {"type": "Point", "coordinates": [76.0743335, 11.5649607]}}, {"type": "Feature", "id": 8005470007, "properties": {"addr:city": "Thrikkaippatta", "amenity": "kindergarten", "name": "Anganwadi CNo. 43", "id": "osm-node-8005470007", "osm_type": "node", "osm_id": 8005470007, "category": "school", "source": "OpenStreetMap (ODbL)"}, "geometry": {"type": "Point", "coordinates": [76.1390045, 11.5925397]}}, {"type": "Feature", "id": 8005477387, "properties": {"addr:city": "KK junction", "amenity": "kindergarten", "name": "Anganawadi CNo. 52", "id": "osm-node-8005477387", "osm_type": "node", "osm_id": 8005477387, "category": "school", "source": "OpenStreetMap (ODbL)"}, "geometry": {"type": "Point", "coordinates": [76.134025, 11.6200837]}}, {"type": "Feature", "id": 8005559364, "properties": {"addr:city": "Kunnamnagalam vayal", "amenity": "kindergarten", "name": "Anganawadi CNo. 55", "id": "osm-node-8005559364", "osm_type": "node", "osm_id": 8005559364, "category": "school", "source": "OpenStreetMap (ODbL)"}, "geometry": {"type": "Point", "coordinates": [76.128834, 11.5584971]}}, {"type": "Feature", "id": 8005604415, "properties": {"addr:city": "MEPPADI", "amenity": "kindergarten", "name": "Anganvady C NO 47, Chembra", "id": "osm-node-8005604415", "osm_type": "node", "osm_id": 8005604415, "category": "school", "source": "OpenStreetMap (ODbL)"}, "geometry": {"type": "Point", "coordinates": [76.1097273, 11.5602063]}}, {"type": "Feature", "id": 8007159674, "properties": {"amenity": "kindergarten", "name": "Godavari Anganwadi", "id": "osm-node-8007159674", "osm_type": "node", "osm_id": 8007159674, "category": "school", "source": "OpenStreetMap (ODbL)"}, "geometry": {"type": "Point", "coordinates": [75.9781918, 11.8350065]}}, {"type": "Feature", "id": 8008386616, "properties": {"amenity": "kindergarten", "name": "Puthiyidam SE Colony Anganwadi", "operator": "Stella Chandran", "operator:type": "government", "id": "osm-node-8008386616", "osm_type": "node", "osm_id": 8008386616, "category": "school", "source": "OpenStreetMap (ODbL)"}, "geometry": {"type": "Point", "coordinates": [75.9578372, 11.8538182]}}, {"type": "Feature", "id": 8008703590, "properties": {"addr:city": "kavumannam", "amenity": "kindergarten", "name": "Anganvadi, CNo. 78", "phone": "+91-9562595348", "id": "osm-node-8008703590", "osm_type": "node", "osm_id": 8008703590, "category": "school", "source": "OpenStreetMap (ODbL)"}, "geometry": {"type": "Point", "coordinates": [76.0000966, 11.6448838]}}, {"type": "Feature", "id": 8008704035, "properties": {"amenity": "place_of_worship", "name": "Kundilagadi Masjid", "religion": "muslim", "id": "osm-node-8008704035", "osm_type": "node", "osm_id": 8008704035, "category": "religious", "source": "OpenStreetMap (ODbL)"}, "geometry": {"type": "Point", "coordinates": [76.0018415, 11.6340079]}}, {"type": "Feature", "id": 8008704066, "properties": {"amenity": "place_of_worship", "name": "Cross", "religion": "christian", "id": "osm-node-8008704066", "osm_type": "node", "osm_id": 8008704066, "category": "religious", "source": "OpenStreetMap (ODbL)"}, "geometry": {"type": "Point", "coordinates": [76.0020689, 11.6341666]}}, {"type": "Feature", "id": 8008808720, "properties": {"addr:city": "kavumannam", "amenity": "kindergarten", "name": "aganawadi", "id": "osm-node-8008808720", "osm_type": "node", "osm_id": 8008808720, "category": "school", "source": "OpenStreetMap (ODbL)"}, "geometry": {"type": "Point", "coordinates": [76.0070057, 11.648042]}}, {"type": "Feature", "id": 8008903396, "properties": {"amenity": "kindergarten", "name": "chennalod 1", "id": "osm-node-8008903396", "osm_type": "node", "osm_id": 8008903396, "category": "school", "source": "OpenStreetMap (ODbL)"}, "geometry": {"type": "Point", "coordinates": [75.9883617, 11.6623912]}}, {"type": "Feature", "id": 8009092047, "properties": {"addr:city": "kalpetta", "amenity": "kindergarten", "name": "kavumannam anganavadi", "phone": "+91-9605785028", "id": "osm-node-8009092047", "osm_type": "node", "osm_id": 8009092047, "category": "school", "source": "OpenStreetMap (ODbL)"}, "geometry": {"type": "Point", "coordinates": [76.0047186, 11.6415998]}}, {"type": "Feature", "id": 8009381603, "properties": {"amenity": "school", "id": "osm-node-8009381603", "osm_type": "node", "osm_id": 8009381603, "category": "school", "source": "OpenStreetMap (ODbL)"}, "geometry": {"type": "Point", "coordinates": [76.007264, 11.6403157]}}, {"type": "Feature", "id": 8009951627, "properties": {"addr:city": "Kalpetta", "government": "government", "name": "District Women Protection Office Wayanad", "name:ml": "\u0d1c\u0d3f\u0d32\u0d4d\u0d32\u0d3e \u0d35\u0d28\u0d3f\u0d24 \u0d38\u0d02\u0d30\u0d15\u0d4d\u0d37\u0d23 \u0d13\u0d2b\u0d40\u0d38\u0d4d \u0d35\u0d2f\u0d28\u0d3e\u0d1f\u0d4d", "office": "government", "phone": "+91-4936206616", "id": "osm-node-8009951627", "osm_type": "node", "osm_id": 8009951627, "category": "government", "source": "OpenStreetMap (ODbL)"}, "geometry": {"type": "Point", "coordinates": [76.0887822, 11.6265356]}}, {"type": "Feature", "id": 8009971296, "properties": {"addr:city": "Kalpetta", "government": "WOMEN_AND_CHILD_DEVELOPMENT", "name": "DISTRICT WOMEN AND CHILD DEVELOPMENT OFFICE WAYANAD", "name:ml": "\u0d1c\u0d3f\u0d32\u0d4d\u0d32\u0d3e \u0d35\u0d28\u0d3f\u0d24 \u0d36\u0d3f\u0d36\u0d41\u0d35\u0d3f\u0d15\u0d38\u0d28 \u0d13\u0d2b\u0d40\u0d38\u0d4d \u0d35\u0d2f\u0d28\u0d3e\u0d1f\u0d4d", "office": "government", "phone": "+91-4936296362", "website": "https://wcd.kerala.gov.in/", "id": "osm-node-8009971296", "osm_type": "node", "osm_id": 8009971296, "category": "government", "source": "OpenStreetMap (ODbL)"}, "geometry": {"type": "Point", "coordinates": [76.0887003, 11.6261051]}}, {"type": "Feature", "id": 8010607807, "properties": {"amenity": "school", "name": "Cno.04 Nallannoor Anganwadi. Muppinad", "id": "osm-node-8010607807", "osm_type": "node", "osm_id": 8010607807, "category": "school", "source": "OpenStreetMap (ODbL)"}, "geometry": {"type": "Point", "coordinates": [76.1720224, 11.5550103]}}, {"type": "Feature", "id": 8011947653, "properties": {"amenity": "hospital", "healthcare": "hospital", "name": "Chennalode Veterinary hospital", "id": "osm-node-8011947653", "osm_type": "node", "osm_id": 8011947653, "category": "hospital", "source": "OpenStreetMap (ODbL)"}, "geometry": {"type": "Point", "coordinates": [75.9998208, 11.6550037]}}, {"type": "Feature", "id": 8011983293, "properties": {"amenity": "hospital", "healthcare": "hospital", "name": "Chennalode public health Center", "id": "osm-node-8011983293", "osm_type": "node", "osm_id": 8011983293, "category": "hospital", "source": "OpenStreetMap (ODbL)"}, "geometry": {"type": "Point", "coordinates": [75.9982437, 11.6580717]}}, {"type": "Feature", "id": 8012168567, "properties": {"amenity": "hospital", "healthcare": "hospital", "name": "Kenichira Sub Centre", "id": "osm-node-8012168567", "osm_type": "node", "osm_id": 8012168567, "category": "hospital", "source": "OpenStreetMap (ODbL)"}, "geometry": {"type": "Point", "coordinates": [76.1503024, 11.7240632]}}, {"type": "Feature", "id": 8013171695, "properties": {"addr:city": "Mananthavady", "amenity": "kindergarten", "government": "education", "name": "thindummal anganavadi", "id": "osm-node-8013171695", "osm_type": "node", "osm_id": 8013171695, "category": "school", "source": "OpenStreetMap (ODbL)"}, "geometry": {"type": "Point", "coordinates": [75.9728634, 11.8290555]}}, {"type": "Feature", "id": 8013223750, "properties": {"addr:city": "Vaduvanchal", "amenity": "place_of_worship", "name": "Church", "name:en": "Anugraha Retreat Center", "religion": "christian", "id": "osm-node-8013223750", "osm_type": "node", "osm_id": 8013223750, "category": "religious", "source": "OpenStreetMap (ODbL)"}, "geometry": {"type": "Point", "coordinates": [76.2118451, 11.551255]}}, {"type": "Feature", "id": 8013356130, "properties": {"addr:city": "Vaduvanchal", "amenity": "hospital", "healthcare": "hospital", "name": "Sreedhar Memorial Hospital", "name:en": "Sreedhar Memorial Hospital", "operator": "Sreedhar Memorial Hospital", "operator:type": "private", "id": "osm-node-8013356130", "osm_type": "node", "osm_id": 8013356130, "category": "hospital", "source": "OpenStreetMap (ODbL)"}, "geometry": {"type": "Point", "coordinates": [76.2126408, 11.5507106]}}, {"type": "Feature", "id": 8013418462, "properties": {"addr:city": "Vaduvanchal", "amenity": "hospital", "emergency": "yes", "healthcare": "hospital", "name": "Sreedhar Memorial Medical Center", "operator": "Sreedhar Memorial Medical Center", "id": "osm-node-8013418462", "osm_type": "node", "osm_id": 8013418462, "category": "hospital", "source": "OpenStreetMap (ODbL)"}, "geometry": {"type": "Point", "coordinates": [76.2126748, 11.5504743]}}, {"type": "Feature", "id": 8014006982, "properties": {"office": "government", "id": "osm-node-8014006982", "osm_type": "node", "osm_id": 8014006982, "category": "government", "source": "OpenStreetMap (ODbL)"}, "geometry": {"type": "Point", "coordinates": [75.9597423, 11.8367496]}}, {"type": "Feature", "id": 8014103712, "properties": {"addr:city": "kalpetta", "amenity": "place_of_worship", "name": "emily juma masjid", "religion": "muslim", "id": "osm-node-8014103712", "osm_type": "node", "osm_id": 8014103712, "category": "religious", "source": "OpenStreetMap (ODbL)"}, "geometry": {"type": "Point", "coordinates": [76.0808973, 11.6243543]}}, {"type": "Feature", "id": 8016098838, "properties": {"amenity": "place_of_worship", "name": "Cherikandi temple", "religion": "hindu", "id": "osm-node-8016098838", "osm_type": "node", "osm_id": 8016098838, "category": "religious", "source": "OpenStreetMap (ODbL)"}, "geometry": {"type": "Point", "coordinates": [76.0013572, 11.6288914]}}, {"type": "Feature", "id": 8018297411, "properties": {"amenity": "hospital", "healthcare": "hospital", "name": "SC Valavayal", "operator": "HEALTH AND FAMILY WELFARE", "operator:type": "government", "id": "osm-node-8018297411", "osm_type": "node", "osm_id": 8018297411, "category": "hospital", "source": "OpenStreetMap (ODbL)"}, "geometry": {"type": "Point", "coordinates": [76.1922766, 11.7109561]}}, {"type": "Feature", "id": 8018297440, "properties": {"amenity": "hospital", "healthcare": "hospital", "name": "SC Thazhamunda", "operator": "HEALTH& FAMILY WELFARE", "operator:type": "government", "id": "osm-node-8018297440", "osm_type": "node", "osm_id": 8018297440, "category": "hospital", "source": "OpenStreetMap (ODbL)"}, "geometry": {"type": "Point", "coordinates": [76.1395959, 11.706229]}}, {"type": "Feature", "id": 8018349822, "properties": {"amenity": "hospital", "healthcare": "hospital", "name": "SC Chempakapetta", "operator": "HEALTH &FAMILY WELFARE", "operator:type": "government", "id": "osm-node-8018349822", "osm_type": "node", "osm_id": 8018349822, "category": "hospital", "source": "OpenStreetMap (ODbL)"}, "geometry": {"type": "Point", "coordinates": [76.121234, 11.7166678]}}, {"type": "Feature", "id": 8018374444, "properties": {"amenity": "hospital", "healthcare": "hospital", "name": "SC Irulam", "operator": "HEALTH & FAMILY WELFARE", "operator:type": "government", "id": "osm-node-8018374444", "osm_type": "node", "osm_id": 8018374444, "category": "hospital", "source": "OpenStreetMap (ODbL)"}, "geometry": {"type": "Point", "coordinates": [76.1880983, 11.7520755]}}, {"type": "Feature", "id": 8023766112, "properties": {"amenity": "hospital", "healthcare": "hospital", "name": "sc adikolly", "operator": "HEALTH&FAMILY WELFARE", "operator:type": "government", "id": "osm-node-8023766112", "osm_type": "node", "osm_id": 8023766112, "category": "hospital", "source": "OpenStreetMap (ODbL)"}, "geometry": {"type": "Point", "coordinates": [76.1946156, 11.7812693]}}, {"type": "Feature", "id": 8024080356, "properties": {"amenity": "hospital", "healthcare": "hospital", "name": "sc kalloorkunnu", "operator": "HEALTH & FAMILY WELFARE", "operator:type": "government", "id": "osm-node-8024080356", "osm_type": "node", "osm_id": 8024080356, "category": "hospital", "source": "OpenStreetMap (ODbL)"}, "geometry": {"type": "Point", "coordinates": [76.2074948, 11.7051065]}}, {"type": "Feature", "id": 8024669741, "properties": {"amenity": "hospital", "healthcare": "hospital", "name": "SC Valanchery", "operator": "HEALTH &FAMILY WELFARE", "operator:type": "government", "id": "osm-node-8024669741", "osm_type": "node", "osm_id": 8024669741, "category": "hospital", "source": "OpenStreetMap (ODbL)"}, "geometry": {"type": "Point", "coordinates": [76.1793239, 11.7318176]}}, {"type": "Feature", "id": 8024678991, "properties": {"amenity": "hospital", "healthcare": "hospital", "name": "SC Vakery", "operator": "HEALTH & FAMILY WEFARE", "operator:type": "government", "id": "osm-node-8024678991", "osm_type": "node", "osm_id": 8024678991, "category": "hospital", "source": "OpenStreetMap (ODbL)"}, "geometry": {"type": "Point", "coordinates": [76.2211972, 11.6959112]}}, {"type": "Feature", "id": 8025201015, "properties": {"government": "village_office", "name": "Village Office, Padichira", "office": "government", "id": "osm-node-8025201015", "osm_type": "node", "osm_id": 8025201015, "category": "government", "source": "OpenStreetMap (ODbL)"}, "geometry": {"type": "Point", "coordinates": [76.1764088, 11.8353735]}}, {"type": "Feature", "id": 8025208552, "properties": {"addr:city": "kenichira", "government": "village_office", "name": "Village Office, Poothadi", "office": "government", "id": "osm-node-8025208552", "osm_type": "node", "osm_id": 8025208552, "category": "government", "source": "OpenStreetMap (ODbL)"}, "geometry": {"type": "Point", "coordinates": [76.1545032, 11.7192564]}}, {"type": "Feature", "id": 8027321857, "properties": {"amenity": "hospital", "healthcare": "hospital", "name": "SC Pazhupathoor", "operator": "Health and Family Welfare", "operator:type": "government", "id": "osm-node-8027321857", "osm_type": "node", "osm_id": 8027321857, "category": "hospital", "source": "OpenStreetMap (ODbL)"}, "geometry": {"type": "Point", "coordinates": [76.2277039, 11.6775156]}}, {"type": "Feature", "id": 8027378116, "properties": {"amenity": "hospital", "healthcare": "hospital", "name": "SC Pazhery", "operator": "Health and Family Welfare", "operator:type": "government", "id": "osm-node-8027378116", "osm_type": "node", "osm_id": 8027378116, "category": "hospital", "source": "OpenStreetMap (ODbL)"}, "geometry": {"type": "Point", "coordinates": [76.2719607, 11.7002666]}}, {"type": "Feature", "id": 8091848723, "properties": {"addr:city": "Kalpetta", "government": "yes", "name": "District Level Integrated Child Developement Services Cell Wayanad", "office": "government", "phone": "+91-4936204833", "website": "https://wcd.kerala.gov.in/", "id": "osm-node-8091848723", "osm_type": "node", "osm_id": 8091848723, "category": "government", "source": "OpenStreetMap (ODbL)"}, "geometry": {"type": "Point", "coordinates": [76.0887548, 11.6258147]}}, {"type": "Feature", "id": 8111067792, "properties": {"amenity": "hospital", "healthcare": "hospital", "name": "SC MARAKKADAVU", "operator": "HEALTH&FAMILY WELFARE", "operator:type": "government", "id": "osm-node-8111067792", "osm_type": "node", "osm_id": 8111067792, "category": "hospital", "source": "OpenStreetMap (ODbL)"}, "geometry": {"type": "Point", "coordinates": [76.1963376, 11.8627883]}}, {"type": "Feature", "id": 8111144222, "properties": {"amenity": "hospital", "healthcare": "hospital", "name": "SC CHAAMAPPARA", "id": "osm-node-8111144222", "osm_type": "node", "osm_id": 8111144222, "category": "hospital", "source": "OpenStreetMap (ODbL)"}, "geometry": {"type": "Point", "coordinates": [76.208879, 11.8364194]}}, {"type": "Feature", "id": 8111164694, "properties": {"amenity": "hospital", "healthcare": "hospital", "name": "SC SASIMALA", "operator": "HEALTH&FAMILY WELFARE", "operator:type": "government", "id": "osm-node-8111164694", "osm_type": "node", "osm_id": 8111164694, "category": "hospital", "source": "OpenStreetMap (ODbL)"}, "geometry": {"type": "Point", "coordinates": [76.2000466, 11.8138333]}}, {"type": "Feature", "id": 8111192513, "properties": {"amenity": "hospital", "healthcare": "hospital", "id": "osm-node-8111192513", "osm_type": "node", "osm_id": 8111192513, "category": "hospital", "source": "OpenStreetMap (ODbL)"}, "geometry": {"type": "Point", "coordinates": [76.1466817, 11.8164218]}}, {"type": "Feature", "id": 8123356485, "properties": {"government": "administrative", "name": "Thodarnade Grama Panchayath Office", "office": "government", "phone": "+91-4935235235", "id": "osm-node-8123356485", "osm_type": "node", "osm_id": 8123356485, "category": "government", "source": "OpenStreetMap (ODbL)"}, "geometry": {"type": "Point", "coordinates": [75.882075, 11.7436406]}}, {"type": "Feature", "id": 8274165327, "properties": {"amenity": "place_of_worship", "name": "Varadoor Sri Mariyamman Devi Temple", "religion": "hindu", "id": "osm-node-8274165327", "osm_type": "node", "osm_id": 8274165327, "category": "religious", "source": "OpenStreetMap (ODbL)"}, "geometry": {"type": "Point", "coordinates": [76.1053487, 11.7028497]}}, {"type": "Feature", "id": 8323353778, "properties": {"addr:city": "Cherukattoor", "government": "government", "name": "Village Office", "office": "government", "id": "osm-node-8323353778", "osm_type": "node", "osm_id": 8323353778, "category": "government", "source": "OpenStreetMap (ODbL)"}, "geometry": {"type": "Point", "coordinates": [76.0613066, 11.7690099]}}, {"type": "Feature", "id": 8327058151, "properties": {"amenity": "place_of_worship", "name": "Mosque", "religion": "muslim", "id": "osm-node-8327058151", "osm_type": "node", "osm_id": 8327058151, "category": "religious", "source": "OpenStreetMap (ODbL)"}, "geometry": {"type": "Point", "coordinates": [76.2629342, 11.6643414]}}, {"type": "Feature", "id": 8383242055, "properties": {"name": "Kakan Mala", "natural": "peak", "id": "osm-node-8383242055", "osm_type": "node", "osm_id": 8383242055, "category": "peak", "source": "OpenStreetMap (ODbL)"}, "geometry": {"type": "Point", "coordinates": [75.9605802, 11.574175]}}, {"type": "Feature", "id": 8383274591, "properties": {"name": "Vannattippara Kunnu", "natural": "peak", "id": "osm-node-8383274591", "osm_type": "node", "osm_id": 8383274591, "category": "peak", "source": "OpenStreetMap (ODbL)"}, "geometry": {"type": "Point", "coordinates": [75.9794347, 11.5807446]}}, {"type": "Feature", "id": 8383274594, "properties": {"amenity": "college", "name": "Islamia College", "id": "osm-node-8383274594", "osm_type": "node", "osm_id": 8383274594, "category": "college", "source": "OpenStreetMap (ODbL)"}, "geometry": {"type": "Point", "coordinates": [76.0264193, 11.618379]}}, {"type": "Feature", "id": 8396055442, "properties": {"amenity": "place_of_worship", "name": "Sacred Heart Church , Ambalavayal", "religion": "christian", "id": "osm-node-8396055442", "osm_type": "node", "osm_id": 8396055442, "category": "religious", "source": "OpenStreetMap (ODbL)"}, "geometry": {"type": "Point", "coordinates": [76.2102907, 11.6248272]}}, {"type": "Feature", "id": 8396591140, "properties": {"amenity": "place_of_worship", "name": "St. George Malakara Church", "religion": "christian", "id": "osm-node-8396591140", "osm_type": "node", "osm_id": 8396591140, "category": "religious", "source": "OpenStreetMap (ODbL)"}, "geometry": {"type": "Point", "coordinates": [76.2230322, 11.635236]}}, {"type": "Feature", "id": 8398758509, "properties": {"amenity": "kindergarten", "name": "CDS Office", "id": "osm-node-8398758509", "osm_type": "node", "osm_id": 8398758509, "category": "school", "source": "OpenStreetMap (ODbL)"}, "geometry": {"type": "Point", "coordinates": [76.0181911, 11.5805978]}}, {"type": "Feature", "id": 8398770395, "properties": {"government": "tribal", "name": "Tribal Extension Office", "office": "government", "id": "osm-node-8398770395", "osm_type": "node", "osm_id": 8398770395, "category": "government", "source": "OpenStreetMap (ODbL)"}, "geometry": {"type": "Point", "coordinates": [76.0226224, 11.5505612]}}, {"type": "Feature", "id": 8398801080, "properties": {"amenity": "kindergarten", "name": "Perunkoda Anganvadi", "id": "osm-node-8398801080", "osm_type": "node", "osm_id": 8398801080, "category": "school", "source": "OpenStreetMap (ODbL)"}, "geometry": {"type": "Point", "coordinates": [76.0135241, 11.5739223]}}, {"type": "Feature", "id": 8398804033, "properties": {"amenity": "kindergarten", "name": "Vengathode Anganvadi", "id": "osm-node-8398804033", "osm_type": "node", "osm_id": 8398804033, "category": "school", "source": "OpenStreetMap (ODbL)"}, "geometry": {"type": "Point", "coordinates": [76.0053503, 11.5895247]}}, {"type": "Feature", "id": 8398805465, "properties": {"amenity": "kindergarten", "name": "Kalloor Anganvadi", "id": "osm-node-8398805465", "osm_type": "node", "osm_id": 8398805465, "category": "school", "source": "OpenStreetMap (ODbL)"}, "geometry": {"type": "Point", "coordinates": [76.0116844, 11.5593701]}}, {"type": "Feature", "id": 8398806442, "properties": {"amenity": "kindergarten", "name": "Pookode 2 Anganvadi", "id": "osm-node-8398806442", "osm_type": "node", "osm_id": 8398806442, "category": "school", "source": "OpenStreetMap (ODbL)"}, "geometry": {"type": "Point", "coordinates": [76.0039609, 11.5505673]}}, {"type": "Feature", "id": 8398808442, "properties": {"amenity": "kindergarten", "name": "Amba Anganvadi", "id": "osm-node-8398808442", "osm_type": "node", "osm_id": 8398808442, "category": "school", "source": "OpenStreetMap (ODbL)"}, "geometry": {"type": "Point", "coordinates": [75.9930995, 11.5581664]}}, {"type": "Feature", "id": 8398812889, "properties": {"amenity": "kindergarten", "name": "Pookode 5 Anganvadi", "id": "osm-node-8398812889", "osm_type": "node", "osm_id": 8398812889, "category": "school", "source": "OpenStreetMap (ODbL)"}, "geometry": {"type": "Point", "coordinates": [75.9840083, 11.5545721]}}, {"type": "Feature", "id": 8398813661, "properties": {"government": "forestry", "name": "Forest Office Karuvanthode", "office": "government", "id": "osm-node-8398813661", "osm_type": "node", "osm_id": 8398813661, "category": "government", "source": "OpenStreetMap (ODbL)"}, "geometry": {"type": "Point", "coordinates": [75.9972494, 11.5796659]}}, {"type": "Feature", "id": 8398815072, "properties": {"amenity": "school", "name": "Gov LPS Amba", "id": "osm-node-8398815072", "osm_type": "node", "osm_id": 8398815072, "category": "school", "source": "OpenStreetMap (ODbL)"}, "geometry": {"type": "Point", "coordinates": [75.992098, 11.5580855]}}, {"type": "Feature", "id": 8398815624, "properties": {"amenity": "kindergarten", "name": "Parakunnu Anganvadi", "id": "osm-node-8398815624", "osm_type": "node", "osm_id": 8398815624, "category": "school", "source": "OpenStreetMap (ODbL)"}, "geometry": {"type": "Point", "coordinates": [76.0128141, 11.5882674]}}, {"type": "Feature", "id": 8398818852, "properties": {"amenity": "kindergarten", "name": "Pookode 3 Anganvadi", "id": "osm-node-8398818852", "osm_type": "node", "osm_id": 8398818852, "category": "school", "source": "OpenStreetMap (ODbL)"}, "geometry": {"type": "Point", "coordinates": [76.0272812, 11.5646993]}}, {"type": "Feature", "id": 8398822917, "properties": {"amenity": "school", "name": "Govt LP School Vrindavan", "id": "osm-node-8398822917", "osm_type": "node", "osm_id": 8398822917, "category": "school", "source": "OpenStreetMap (ODbL)"}, "geometry": {"type": "Point", "coordinates": [76.004364, 11.5510152]}}, {"type": "Feature", "id": 8398826683, "properties": {"amenity": "kindergarten", "name": "Mutharikunnu Anganvadi", "id": "osm-node-8398826683", "osm_type": "node", "osm_id": 8398826683, "category": "school", "source": "OpenStreetMap (ODbL)"}, "geometry": {"type": "Point", "coordinates": [76.0255315, 11.5847175]}}, {"type": "Feature", "id": 8398827225, "properties": {"amenity": "kindergarten", "name": "Pozhuthana Anganvadi", "id": "osm-node-8398827225", "osm_type": "node", "osm_id": 8398827225, "category": "school", "source": "OpenStreetMap (ODbL)"}, "geometry": {"type": "Point", "coordinates": [76.0170688, 11.583186]}}, {"type": "Feature", "id": 8398836314, "properties": {"government": "agriculture", "name": "Krishibhavan", "office": "government", "id": "osm-node-8398836314", "osm_type": "node", "osm_id": 8398836314, "category": "government", "source": "OpenStreetMap (ODbL)"}, "geometry": {"type": "Point", "coordinates": [76.0168088, 11.5831777]}}, {"type": "Feature", "id": 8398846322, "properties": {"government": "village_office", "name": "Village Office Pozhuthana", "office": "government", "id": "osm-node-8398846322", "osm_type": "node", "osm_id": 8398846322, "category": "government", "source": "OpenStreetMap (ODbL)"}, "geometry": {"type": "Point", "coordinates": [76.0195354, 11.5872141]}}, {"type": "Feature", "id": 8398853677, "properties": {"amenity": "kindergarten", "name": "Athimoola Anganvadi", "id": "osm-node-8398853677", "osm_type": "node", "osm_id": 8398853677, "category": "school", "source": "OpenStreetMap (ODbL)"}, "geometry": {"type": "Point", "coordinates": [76.0381935, 11.6030512]}}, {"type": "Feature", "id": 8398937102, "properties": {"amenity": "kindergarten", "name": "Parnirappkunnu Anganvadi", "id": "osm-node-8398937102", "osm_type": "node", "osm_id": 8398937102, "category": "school", "source": "OpenStreetMap (ODbL)"}, "geometry": {"type": "Point", "coordinates": [76.0303199, 11.6156969]}}, {"type": "Feature", "id": 8398937103, "properties": {"government": "village_office", "name": "Achooranam Village Office", "office": "government", "id": "osm-node-8398937103", "osm_type": "node", "osm_id": 8398937103, "category": "government", "source": "OpenStreetMap (ODbL)"}, "geometry": {"type": "Point", "coordinates": [76.0265101, 11.6126413]}}, {"type": "Feature", "id": 8398978689, "properties": {"amenity": "kindergarten", "name": "Panniyora Anganvadi", "id": "osm-node-8398978689", "osm_type": "node", "osm_id": 8398978689, "category": "school", "source": "OpenStreetMap (ODbL)"}, "geometry": {"type": "Point", "coordinates": [76.0149798, 11.6204428]}}, {"type": "Feature", "id": 8398987459, "properties": {"amenity": "kindergarten", "name": "Ooramkunnu Anganvadi", "id": "osm-node-8398987459", "osm_type": "node", "osm_id": 8398987459, "category": "school", "source": "OpenStreetMap (ODbL)"}, "geometry": {"type": "Point", "coordinates": [76.0232892, 11.6151862]}}, {"type": "Feature", "id": 8399024095, "properties": {"amenity": "kindergarten", "name": "Idiyamvayal 2 Anganvadi", "id": "osm-node-8399024095", "osm_type": "node", "osm_id": 8399024095, "category": "school", "source": "OpenStreetMap (ODbL)"}, "geometry": {"type": "Point", "coordinates": [75.9956033, 11.6177505]}}, {"type": "Feature", "id": 8399095187, "properties": {"amenity": "community_centre", "name": "Athimoola Community Hall", "id": "osm-node-8399095187", "osm_type": "node", "osm_id": 8399095187, "category": "community", "source": "OpenStreetMap (ODbL)"}, "geometry": {"type": "Point", "coordinates": [76.0367308, 11.6017669]}}, {"type": "Feature", "id": 8399113092, "properties": {"amenity": "school", "name": "Buds  School", "id": "osm-node-8399113092", "osm_type": "node", "osm_id": 8399113092, "category": "school", "source": "OpenStreetMap (ODbL)"}, "geometry": {"type": "Point", "coordinates": [76.0055586, 11.6165178]}}, {"type": "Feature", "id": 8399124115, "properties": {"amenity": "community_centre", "name": "Idiyamvayal Community Hall", "id": "osm-node-8399124115", "osm_type": "node", "osm_id": 8399124115, "category": "community", "source": "OpenStreetMap (ODbL)"}, "geometry": {"type": "Point", "coordinates": [76.0059408, 11.6165659]}}, {"type": "Feature", "id": 8399124494, "properties": {"amenity": "community_centre", "name": "Thudarvidyakendram Achoor", "id": "osm-node-8399124494", "osm_type": "node", "osm_id": 8399124494, "category": "community", "source": "OpenStreetMap (ODbL)"}, "geometry": {"type": "Point", "coordinates": [76.0113997, 11.6009779]}}, {"type": "Feature", "id": 8399127277, "properties": {"amenity": "kindergarten", "name": "Achoor 13 Anganvadi", "id": "osm-node-8399127277", "osm_type": "node", "osm_id": 8399127277, "category": "school", "source": "OpenStreetMap (ODbL)"}, "geometry": {"type": "Point", "coordinates": [76.0193859, 11.6073931]}}, {"type": "Feature", "id": 8399141797, "properties": {"amenity": "kindergarten", "name": "Idiyamvayal 1 Anganvadi", "id": "osm-node-8399141797", "osm_type": "node", "osm_id": 8399141797, "category": "school", "source": "OpenStreetMap (ODbL)"}, "geometry": {"type": "Point", "coordinates": [76.0044771, 11.6138082]}}, {"type": "Feature", "id": 8399151907, "properties": {"amenity": "kindergarten", "name": "Achoor Anganvadi", "id": "osm-node-8399151907", "osm_type": "node", "osm_id": 8399151907, "category": "school", "source": "OpenStreetMap (ODbL)"}, "geometry": {"type": "Point", "coordinates": [76.0161037, 11.6004349]}}, {"type": "Feature", "id": 8399153003, "properties": {"amenity": "kindergarten", "name": "Ammara Anganvadi", "id": "osm-node-8399153003", "osm_type": "node", "osm_id": 8399153003, "category": "school", "source": "OpenStreetMap (ODbL)"}, "geometry": {"type": "Point", "coordinates": [76.0299909, 11.5826484]}}, {"type": "Feature", "id": 8399153631, "properties": {"amenity": "kindergarten", "name": "Melmury Anganvadi", "id": "osm-node-8399153631", "osm_type": "node", "osm_id": 8399153631, "category": "school", "source": "OpenStreetMap (ODbL)"}, "geometry": {"type": "Point", "coordinates": [75.9996925, 11.6107031]}}, {"type": "Feature", "id": 8399156280, "properties": {"amenity": "kindergarten", "name": "Valiyapara Anganvadi", "id": "osm-node-8399156280", "osm_type": "node", "osm_id": 8399156280, "category": "school", "source": "OpenStreetMap (ODbL)"}, "geometry": {"type": "Point", "coordinates": [76.0037432, 11.6089975]}}, {"type": "Feature", "id": 8399164435, "properties": {"amenity": "kindergarten", "name": "Idiyamvayal 3G Model Anganvadi", "id": "osm-node-8399164435", "osm_type": "node", "osm_id": 8399164435, "category": "school", "source": "OpenStreetMap (ODbL)"}, "geometry": {"type": "Point", "coordinates": [76.0061512, 11.6165556]}}, {"type": "Feature", "id": 8399202184, "properties": {"amenity": "kindergarten", "name": "Pinangode Mukk Anganvadi", "id": "osm-node-8399202184", "osm_type": "node", "osm_id": 8399202184, "category": "school", "source": "OpenStreetMap (ODbL)"}, "geometry": {"type": "Point", "coordinates": [76.0198683, 11.6213938]}}, {"type": "Feature", "id": 8399203168, "properties": {"amenity": "kindergarten", "name": "Kurichiarmala Anganvadi", "id": "osm-node-8399203168", "osm_type": "node", "osm_id": 8399203168, "category": "school", "source": "OpenStreetMap (ODbL)"}, "geometry": {"type": "Point", "coordinates": [75.9936812, 11.5990617]}}, {"type": "Feature", "id": 8399220108, "properties": {"amenity": "kindergarten", "name": "Valiyapara Anganvadi", "id": "osm-node-8399220108", "osm_type": "node", "osm_id": 8399220108, "category": "school", "source": "OpenStreetMap (ODbL)"}, "geometry": {"type": "Point", "coordinates": [75.9894721, 11.6070259]}}, {"type": "Feature", "id": 8403951926, "properties": {"amenity": "place_of_worship", "name": "shree maariyamman bhagahavathi temple", "religion": "hindu", "id": "osm-node-8403951926", "osm_type": "node", "osm_id": 8403951926, "category": "religious", "source": "OpenStreetMap (ODbL)"}, "geometry": {"type": "Point", "coordinates": [76.1612182, 11.554731]}}, {"type": "Feature", "id": 8404619112, "properties": {"government": "government", "name": "Government Guest House", "office": "government", "id": "osm-node-8404619112", "osm_type": "node", "osm_id": 8404619112, "category": "government", "source": "OpenStreetMap (ODbL)"}, "geometry": {"type": "Point", "coordinates": [76.1388262, 11.5543243]}}, {"type": "Feature", "id": 8404661384, "properties": {"addr:city": "Meppadi", "government": "administrative", "name": "Village office", "office": "government", "id": "osm-node-8404661384", "osm_type": "node", "osm_id": 8404661384, "category": "government", "source": "OpenStreetMap (ODbL)"}, "geometry": {"type": "Point", "coordinates": [76.1390144, 11.554562]}}, {"type": "Feature", "id": 8406817665, "properties": {"amenity": "place_of_worship", "name": "muslim mosque", "religion": "muslim", "id": "osm-node-8406817665", "osm_type": "node", "osm_id": 8406817665, "category": "religious", "source": "OpenStreetMap (ODbL)"}, "geometry": {"type": "Point", "coordinates": [76.2194309, 11.6352845]}}, {"type": "Feature", "id": 8408333093, "properties": {"amenity": "place_of_worship", "name": "church", "religion": "christian", "id": "osm-node-8408333093", "osm_type": "node", "osm_id": 8408333093, "category": "religious", "source": "OpenStreetMap (ODbL)"}, "geometry": {"type": "Point", "coordinates": [76.2282319, 11.6249878]}}, {"type": "Feature", "id": 8418385320, "properties": {"amenity": "school", "name": "Government Lower Primary School, Valiyapara", "id": "osm-node-8418385320", "osm_type": "node", "osm_id": 8418385320, "category": "school", "source": "OpenStreetMap (ODbL)"}, "geometry": {"type": "Point", "coordinates": [76.0033, 11.6087494]}}, {"type": "Feature", "id": 8422674722, "properties": {"addr:city": "Thonichal", "amenity": "place_of_worship", "name": "Malakari shiva temple", "religion": "hindu", "id": "osm-node-8422674722", "osm_type": "node", "osm_id": 8422674722, "category": "religious", "source": "OpenStreetMap (ODbL)"}, "geometry": {"type": "Point", "coordinates": [76.0010135, 11.7714928]}}, {"type": "Feature", "id": 8479176296, "properties": {"name": "Kuryacharmala", "natural": "peak", "id": "osm-node-8479176296", "osm_type": "node", "osm_id": 8479176296, "category": "peak", "source": "OpenStreetMap (ODbL)"}, "geometry": {"type": "Point", "coordinates": [75.9933312, 11.6056009]}}, {"type": "Feature", "id": 8493488117, "properties": {"amenity": "police", "name": "Police Station,Vellamunda", "phone": "+914935 230 332", "id": "osm-node-8493488117", "osm_type": "node", "osm_id": 8493488117, "category": "police", "source": "OpenStreetMap (ODbL)"}, "geometry": {"type": "Point", "coordinates": [75.9351966, 11.7350459]}}, {"type": "Feature", "id": 8654806005, "properties": {"addr:city": "Meenangadi", "government": "public_service", "name": "Kerala State Housing Board", "office": "government", "id": "osm-node-8654806005", "osm_type": "node", "osm_id": 8654806005, "category": "government", "source": "OpenStreetMap (ODbL)"}, "geometry": {"type": "Point", "coordinates": [76.1585879, 11.6633111]}}, {"type": "Feature", "id": 8659041915, "properties": {"amenity": "hospital", "healthcare": "hospital", "name": "Homeo Dispensary, Madakkimala", "operator:type": "government", "id": "osm-node-8659041915", "osm_type": "node", "osm_id": 8659041915, "category": "hospital", "source": "OpenStreetMap (ODbL)"}, "geometry": {"type": "Point", "coordinates": [76.0840482, 11.6650298]}}, {"type": "Feature", "id": 8665665729, "properties": {"amenity": "hospital", "healthcare": "hospital", "name": "Mother Medicare, Muttil", "operator:type": "private", "id": "osm-node-8665665729", "osm_type": "node", "osm_id": 8665665729, "category": "hospital", "source": "OpenStreetMap (ODbL)"}, "geometry": {"type": "Point", "coordinates": [76.1104419, 11.6414188]}}, {"type": "Feature", "id": 8665717254, "properties": {"amenity": "community_centre", "name": "Community Hall, Muttil", "id": "osm-node-8665717254", "osm_type": "node", "osm_id": 8665717254, "category": "community", "source": "OpenStreetMap (ODbL)"}, "geometry": {"type": "Point", "coordinates": [76.1103058, 11.6426601]}}, {"type": "Feature", "id": 8666756820, "properties": {"amenity": "place_of_worship", "name": "St.Joseph Chruch Meppadi", "religion": "christian", "id": "osm-node-8666756820", "osm_type": "node", "osm_id": 8666756820, "category": "religious", "source": "OpenStreetMap (ODbL)"}, "geometry": {"type": "Point", "coordinates": [76.1422017, 11.5571471]}}, {"type": "Feature", "id": 8666800317, "properties": {"healthcare": "hospital", "name": "Moopanad Central Hospital", "id": "osm-node-8666800317", "osm_type": "node", "osm_id": 8666800317, "category": "hospital", "source": "OpenStreetMap (ODbL)"}, "geometry": {"type": "Point", "coordinates": [76.1460715, 11.5559287]}}, {"type": "Feature", "id": 8667236481, "properties": {"addr:city": "Muttil", "amenity": "school", "name": "W.M.O Speech And Hearing School, Muttil", "id": "osm-node-8667236481", "osm_type": "node", "osm_id": 8667236481, "category": "school", "source": "OpenStreetMap (ODbL)"}, "geometry": {"type": "Point", "coordinates": [76.1200997, 11.6334041]}}, {"type": "Feature", "id": 8667658617, "properties": {"government": "agriculture_office", "name": "Government Agriculture Office Meppadi", "office": "government", "id": "osm-node-8667658617", "osm_type": "node", "osm_id": 8667658617, "category": "government", "source": "OpenStreetMap (ODbL)"}, "geometry": {"type": "Point", "coordinates": [76.1313575, 11.5598903]}}, {"type": "Feature", "id": 8667675817, "properties": {"government": "panchayath_office", "name": "Gramapachyath office Meppadi", "office": "government", "id": "osm-node-8667675817", "osm_type": "node", "osm_id": 8667675817, "category": "government", "source": "OpenStreetMap (ODbL)"}, "geometry": {"type": "Point", "coordinates": [76.1311161, 11.5595722]}}, {"type": "Feature", "id": 8667688917, "properties": {"amenity": "community_centre", "name": "Dr A P J Abdul Kalam Community Hall Meppadi", "id": "osm-node-8667688917", "osm_type": "node", "osm_id": 8667688917, "category": "community", "source": "OpenStreetMap (ODbL)"}, "geometry": {"type": "Point", "coordinates": [76.131318, 11.559379]}}, {"type": "Feature", "id": 8667718017, "properties": {"healthcare": "hospital", "name": "Community Health Center Meppadi", "id": "osm-node-8667718017", "osm_type": "node", "osm_id": 8667718017, "category": "hospital", "source": "OpenStreetMap (ODbL)"}, "geometry": {"type": "Point", "coordinates": [76.1308492, 11.558403]}}, {"type": "Feature", "id": 8667718018, "properties": {"amenity": "police", "name": "Police Station ,Meppadi", "id": "osm-node-8667718018", "osm_type": "node", "osm_id": 8667718018, "category": "police", "source": "OpenStreetMap (ODbL)"}, "geometry": {"type": "Point", "coordinates": [76.1310938, 11.5577572]}}, {"type": "Feature", "id": 8667752528, "properties": {"government": "ration_shop", "name": "Ration Shop 41", "operator": "public_distribution_system", "id": "osm-node-8667752528", "osm_type": "node", "osm_id": 8667752528, "category": "government", "source": "OpenStreetMap (ODbL)"}, "geometry": {"type": "Point", "coordinates": [76.1312281, 11.5541305]}}, {"type": "Feature", "id": 8667830417, "properties": {"healthcare": "hospital", "name": "Government Homeo Dispensary Meppadi", "id": "osm-node-8667830417", "osm_type": "node", "osm_id": 8667830417, "category": "hospital", "source": "OpenStreetMap (ODbL)"}, "geometry": {"type": "Point", "coordinates": [76.13433, 11.5529417]}}, {"type": "Feature", "id": 8667836317, "properties": {"amenity": "community_centre", "name": "E M S Memorial Town Hall Meppadi", "id": "osm-node-8667836317", "osm_type": "node", "osm_id": 8667836317, "category": "community", "source": "OpenStreetMap (ODbL)"}, "geometry": {"type": "Point", "coordinates": [76.1349809, 11.5532576]}}, {"type": "Feature", "id": 8667963017, "properties": {"government": "ration_shop", "name": "Ration Shop 39", "operator": "public_distribution_system", "id": "osm-node-8667963017", "osm_type": "node", "osm_id": 8667963017, "category": "government", "source": "OpenStreetMap (ODbL)"}, "geometry": {"type": "Point", "coordinates": [76.1327189, 11.5518168]}}, {"type": "Feature", "id": 8667965217, "properties": {"government": "ration_shop", "name": "Ration Shop 19", "operator": "public_distribution_system", "id": "osm-node-8667965217", "osm_type": "node", "osm_id": 8667965217, "category": "government", "source": "OpenStreetMap (ODbL)"}, "geometry": {"type": "Point", "coordinates": [76.1327732, 11.5517675]}}, {"type": "Feature", "id": 8669502415, "properties": {"amenity": "community_centre", "name": "Community Hall, Karingannikunn", "id": "osm-node-8669502415", "osm_type": "node", "osm_id": 8669502415, "category": "community", "source": "OpenStreetMap (ODbL)"}, "geometry": {"type": "Point", "coordinates": [76.1447178, 11.623215]}}, {"type": "Feature", "id": 8671314917, "properties": {"healthcare": "hospital", "name": "Garden Hospital", "id": "osm-node-8671314917", "osm_type": "node", "osm_id": 8671314917, "category": "hospital", "source": "OpenStreetMap (ODbL)"}, "geometry": {"type": "Point", "coordinates": [76.1620427, 11.5009479]}}, {"type": "Feature", "id": 8671417817, "properties": {"healthcare": "hospital", "name": "Hospital Mundakai", "id": "osm-node-8671417817", "osm_type": "node", "osm_id": 8671417817, "category": "hospital", "source": "OpenStreetMap (ODbL)"}, "geometry": {"type": "Point", "coordinates": [76.1574798, 11.4857638]}}, {"type": "Feature", "id": 8671450117, "properties": {"government": "ration_shop", "name": "Ration Shop 44", "operator": "public_distribution_system", "id": "osm-node-8671450117", "osm_type": "node", "osm_id": 8671450117, "category": "government", "source": "OpenStreetMap (ODbL)"}, "geometry": {"type": "Point", "coordinates": [76.1597467, 11.4991625]}}, {"type": "Feature", "id": 8671508217, "properties": {"government": "ration_shop", "name": "Ration shop 46", "operator": "public_distribution_system", "id": "osm-node-8671508217", "osm_type": "node", "osm_id": 8671508217, "category": "government", "source": "OpenStreetMap (ODbL)"}, "geometry": {"type": "Point", "coordinates": [76.1598683, 11.4996527]}}, {"type": "Feature", "id": 8671519619, "properties": {"government": "village_office", "name": "Village Office Vellaramala", "office": "government", "id": "osm-node-8671519619", "osm_type": "node", "osm_id": 8671519619, "category": "government", "source": "OpenStreetMap (ODbL)"}, "geometry": {"type": "Point", "coordinates": [76.1614017, 11.5033806]}}, {"type": "Feature", "id": 8671582317, "properties": {"amenity": "place_of_worship", "name": "St Thomas Church, Olivumala", "religion": "christian", "id": "osm-node-8671582317", "osm_type": "node", "osm_id": 8671582317, "category": "religious", "source": "OpenStreetMap (ODbL)"}, "geometry": {"type": "Point", "coordinates": [76.0543361, 11.5563178]}}, {"type": "Feature", "id": 8671967931, "properties": {"healthcare": "hospital", "name": "A V T  Chulikka Estate Hospital", "id": "osm-node-8671967931", "osm_type": "node", "osm_id": 8671967931, "category": "hospital", "source": "OpenStreetMap (ODbL)"}, "geometry": {"type": "Point", "coordinates": [76.1296366, 11.5329189]}}, {"type": "Feature", "id": 8675796045, "properties": {"government": "ration_shop", "name": "Ration Shop 38", "operator": "public_distribution_system", "id": "osm-node-8675796045", "osm_type": "node", "osm_id": 8675796045, "category": "government", "source": "OpenStreetMap (ODbL)"}, "geometry": {"type": "Point", "coordinates": [76.0962251, 11.5754051]}}, {"type": "Feature", "id": 8675892817, "properties": {"healthcare": "hospital", "name": "Public Health Care Kunnambatta", "id": "osm-node-8675892817", "osm_type": "node", "osm_id": 8675892817, "category": "hospital", "source": "OpenStreetMap (ODbL)"}, "geometry": {"type": "Point", "coordinates": [76.0927488, 11.5712596]}}, {"type": "Feature", "id": 8675947518, "properties": {"government": "ration_shop", "name": "Ration Shop 13, Chundel", "operator": "public_distribution_system", "id": "osm-node-8675947518", "osm_type": "node", "osm_id": 8675947518, "category": "government", "source": "OpenStreetMap (ODbL)"}, "geometry": {"type": "Point", "coordinates": [76.0624981, 11.57452]}}, {"type": "Feature", "id": 8676060818, "properties": {"government": "ration_shop", "name": "Ration Shop 18 Kottanad", "operator": "public_distribution_system", "id": "osm-node-8676060818", "osm_type": "node", "osm_id": 8676060818, "category": "government", "source": "OpenStreetMap (ODbL)"}, "geometry": {"type": "Point", "coordinates": [76.1147041, 11.570377]}}, {"type": "Feature", "id": 8676064946, "properties": {"amenity": "place_of_worship", "name": "Muthumariyamman Kovil", "religion": "hindu", "id": "osm-node-8676064946", "osm_type": "node", "osm_id": 8676064946, "category": "religious", "source": "OpenStreetMap (ODbL)"}, "geometry": {"type": "Point", "coordinates": [76.1329384, 11.5225158]}}, {"type": "Feature", "id": 8676124323, "properties": {"government": "ration_shop", "name": "Ration Shop 97Chembothara", "operator": "public_distribution_system", "id": "osm-node-8676124323", "osm_type": "node", "osm_id": 8676124323, "category": "government", "source": "OpenStreetMap (ODbL)"}, "geometry": {"type": "Point", "coordinates": [76.1254227, 11.5729148]}}, {"type": "Feature", "id": 8676296217, "properties": {"healthcare": "hospital", "name": "Ayurvali Hospital", "id": "osm-node-8676296217", "osm_type": "node", "osm_id": 8676296217, "category": "hospital", "source": "OpenStreetMap (ODbL)"}, "geometry": {"type": "Point", "coordinates": [76.1216426, 11.5668891]}}, {"type": "Feature", "id": 8678428417, "properties": {"government": "village_office", "name": "Village Office Kottappadi", "office": "government", "id": "osm-node-8678428417", "osm_type": "node", "osm_id": 8678428417, "category": "government", "source": "OpenStreetMap (ODbL)"}, "geometry": {"type": "Point", "coordinates": [76.1385942, 11.5540845]}}, {"type": "Feature", "id": 8678530717, "properties": {"government": "ration_shop", "name": "Ration Shop 20", "operator": "public_distribution_system", "id": "osm-node-8678530717", "osm_type": "node", "osm_id": 8678530717, "category": "government", "source": "OpenStreetMap (ODbL)"}, "geometry": {"type": "Point", "coordinates": [76.1436044, 11.5652194]}}, {"type": "Feature", "id": 8678853417, "properties": {"government": "ration_shop", "name": "Ration Shop 70 Nellimalam", "operator": "public_distribution_system", "id": "osm-node-8678853417", "osm_type": "node", "osm_id": 8678853417, "category": "government", "source": "OpenStreetMap (ODbL)"}, "geometry": {"type": "Point", "coordinates": [76.1315788, 11.5991757]}}, {"type": "Feature", "id": 8678880118, "properties": {"healthcare": "hospital", "name": "Family Wealth Care Thrikaipetta", "id": "osm-node-8678880118", "osm_type": "node", "osm_id": 8678880118, "category": "hospital", "source": "OpenStreetMap (ODbL)"}, "geometry": {"type": "Point", "coordinates": [76.1386163, 11.5927193]}}, {"type": "Feature", "id": 8678972219, "properties": {"government": "village_office", "name": "Village Office Trikaipatta", "office": "government", "id": "osm-node-8678972219", "osm_type": "node", "osm_id": 8678972219, "category": "government", "source": "OpenStreetMap (ODbL)"}, "geometry": {"type": "Point", "coordinates": [76.1323939, 11.5982532]}}, {"type": "Feature", "id": 8679263217, "properties": {"government": "ration_shop", "name": "Ration Shop 16 Uppupra", "operator": "public_distribution_system", "id": "osm-node-8679263217", "osm_type": "node", "osm_id": 8679263217, "category": "government", "source": "OpenStreetMap (ODbL)"}, "geometry": {"type": "Point", "coordinates": [76.1411484, 11.5868982]}}, {"type": "Feature", "id": 8681866801, "properties": {"office": "government", "id": "osm-node-8681866801", "osm_type": "node", "osm_id": 8681866801, "category": "government", "source": "OpenStreetMap (ODbL)"}, "geometry": {"type": "Point", "coordinates": [76.1543616, 11.665373]}}, {"type": "Feature", "id": 8681866802, "properties": {"name": "District Stationary Office", "office": "government", "id": "osm-node-8681866802", "osm_type": "node", "osm_id": 8681866802, "category": "government", "source": "OpenStreetMap (ODbL)"}, "geometry": {"type": "Point", "coordinates": [76.160347, 11.6638427]}}, {"type": "Feature", "id": 8728792741, "properties": {"government": "village_office", "name": "Government Village Office,Vellamunda", "office": "government", "id": "osm-node-8728792741", "osm_type": "node", "osm_id": 8728792741, "category": "government", "source": "OpenStreetMap (ODbL)"}, "geometry": {"type": "Point", "coordinates": [75.9511415, 11.7342001]}}, {"type": "Feature", "id": 8731336984, "properties": {"addr:city": "Ambalvayal", "amenity": "school", "name": "Government Lower Primary School Cheegavalam", "operator": "Government", "operator:type": "government", "id": "osm-node-8731336984", "osm_type": "node", "osm_id": 8731336984, "category": "school", "source": "OpenStreetMap (ODbL)"}, "geometry": {"type": "Point", "coordinates": [76.2093147, 11.589178]}}, {"type": "Feature", "id": 8733228455, "properties": {"amenity": "place_of_worship", "name": "Kokkadav Temple", "religion": "hindu", "id": "osm-node-8733228455", "osm_type": "node", "osm_id": 8733228455, "category": "religious", "source": "OpenStreetMap (ODbL)"}, "geometry": {"type": "Point", "coordinates": [75.962841, 11.7465179]}}, {"type": "Feature", "id": 8733228474, "properties": {"amenity": "place_of_worship", "name": "Mandathumkandi Sree Malakkari Siva Temple", "religion": "hindu", "id": "osm-node-8733228474", "osm_type": "node", "osm_id": 8733228474, "category": "religious", "source": "OpenStreetMap (ODbL)"}, "geometry": {"type": "Point", "coordinates": [75.938916, 11.7156529]}}, {"type": "Feature", "id": 8735564547, "properties": {"amenity": "place_of_worship", "name": "Karingari Juma Masjid", "religion": "muslim", "id": "osm-node-8735564547", "osm_type": "node", "osm_id": 8735564547, "category": "religious", "source": "OpenStreetMap (ODbL)"}, "geometry": {"type": "Point", "coordinates": [75.9901115, 11.7350717]}}, {"type": "Feature", "id": 8735564575, "properties": {"amenity": "place_of_worship", "name": "Mazhuvabbur siva temple", "religion": "hindu", "id": "osm-node-8735564575", "osm_type": "node", "osm_id": 8735564575, "category": "religious", "source": "OpenStreetMap (ODbL)"}, "geometry": {"type": "Point", "coordinates": [75.9880466, 11.730084]}}, {"type": "Feature", "id": 8749724616, "properties": {"addr:city": "thalapuzha", "government": "agriculture", "name": "krishi bhavan  thalappuzha", "office": "government", "id": "osm-node-8749724616", "osm_type": "node", "osm_id": 8749724616, "category": "government", "source": "OpenStreetMap (ODbL)"}, "geometry": {"type": "Point", "coordinates": [75.9492134, 11.8421162]}}, {"type": "Feature", "id": 8813463035, "properties": {"government": "agriculture", "name": "Agriculture Office ,Kenichira", "office": "government", "id": "osm-node-8813463035", "osm_type": "node", "osm_id": 8813463035, "category": "government", "source": "OpenStreetMap (ODbL)"}, "geometry": {"type": "Point", "coordinates": [76.1530066, 11.7238302]}}, {"type": "Feature", "id": 8813483444, "properties": {"addr:city": "Kenichira", "amenity": "clinic", "healthcare": "clinic", "name": "Government Homeo Clinic, Kenichira", "id": "osm-node-8813483444", "osm_type": "node", "osm_id": 8813483444, "category": "clinic", "source": "OpenStreetMap (ODbL)"}, "geometry": {"type": "Point", "coordinates": [76.1530723, 11.723905]}}, {"type": "Feature", "id": 8813590627, "properties": {"addr:city": "kenichira", "healthcare": "centre", "name": "DR.PRASAD\u2019S Diabetes Care and Research Center", "id": "osm-node-8813590627", "osm_type": "node", "osm_id": 8813590627, "category": "clinic", "source": "OpenStreetMap (ODbL)"}, "geometry": {"type": "Point", "coordinates": [76.1551241, 11.7182302]}}, {"type": "Feature", "id": 8831395268, "properties": {"amenity": "place_of_worship", "name": "st jude worship,", "religion": "christian", "id": "osm-node-8831395268", "osm_type": "node", "osm_id": 8831395268, "category": "religious", "source": "OpenStreetMap (ODbL)"}, "geometry": {"type": "Point", "coordinates": [76.0508846, 11.5726581]}}, {"type": "Feature", "id": 8865786685, "properties": {"amenity": "school", "name": "rippon government high school", "operator": "goverment", "operator:type": "public", "id": "osm-node-8865786685", "osm_type": "node", "osm_id": 8865786685, "category": "school", "source": "OpenStreetMap (ODbL)"}, "geometry": {"type": "Point", "coordinates": [76.1737041, 11.5349106]}}, {"type": "Feature", "id": 8889255130, "properties": {"amenity": "kindergarten", "name": "anganwadi 56 varayal", "id": "osm-node-8889255130", "osm_type": "node", "osm_id": 8889255130, "category": "school", "source": "OpenStreetMap (ODbL)"}, "geometry": {"type": "Point", "coordinates": [75.8806625, 11.8380521]}}, {"type": "Feature", "id": 8891745147, "properties": {"amenity": "clinic", "healthcare": "clinic", "name": "Ayurvedha Dispensary, Kolichal", "id": "osm-node-8891745147", "osm_type": "node", "osm_id": 8891745147, "category": "clinic", "source": "OpenStreetMap (ODbL)"}, "geometry": {"type": "Point", "coordinates": [76.0279308, 11.5506371]}}, {"type": "Feature", "id": 8892543676, "properties": {"name": "Soil Conservation Office, Vythiri", "office": "government", "id": "osm-node-8892543676", "osm_type": "node", "osm_id": 8892543676, "category": "government", "source": "OpenStreetMap (ODbL)"}, "geometry": {"type": "Point", "coordinates": [76.0388023, 11.5564741]}}, {"type": "Feature", "id": 8892543677, "properties": {"name": "Coffe Board, Chundale", "office": "government", "id": "osm-node-8892543677", "osm_type": "node", "osm_id": 8892543677, "category": "government", "source": "OpenStreetMap (ODbL)"}, "geometry": {"type": "Point", "coordinates": [76.0568886, 11.5732197]}}, {"type": "Feature", "id": 8892571375, "properties": {"name": "Taluk Supply Office, Vythiri", "office": "government", "id": "osm-node-8892571375", "osm_type": "node", "osm_id": 8892571375, "category": "government", "source": "OpenStreetMap (ODbL)"}, "geometry": {"type": "Point", "coordinates": [76.0387945, 11.5564457]}}, {"type": "Feature", "id": 8892613120, "properties": {"name": "Public Work Department Assistant  Engineer's Office, Vythiri", "office": "government", "id": "osm-node-8892613120", "osm_type": "node", "osm_id": 8892613120, "category": "government", "source": "OpenStreetMap (ODbL)"}, "geometry": {"type": "Point", "coordinates": [76.0415611, 11.5619467]}}, {"type": "Feature", "id": 8892919257, "properties": {"addr:village": "Periya", "amenity": "school", "name": "Government Upper Primary School Periya", "id": "osm-node-8892919257", "osm_type": "node", "osm_id": 8892919257, "category": "school", "source": "OpenStreetMap (ODbL)"}, "geometry": {"type": "Point", "coordinates": [75.8542324, 11.8334583]}}, {"type": "Feature", "id": 8894601715, "properties": {"amenity": "kindergarten", "name": "Ration Shop Thalapuzha 2", "id": "osm-node-8894601715", "osm_type": "node", "osm_id": 8894601715, "category": "school", "source": "OpenStreetMap (ODbL)"}, "geometry": {"type": "Point", "coordinates": [75.9539652, 11.8405564]}}, {"type": "Feature", "id": 8899528746, "properties": {"addr:city": "thalapuzha", "healthcare": "clinic", "name": "Govt Homeo Dispensary Thavinhal", "id": "osm-node-8899528746", "osm_type": "node", "osm_id": 8899528746, "category": "clinic", "source": "OpenStreetMap (ODbL)"}, "geometry": {"type": "Point", "coordinates": [75.9486519, 11.8420286]}}, {"type": "Feature", "id": 8901452549, "properties": {"name": "Village Office", "office": "government", "id": "osm-node-8901452549", "osm_type": "node", "osm_id": 8901452549, "category": "government", "source": "OpenStreetMap (ODbL)"}, "geometry": {"type": "Point", "coordinates": [76.0244381, 11.6550287]}}, {"type": "Feature", "id": 8901836426, "properties": {"name": "Krishibhavan", "office": "government", "id": "osm-node-8901836426", "osm_type": "node", "osm_id": 8901836426, "category": "government", "source": "OpenStreetMap (ODbL)"}, "geometry": {"type": "Point", "coordinates": [76.0371061, 11.6165462]}}, {"type": "Feature", "id": 8903972115, "properties": {"name": "Tribal Welfare Office", "office": "government", "id": "osm-node-8903972115", "osm_type": "node", "osm_id": 8903972115, "category": "government", "source": "OpenStreetMap (ODbL)"}, "geometry": {"type": "Point", "coordinates": [76.0406225, 11.6496732]}}, {"type": "Feature", "id": 8906513721, "properties": {"office": "government", "id": "osm-node-8906513721", "osm_type": "node", "osm_id": 8906513721, "category": "government", "source": "OpenStreetMap (ODbL)"}, "geometry": {"type": "Point", "coordinates": [76.0159426, 11.6451433]}}, {"type": "Feature", "id": 8907548897, "properties": {"addr:city": "MANANTHAVADY", "amenity": "place_of_worship", "name": "Pentacostal church Ondayangadi", "religion": "christian", "id": "osm-node-8907548897", "osm_type": "node", "osm_id": 8907548897, "category": "religious", "source": "OpenStreetMap (ODbL)"}, "geometry": {"type": "Point", "coordinates": [76.0278548, 11.8233817]}}, {"type": "Feature", "id": 8907558688, "properties": {"addr:city": "MANANTHAVADY", "amenity": "place_of_worship", "name": "Ondayangadi Juma Masjid", "religion": "muslim", "id": "osm-node-8907558688", "osm_type": "node", "osm_id": 8907558688, "category": "religious", "source": "OpenStreetMap (ODbL)"}, "geometry": {"type": "Point", "coordinates": [76.0276993, 11.8241793]}}, {"type": "Feature", "id": 8907708534, "properties": {"amenity": "school", "name": "Shri Shankara Vidhya Mandhiram", "id": "osm-node-8907708534", "osm_type": "node", "osm_id": 8907708534, "category": "school", "source": "OpenStreetMap (ODbL)"}, "geometry": {"type": "Point", "coordinates": [76.0884974, 11.6389594]}}, {"type": "Feature", "id": 8956045862, "properties": {"government": "agriculture", "name": "Krishi Bhavan, Kottathara", "office": "government", "id": "osm-node-8956045862", "osm_type": "node", "osm_id": 8956045862, "category": "government", "source": "OpenStreetMap (ODbL)"}, "geometry": {"type": "Point", "coordinates": [76.0234299, 11.679522]}}, {"type": "Feature", "id": 8959468310, "properties": {"amenity": "community_centre", "name": "Kurumbalakkotta Community Center", "id": "osm-node-8959468310", "osm_type": "node", "osm_id": 8959468310, "category": "community", "source": "OpenStreetMap (ODbL)"}, "geometry": {"type": "Point", "coordinates": [76.0325672, 11.6891849]}}, {"type": "Feature", "id": 8998387385, "properties": {"amenity": "hospital", "healthcare": "hospital", "name": "Community Health Centre Peria", "operator": "Department of Health and Family Welfare", "operator:type": "government", "id": "osm-node-8998387385", "osm_type": "node", "osm_id": 8998387385, "category": "hospital", "source": "OpenStreetMap (ODbL)"}, "geometry": {"type": "Point", "coordinates": [75.8564181, 11.8356598]}}, {"type": "Feature", "id": 8998387386, "properties": {"amenity": "hospital", "healthcare": "hospital", "name": "Family Health Centre Edavaka", "operator": "Department of Health and Family Welfare", "operator:type": "government", "id": "osm-node-8998387386", "osm_type": "node", "osm_id": 8998387386, "category": "hospital", "source": "OpenStreetMap (ODbL)"}, "geometry": {"type": "Point", "coordinates": [75.9637953, 11.7716399]}}, {"type": "Feature", "id": 8998387387, "properties": {"amenity": "hospital", "healthcare": "hospital", "name": "Primary Health Centre Mullankolly", "operator": "Department of Health and Family Welfare", "operator:type": "government", "id": "osm-node-8998387387", "osm_type": "node", "osm_id": 8998387387, "category": "hospital", "source": "OpenStreetMap (ODbL)"}, "geometry": {"type": "Point", "coordinates": [76.1653784, 11.8205132]}}, {"type": "Feature", "id": 8998387388, "properties": {"amenity": "hospital", "healthcare": "hospital", "name": "Family Health Centre Vengapally", "operator": "Department of Health and Family Welfare", "operator:type": "government", "id": "osm-node-8998387388", "osm_type": "node", "osm_id": 8998387388, "category": "hospital", "source": "OpenStreetMap (ODbL)"}, "geometry": {"type": "Point", "coordinates": [76.0333245, 11.6303539]}}, {"type": "Feature", "id": 8998387389, "properties": {"amenity": "hospital", "healthcare": "hospital", "name": "Family Health Centre Vazhavatta", "operator": "Department of Health and Family Welfare", "operator:type": "government", "id": "osm-node-8998387389", "osm_type": "node", "osm_id": 8998387389, "category": "hospital", "source": "OpenStreetMap (ODbL)"}, "geometry": {"type": "Point", "coordinates": [76.143777, 11.6004629]}}, {"type": "Feature", "id": 8998387390, "properties": {"amenity": "hospital", "healthcare": "hospital", "name": "Family Health Centre Noolpuzha", "operator": "Department of Health and Family Welfare", "operator:type": "government", "id": "osm-node-8998387390", "osm_type": "node", "osm_id": 8998387390, "category": "hospital", "source": "OpenStreetMap (ODbL)"}, "geometry": {"type": "Point", "coordinates": [76.3284577, 11.6618891]}}, {"type": "Feature", "id": 9000365107, "properties": {"amenity": "hospital", "healthcare": "hospital", "name": "WIMS Urban Health Center Kalpetta", "operator": "Department of Health and Family Welfare", "operator:type": "private", "id": "osm-node-9000365107", "osm_type": "node", "osm_id": 9000365107, "category": "hospital", "source": "OpenStreetMap (ODbL)"}, "geometry": {"type": "Point", "coordinates": [76.0824983, 11.6099469]}}, {"type": "Feature", "id": 9007531217, "properties": {"government": "ration_shop", "name": "Nambikolli ration shop", "operator": "public_distribution_system", "id": "osm-node-9007531217", "osm_type": "node", "osm_id": 9007531217, "category": "government", "source": "OpenStreetMap (ODbL)"}, "geometry": {"type": "Point", "coordinates": [76.306846, 11.635679]}}, {"type": "Feature", "id": 9007547518, "properties": {"government": "ration_shop", "name": "Cherumad Ration Shop", "operator": "Public Distribution", "id": "osm-node-9007547518", "osm_type": "node", "osm_id": 9007547518, "category": "government", "source": "OpenStreetMap (ODbL)"}, "geometry": {"type": "Point", "coordinates": [76.2893457, 11.6191355]}}, {"type": "Feature", "id": 9007608417, "properties": {"government": "ration_shop", "name": "Cheeral ration shop", "operator": "public_distribution_system", "id": "osm-node-9007608417", "osm_type": "node", "osm_id": 9007608417, "category": "government", "source": "OpenStreetMap (ODbL)"}, "geometry": {"type": "Point", "coordinates": [76.3124597, 11.6078319]}}, {"type": "Feature", "id": 9007619318, "properties": {"government": "ration_shop", "name": "Cheeral,kallumukku ration shop", "operator": "public_distribution_system", "id": "osm-node-9007619318", "osm_type": "node", "osm_id": 9007619318, "category": "government", "source": "OpenStreetMap (ODbL)"}, "geometry": {"type": "Point", "coordinates": [76.3045369, 11.6095834]}}, {"type": "Feature", "id": 9007689617, "properties": {"government": "ration_shop", "name": "Ration Shop", "operator": "Public Distribution System", "operator:type": "public", "id": "osm-node-9007689617", "osm_type": "node", "osm_id": 9007689617, "category": "government", "source": "OpenStreetMap (ODbL)"}, "geometry": {"type": "Point", "coordinates": [76.3183206, 11.5856902]}}, {"type": "Feature", "id": 9007724217, "properties": {"healthcare": "centre", "name": "Government Ayurvedic Dispensary,Cheeral,Karinkalikkunnu", "id": "osm-node-9007724217", "osm_type": "node", "osm_id": 9007724217, "category": "clinic", "source": "OpenStreetMap (ODbL)"}, "geometry": {"type": "Point", "coordinates": [76.3155749, 11.6043728]}}, {"type": "Feature", "id": 9007741618, "properties": {"government": "ration_shop", "name": "Mundakkolly ration shop", "operator": "public_distribution_system", "id": "osm-node-9007741618", "osm_type": "node", "osm_id": 9007741618, "category": "government", "source": "OpenStreetMap (ODbL)"}, "geometry": {"type": "Point", "coordinates": [76.3240961, 11.6195769]}}, {"type": "Feature", "id": 9007771717, "properties": {"healthcare": "centre", "name": "Mundakkolly Health centre", "id": "osm-node-9007771717", "osm_type": "node", "osm_id": 9007771717, "category": "clinic", "source": "OpenStreetMap (ODbL)"}, "geometry": {"type": "Point", "coordinates": [76.3233829, 11.6169104]}}, {"type": "Feature", "id": 9013634317, "properties": {"government": "ration_shop", "name": "Thovarimala ration shop", "operator": "public_distribution_system", "id": "osm-node-9013634317", "osm_type": "node", "osm_id": 9013634317, "category": "government", "source": "OpenStreetMap (ODbL)"}, "geometry": {"type": "Point", "coordinates": [76.2548276, 11.6081392]}}, {"type": "Feature", "id": 9013717717, "properties": {"government": "ration_shop", "name": "Thazhathoor ration shop", "operator": "public_distribution_system", "id": "osm-node-9013717717", "osm_type": "node", "osm_id": 9013717717, "category": "government", "source": "OpenStreetMap (ODbL)"}, "geometry": {"type": "Point", "coordinates": [76.2863854, 11.6113621]}}, {"type": "Feature", "id": 9013803219, "properties": {"government": "ration_shop", "name": "Malavayal Ration Shop", "operator": "public_distribution_system", "id": "osm-node-9013803219", "osm_type": "node", "osm_id": 9013803219, "category": "government", "source": "OpenStreetMap (ODbL)"}, "geometry": {"type": "Point", "coordinates": [76.2553359, 11.6348639]}}, {"type": "Feature", "id": 9013953117, "properties": {"government": "ration_shop", "name": "Ambukuthy Ration Shop", "operator": "public_distribution_system", "id": "osm-node-9013953117", "osm_type": "node", "osm_id": 9013953117, "category": "government", "source": "OpenStreetMap (ODbL)"}, "geometry": {"type": "Point", "coordinates": [76.2307778, 11.6165104]}}, {"type": "Feature", "id": 9019144828, "properties": {"amenity": "school", "name": "GLPS Appad", "operator": "Government", "id": "osm-node-9019144828", "osm_type": "node", "osm_id": 9019144828, "category": "school", "source": "OpenStreetMap (ODbL)"}, "geometry": {"type": "Point", "coordinates": [76.1729759, 11.696444]}}, {"type": "Feature", "id": 9019418309, "properties": {"amenity": "place_of_worship", "name": "St.Peter'S And St.Paul's Jacobite Cathredral", "religion": "christian", "id": "osm-node-9019418309", "osm_type": "node", "osm_id": 9019418309, "category": "religious", "source": "OpenStreetMap (ODbL)"}, "geometry": {"type": "Point", "coordinates": [76.1736146, 11.6591004]}}, {"type": "Feature", "id": 9019444989, "properties": {"amenity": "college", "name": "St.mary's College Meenangadi", "id": "osm-node-9019444989", "osm_type": "node", "osm_id": 9019444989, "category": "college", "source": "OpenStreetMap (ODbL)"}, "geometry": {"type": "Point", "coordinates": [76.1720105, 11.6628938]}}, {"type": "Feature", "id": 9020771203, "properties": {"amenity": "school", "name": "GLPS , Chulliyode", "operator": "government", "operator:type": "government", "id": "osm-node-9020771203", "osm_type": "node", "osm_id": 9020771203, "category": "school", "source": "OpenStreetMap (ODbL)"}, "geometry": {"type": "Point", "coordinates": [76.2648596, 11.59996]}}, {"type": "Feature", "id": 9021846543, "properties": {"healthcare": "doctor", "name": "Medcity Clinic,Chulliode", "id": "osm-node-9021846543", "osm_type": "node", "osm_id": 9021846543, "category": "clinic", "source": "OpenStreetMap (ODbL)"}, "geometry": {"type": "Point", "coordinates": [76.2581019, 11.60193]}}, {"type": "Feature", "id": 9022846902, "properties": {"amenity": "community_centre", "name": "Parish Hall,Koliyadi", "id": "osm-node-9022846902", "osm_type": "node", "osm_id": 9022846902, "category": "community", "source": "OpenStreetMap (ODbL)"}, "geometry": {"type": "Point", "coordinates": [76.2776671, 11.634511]}}, {"type": "Feature", "id": 9037116756, "properties": {"government": "government_office", "name": "MGNREGA Office Meenangadi", "office": "government", "id": "osm-node-9037116756", "osm_type": "node", "osm_id": 9037116756, "category": "government", "source": "OpenStreetMap (ODbL)"}, "geometry": {"type": "Point", "coordinates": [76.161355, 11.6592749]}}, {"type": "Feature", "id": 9037116757, "properties": {"government": "administrative", "name": "LID & EW Office Meenangad", "office": "government", "id": "osm-node-9037116757", "osm_type": "node", "osm_id": 9037116757, "category": "government", "source": "OpenStreetMap (ODbL)"}, "geometry": {"type": "Point", "coordinates": [76.1613467, 11.6592574]}}, {"type": "Feature", "id": 9037116758, "properties": {"government": "administrative", "name": "Kudumbasree Office Meenangad", "office": "government", "id": "osm-node-9037116758", "osm_type": "node", "osm_id": 9037116758, "category": "government", "source": "OpenStreetMap (ODbL)"}, "geometry": {"type": "Point", "coordinates": [76.1613741, 11.659318]}}, {"type": "Feature", "id": 9040146405, "properties": {"government": "local_government", "name": "Sisu Mandir Meenangadi", "office": "government", "id": "osm-node-9040146405", "osm_type": "node", "osm_id": 9040146405, "category": "government", "source": "OpenStreetMap (ODbL)"}, "geometry": {"type": "Point", "coordinates": [76.1622999, 11.6598132]}}, {"type": "Feature", "id": 9040224746, "properties": {"government": "government_office", "name": "Krishi Bhavan Meenangadi", "office": "government", "phone": "+914936200202", "id": "osm-node-9040224746", "osm_type": "node", "osm_id": 9040224746, "category": "government", "source": "OpenStreetMap (ODbL)"}, "geometry": {"type": "Point", "coordinates": [76.1577245, 11.6554452]}}, {"type": "Feature", "id": 9040224757, "properties": {"name": "Ground water department, District Office", "office": "government", "id": "osm-node-9040224757", "osm_type": "node", "osm_id": 9040224757, "category": "government", "source": "OpenStreetMap (ODbL)"}, "geometry": {"type": "Point", "coordinates": [76.1599937, 11.6575305]}}, {"type": "Feature", "id": 9040277087, "properties": {"government": "government", "name": "Excise enforcement & anti narcotic cell", "office": "government", "id": "osm-node-9040277087", "osm_type": "node", "osm_id": 9040277087, "category": "government", "source": "OpenStreetMap (ODbL)"}, "geometry": {"type": "Point", "coordinates": [76.1600677, 11.657339]}}, {"type": "Feature", "id": 9040277089, "properties": {"name": "Office Of Assistent Director Soil Survey", "office": "government", "id": "osm-node-9040277089", "osm_type": "node", "osm_id": 9040277089, "category": "government", "source": "OpenStreetMap (ODbL)"}, "geometry": {"type": "Point", "coordinates": [76.1639909, 11.6599445]}}, {"type": "Feature", "id": 9040277090, "properties": {"name": "LSGD Assistant Engineer Office", "office": "government", "id": "osm-node-9040277090", "osm_type": "node", "osm_id": 9040277090, "category": "government", "source": "OpenStreetMap (ODbL)"}, "geometry": {"type": "Point", "coordinates": [76.1615066, 11.6595677]}}, {"type": "Feature", "id": 9042286218, "properties": {"government": "police", "name": "Office of the Circle Inspector of Police", "office": "government", "id": "osm-node-9042286218", "osm_type": "node", "osm_id": 9042286218, "category": "government", "source": "OpenStreetMap (ODbL)"}, "geometry": {"type": "Point", "coordinates": [76.162212, 11.6604304]}}, {"type": "Feature", "id": 9042286219, "properties": {"government": "yes", "name": "Office Of The Deputy Commissioner Of Excise", "office": "government", "id": "osm-node-9042286219", "osm_type": "node", "osm_id": 9042286219, "category": "government", "source": "OpenStreetMap (ODbL)"}, "geometry": {"type": "Point", "coordinates": [76.1587005, 11.6556771]}}, {"type": "Feature", "id": 9042286220, "properties": {"government": "government", "name": "Office Of The Drugs Inspector", "office": "government", "id": "osm-node-9042286220", "osm_type": "node", "osm_id": 9042286220, "category": "government", "source": "OpenStreetMap (ODbL)"}, "geometry": {"type": "Point", "coordinates": [76.1600574, 11.6573285]}}, {"type": "Feature", "id": 9042296544, "properties": {"name": "Coffee Board, Meenangadi", "office": "government", "id": "osm-node-9042296544", "osm_type": "node", "osm_id": 9042296544, "category": "government", "source": "OpenStreetMap (ODbL)"}, "geometry": {"type": "Point", "coordinates": [76.1599028, 11.6572245]}}, {"type": "Feature", "id": 9042348678, "properties": {"name": "Regional Animal Husbandry Centre", "office": "government", "id": "osm-node-9042348678", "osm_type": "node", "osm_id": 9042348678, "category": "government", "source": "OpenStreetMap (ODbL)"}, "geometry": {"type": "Point", "coordinates": [76.1681203, 11.6650617]}}, {"type": "Feature", "id": 9061511074, "properties": {"government": "government_office", "name": "Village Extention Office Meenangadi", "office": "government", "id": "osm-node-9061511074", "osm_type": "node", "osm_id": 9061511074, "category": "government", "source": "OpenStreetMap (ODbL)"}, "geometry": {"type": "Point", "coordinates": [76.1613971, 11.6593589]}}, {"type": "Feature", "id": 9061568048, "properties": {"government": "government", "name": "ICDS Office Meenangadi", "office": "government", "id": "osm-node-9061568048", "osm_type": "node", "osm_id": 9061568048, "category": "government", "source": "OpenStreetMap (ODbL)"}, "geometry": {"type": "Point", "coordinates": [76.161389, 11.65935]}}, {"type": "Feature", "id": 9062005637, "properties": {"amenity": "place_of_worship", "name": "AP Masjid", "religion": "muslim", "id": "osm-node-9062005637", "osm_type": "node", "osm_id": 9062005637, "category": "religious", "source": "OpenStreetMap (ODbL)"}, "geometry": {"type": "Point", "coordinates": [76.1874308, 11.6761067]}}, {"type": "Feature", "id": 9062026865, "properties": {"amenity": "community_centre", "name": "Vengoor Samsarika Nilayam", "id": "osm-node-9062026865", "osm_type": "node", "osm_id": 9062026865, "category": "community", "source": "OpenStreetMap (ODbL)"}, "geometry": {"type": "Point", "coordinates": [76.173513, 11.6664589]}}, {"type": "Feature", "id": 9063676732, "properties": {"addr:city": "ellumannam P O", "government": "water_board", "name": "Ellumannam Jalanidhi Office", "office": "government", "id": "osm-node-9063676732", "osm_type": "node", "osm_id": 9063676732, "category": "government", "source": "OpenStreetMap (ODbL)"}, "geometry": {"type": "Point", "coordinates": [75.978333, 11.780248]}}, {"type": "Feature", "id": 9065188605, "properties": {"amenity": "school", "name": "GHSS Meenangadi", "operator:type": "government", "id": "osm-node-9065188605", "osm_type": "node", "osm_id": 9065188605, "category": "school", "source": "OpenStreetMap (ODbL)"}, "geometry": {"type": "Point", "coordinates": [76.1672659, 11.6642287]}}, {"type": "Feature", "id": 9065204541, "properties": {"amenity": "school", "name": "GLPS CC Bhoothanam", "id": "osm-node-9065204541", "osm_type": "node", "osm_id": 9065204541, "category": "school", "source": "OpenStreetMap (ODbL)"}, "geometry": {"type": "Point", "coordinates": [76.2029816, 11.6816489]}}, {"type": "Feature", "id": 9065912247, "properties": {"government": "government_office", "name": "Legal Metrology Office Meenangadi", "office": "government", "id": "osm-node-9065912247", "osm_type": "node", "osm_id": 9065912247, "category": "government", "source": "OpenStreetMap (ODbL)"}, "geometry": {"type": "Point", "coordinates": [76.1625385, 11.6609368]}}, {"type": "Feature", "id": 9077443863, "properties": {"name": "CNO 39 Anganvady Vilambukandam", "office": "government", "id": "osm-node-9077443863", "osm_type": "node", "osm_id": 9077443863, "category": "government", "source": "OpenStreetMap (ODbL)"}, "geometry": {"type": "Point", "coordinates": [76.069271, 11.7289113]}}, {"type": "Feature", "id": 9085788515, "properties": {"amenity": "community_centre", "name": "CDS Community Center, Vandiyambatta", "id": "osm-node-9085788515", "osm_type": "node", "osm_id": 9085788515, "category": "community", "source": "OpenStreetMap (ODbL)"}, "geometry": {"type": "Point", "coordinates": [76.0588641, 11.6656673]}}, {"type": "Feature", "id": 9088495817, "properties": {"amenity": "community_centre", "name": "Valiyakunn Community Center", "id": "osm-node-9088495817", "osm_type": "node", "osm_id": 9088495817, "category": "community", "source": "OpenStreetMap (ODbL)"}, "geometry": {"type": "Point", "coordinates": [76.0301338, 11.681719]}}, {"type": "Feature", "id": 9090151299, "properties": {"amenity": "community_centre", "name": "Community Center ,Padiyottkunn", "id": "osm-node-9090151299", "osm_type": "node", "osm_id": 9090151299, "category": "community", "source": "OpenStreetMap (ODbL)"}, "geometry": {"type": "Point", "coordinates": [75.9985362, 11.6706594]}}, {"type": "Feature", "id": 9104912146, "properties": {"amenity": "clinic", "healthcare": "clinic", "name": "D CARE DENTAL CLINIC", "id": "osm-node-9104912146", "osm_type": "node", "osm_id": 9104912146, "category": "clinic", "source": "OpenStreetMap (ODbL)"}, "geometry": {"type": "Point", "coordinates": [76.0729729, 11.7397935]}}, {"type": "Feature", "id": 9164512014, "properties": {"amenity": "place_of_worship", "name": "Sri Kalloott Kali Kshetram", "religion": "hindu", "id": "osm-node-9164512014", "osm_type": "node", "osm_id": 9164512014, "category": "religious", "source": "OpenStreetMap (ODbL)"}, "geometry": {"type": "Point", "coordinates": [76.0183119, 11.7156973]}}, {"type": "Feature", "id": 9164546018, "properties": {"amenity": "place_of_worship", "name": "Kalluvettumthazhe Infant Jesus Church", "religion": "christian", "id": "osm-node-9164546018", "osm_type": "node", "osm_id": 9164546018, "category": "religious", "source": "OpenStreetMap (ODbL)"}, "geometry": {"type": "Point", "coordinates": [76.0191682, 11.7157416]}}, {"type": "Feature", "id": 9164580674, "properties": {"amenity": "place_of_worship", "name": "Crescent Public High School Mosque", "religion": "muslim", "id": "osm-node-9164580674", "osm_type": "node", "osm_id": 9164580674, "category": "religious", "source": "OpenStreetMap (ODbL)"}, "geometry": {"type": "Point", "coordinates": [76.0730957, 11.7314569]}}, {"type": "Feature", "id": 9218305772, "properties": {"amenity": "hospital", "healthcare": "hospital", "name": "Primary Health Centre, Mooppainad", "id": "osm-node-9218305772", "osm_type": "node", "osm_id": 9218305772, "category": "hospital", "source": "OpenStreetMap (ODbL)"}, "geometry": {"type": "Point", "coordinates": [76.2040551, 11.5477549]}}, {"type": "Feature", "id": 9265949059, "properties": {"amenity": "hospital", "healthcare": "hospital", "name": "Government Ayurvedic Dispensary, Padinjarathara", "id": "osm-node-9265949059", "osm_type": "node", "osm_id": 9265949059, "category": "hospital", "source": "OpenStreetMap (ODbL)"}, "geometry": {"type": "Point", "coordinates": [75.9827352, 11.6940867]}}, {"type": "Feature", "id": 9269766643, "properties": {"government": "village_office", "name": "Village Office, Kuppadithara", "office": "government", "id": "osm-node-9269766643", "osm_type": "node", "osm_id": 9269766643, "category": "government", "source": "OpenStreetMap (ODbL)"}, "geometry": {"type": "Point", "coordinates": [76.0022369, 11.6899344]}}, {"type": "Feature", "id": 9271953490, "properties": {"government": "agriculture_office", "name": "Krishi Bhavan", "office": "government", "id": "osm-node-9271953490", "osm_type": "node", "osm_id": 9271953490, "category": "government", "source": "OpenStreetMap (ODbL)"}, "geometry": {"type": "Point", "coordinates": [75.9748218, 11.6853283]}}, {"type": "Feature", "id": 9271990705, "properties": {"government": "village_office", "name": "Village Office, Padinjarathara", "office": "government", "id": "osm-node-9271990705", "osm_type": "node", "osm_id": 9271990705, "category": "government", "source": "OpenStreetMap (ODbL)"}, "geometry": {"type": "Point", "coordinates": [75.9747704, 11.6844216]}}, {"type": "Feature", "id": 9299016251, "properties": {"amenity": "clinic", "healthcare": "clinic", "name": "Government Homeo Dispensary", "id": "osm-node-9299016251", "osm_type": "node", "osm_id": 9299016251, "category": "clinic", "source": "OpenStreetMap (ODbL)"}, "geometry": {"type": "Point", "coordinates": [75.9748701, 11.6852566]}}, {"type": "Feature", "id": 9300333099, "properties": {"name": "Range Forest Office", "office": "government", "id": "osm-node-9300333099", "osm_type": "node", "osm_id": 9300333099, "category": "government", "source": "OpenStreetMap (ODbL)"}, "geometry": {"type": "Point", "coordinates": [75.941854, 11.6621952]}}, {"type": "Feature", "id": 9310563496, "properties": {"name": "LSGD Section", "office": "government", "id": "osm-node-9310563496", "osm_type": "node", "osm_id": 9310563496, "category": "government", "source": "OpenStreetMap (ODbL)"}, "geometry": {"type": "Point", "coordinates": [75.9749534, 11.6796777]}}, {"type": "Feature", "id": 9310610627, "properties": {"amenity": "community_centre", "name": "Panchayat Auditorium", "id": "osm-node-9310610627", "osm_type": "node", "osm_id": 9310610627, "category": "community", "source": "OpenStreetMap (ODbL)"}, "geometry": {"type": "Point", "coordinates": [75.9750012, 11.6796816]}}, {"type": "Feature", "id": 9330011459, "properties": {"government": "administrative", "name": "PWD Road Section", "office": "government", "id": "osm-node-9330011459", "osm_type": "node", "osm_id": 9330011459, "category": "government", "source": "OpenStreetMap (ODbL)"}, "geometry": {"type": "Point", "coordinates": [75.9746594, 11.6841368]}}, {"type": "Feature", "id": 9330035996, "properties": {"government": "administrative", "name": "VEO Office Padinharathara", "office": "government", "id": "osm-node-9330035996", "osm_type": "node", "osm_id": 9330035996, "category": "government", "source": "OpenStreetMap (ODbL)"}, "geometry": {"type": "Point", "coordinates": [75.9747271, 11.6842797]}}, {"type": "Feature", "id": 9364704853, "properties": {"amenity": "community_centre", "name": "Tazhe Arraippetta Maadrasa Hall", "id": "osm-node-9364704853", "osm_type": "node", "osm_id": 9364704853, "category": "community", "source": "OpenStreetMap (ODbL)"}, "geometry": {"type": "Point", "coordinates": [76.1504461, 11.5530792]}}, {"type": "Feature", "id": 9364738996, "properties": {"amenity": "hospital", "healthcare": "hospital", "name": "Mooppainad Govt Ayurveda Dispensary", "id": "osm-node-9364738996", "osm_type": "node", "osm_id": 9364738996, "category": "hospital", "source": "OpenStreetMap (ODbL)"}, "geometry": {"type": "Point", "coordinates": [76.2043937, 11.5484]}}, {"type": "Feature", "id": 9364765189, "properties": {"amenity": "community_centre", "name": "Moopanad LC Church Hall", "id": "osm-node-9364765189", "osm_type": "node", "osm_id": 9364765189, "category": "community", "source": "OpenStreetMap (ODbL)"}, "geometry": {"type": "Point", "coordinates": [76.1420334, 11.5570422]}}, {"type": "Feature", "id": 9673736234, "properties": {"amenity": "kindergarten", "name": "Anganavadi", "id": "osm-node-9673736234", "osm_type": "node", "osm_id": 9673736234, "category": "school", "source": "OpenStreetMap (ODbL)"}, "geometry": {"type": "Point", "coordinates": [76.1435486, 11.7992491]}}, {"type": "Feature", "id": 9673736235, "properties": {"amenity": "kindergarten", "id": "osm-node-9673736235", "osm_type": "node", "osm_id": 9673736235, "category": "school", "source": "OpenStreetMap (ODbL)"}, "geometry": {"type": "Point", "coordinates": [76.2011249, 11.8147419]}}, {"type": "Feature", "id": 9673736239, "properties": {"amenity": "school", "name": "Government Lower Primary School", "id": "osm-node-9673736239", "osm_type": "node", "osm_id": 9673736239, "category": "school", "source": "OpenStreetMap (ODbL)"}, "geometry": {"type": "Point", "coordinates": [76.286269, 11.7229917]}}, {"type": "Feature", "id": 9766020603, "properties": {"amenity": "police", "name": "Police Station, Meppadi", "id": "osm-node-9766020603", "osm_type": "node", "osm_id": 9766020603, "category": "police", "source": "OpenStreetMap (ODbL)"}, "geometry": {"type": "Point", "coordinates": [76.1306336, 11.5531701]}}, {"type": "Feature", "id": 9794519637, "properties": {"amenity": "police", "name": "Police Station ,Thondernadu", "id": "osm-node-9794519637", "osm_type": "node", "osm_id": 9794519637, "category": "police", "source": "OpenStreetMap (ODbL)"}, "geometry": {"type": "Point", "coordinates": [75.8765536, 11.7434976]}}, {"type": "Feature", "id": 9794519638, "properties": {"amenity": "police", "name": "Police Station ,Panamaram", "id": "osm-node-9794519638", "osm_type": "node", "osm_id": 9794519638, "category": "police", "source": "OpenStreetMap (ODbL)"}, "geometry": {"type": "Point", "coordinates": [76.0734061, 11.7390725]}}, {"type": "Feature", "id": 9815272506, "properties": {"name": "Kuttiyadi Saddle Dam", "waterway": "dam", "id": "osm-node-9815272506", "osm_type": "node", "osm_id": 9815272506, "category": "dam", "source": "OpenStreetMap (ODbL)"}, "geometry": {"type": "Point", "coordinates": [75.9191526, 11.5988367]}}, {"type": "Feature", "id": 9815272507, "properties": {"name": "Near Kottagiri Saddle", "waterway": "dam", "id": "osm-node-9815272507", "osm_type": "node", "osm_id": 9815272507, "category": "dam", "source": "OpenStreetMap (ODbL)"}, "geometry": {"type": "Point", "coordinates": [75.916634, 11.6123305]}}, {"type": "Feature", "id": 9815272508, "properties": {"name": "Kottagiri Saddle", "waterway": "dam", "id": "osm-node-9815272508", "osm_type": "node", "osm_id": 9815272508, "category": "dam", "source": "OpenStreetMap (ODbL)"}, "geometry": {"type": "Point", "coordinates": [75.9162764, 11.6147346]}}, {"type": "Feature", "id": 9815272509, "properties": {"name": "Kosani Saddle", "waterway": "dam", "id": "osm-node-9815272509", "osm_type": "node", "osm_id": 9815272509, "category": "dam", "source": "OpenStreetMap (ODbL)"}, "geometry": {"type": "Point", "coordinates": [75.9207658, 11.6192988]}}, {"type": "Feature", "id": 9815272511, "properties": {"name": "Manjoora Saddle", "waterway": "dam", "id": "osm-node-9815272511", "osm_type": "node", "osm_id": 9815272511, "category": "dam", "source": "OpenStreetMap (ODbL)"}, "geometry": {"type": "Point", "coordinates": [75.9786037, 11.6456813]}}, {"type": "Feature", "id": 9815272512, "properties": {"name": "Banasura Sagar Dam", "operator": "KSEB", "waterway": "dam", "id": "osm-node-9815272512", "osm_type": "node", "osm_id": 9815272512, "category": "dam", "source": "OpenStreetMap (ODbL)"}, "geometry": {"type": "Point", "coordinates": [75.9564734, 11.6712202]}}, {"type": "Feature", "id": 9815272513, "properties": {"name": "Kuttiyadi Spillway Dam", "operator": "KSEB", "waterway": "dam", "id": "osm-node-9815272513", "osm_type": "node", "osm_id": 9815272513, "category": "dam", "source": "OpenStreetMap (ODbL)"}, "geometry": {"type": "Point", "coordinates": [75.960049, 11.6717495]}}, {"type": "Feature", "id": 9927293029, "properties": {"amenity": "school", "name": "St . School", "id": "osm-node-9927293029", "osm_type": "node", "osm_id": 9927293029, "category": "school", "source": "OpenStreetMap (ODbL)"}, "geometry": {"type": "Point", "coordinates": [76.1181995, 11.7383842]}}, {"type": "Feature", "id": 9927312219, "properties": {"amenity": "community_centre", "name": "Auditorium", "id": "osm-node-9927312219", "osm_type": "node", "osm_id": 9927312219, "category": "community", "source": "OpenStreetMap (ODbL)"}, "geometry": {"type": "Point", "coordinates": [76.1142843, 11.6841292]}}, {"type": "Feature", "id": 9927312337, "properties": {"amenity": "school", "name": "Gvt lp school nelliyambam", "id": "osm-node-9927312337", "osm_type": "node", "osm_id": 9927312337, "category": "school", "source": "OpenStreetMap (ODbL)"}, "geometry": {"type": "Point", "coordinates": [76.098739, 11.7387314]}}, {"type": "Feature", "id": 9929691633, "properties": {"government": "ration_shop", "name": "Kaniyambetta 52", "operator": "public_distribution_system", "id": "osm-node-9929691633", "osm_type": "node", "osm_id": 9929691633, "category": "government", "source": "OpenStreetMap (ODbL)"}, "geometry": {"type": "Point", "coordinates": [76.0809892, 11.694003]}}, {"type": "Feature", "id": 9929691824, "properties": {"healthcare": "hospital", "name": "Palliyara sub centre", "id": "osm-node-9929691824", "osm_type": "node", "osm_id": 9929691824, "category": "hospital", "source": "OpenStreetMap (ODbL)"}, "geometry": {"type": "Point", "coordinates": [76.0910605, 11.7041201]}}, {"type": "Feature", "id": 9929692019, "properties": {"healthcare": "hospital", "id": "osm-node-9929692019", "osm_type": "node", "osm_id": 9929692019, "category": "hospital", "source": "OpenStreetMap (ODbL)"}, "geometry": {"type": "Point", "coordinates": [76.1056939, 11.6996489]}}, {"type": "Feature", "id": 9946674517, "properties": {"amenity": "community_centre", "name": "Vanitha Samskarika Nilayam", "id": "osm-node-9946674517", "osm_type": "node", "osm_id": 9946674517, "category": "community", "source": "OpenStreetMap (ODbL)"}, "geometry": {"type": "Point", "coordinates": [76.080483, 11.7102454]}}, {"type": "Feature", "id": 10019840451, "properties": {"name": "VEO Office", "office": "government", "id": "osm-node-10019840451", "osm_type": "node", "osm_id": 10019840451, "category": "government", "source": "OpenStreetMap (ODbL)"}, "geometry": {"type": "Point", "coordinates": [75.8821258, 11.7435852]}}, {"type": "Feature", "id": 10019840452, "properties": {"name": "registrar office", "office": "government", "id": "osm-node-10019840452", "osm_type": "node", "osm_id": 10019840452, "category": "government", "source": "OpenStreetMap (ODbL)"}, "geometry": {"type": "Point", "coordinates": [75.8820322, 11.7435922]}}, {"type": "Feature", "id": 10019840472, "properties": {"addr:city": "Korome", "amenity": "clinic", "healthcare": "clinic", "name": "dental clinic", "id": "osm-node-10019840472", "osm_type": "node", "osm_id": 10019840472, "category": "clinic", "source": "OpenStreetMap (ODbL)"}, "geometry": {"type": "Point", "coordinates": [75.8820726, 11.7441061]}}, {"type": "Feature", "id": 10026059241, "properties": {"healthcare": "centre", "name": "health subcenter karimbil", "id": "osm-node-10026059241", "osm_type": "node", "osm_id": 10026059241, "category": "clinic", "source": "OpenStreetMap (ODbL)"}, "geometry": {"type": "Point", "coordinates": [75.8795323, 11.7763266]}}, {"type": "Feature", "id": 10026087424, "properties": {"addr:city": "thondernad", "amenity": "place_of_worship", "name": "Kunjome Juma Masjid", "religion": "muslim", "id": "osm-node-10026087424", "osm_type": "node", "osm_id": 10026087424, "category": "religious", "source": "OpenStreetMap (ODbL)"}, "geometry": {"type": "Point", "coordinates": [75.8429812, 11.7628991]}}, {"type": "Feature", "id": 10026087509, "properties": {"name": "S T O Office", "office": "government", "id": "osm-node-10026087509", "osm_type": "node", "osm_id": 10026087509, "category": "government", "source": "OpenStreetMap (ODbL)"}, "geometry": {"type": "Point", "coordinates": [75.8613089, 11.7414843]}}, {"type": "Feature", "id": 10028609488, "properties": {"addr:city": "thondernadu", "name": "Meenmutty WaterFalls", "tourism": "attraction", "id": "osm-node-10028609488", "osm_type": "node", "osm_id": 10028609488, "category": "tourism", "source": "OpenStreetMap (ODbL)"}, "geometry": {"type": "Point", "coordinates": [75.8871928, 11.7262789]}}, {"type": "Feature", "id": 10028731778, "properties": {"amenity": "community_centre", "name": "Samskarika Nilayam", "id": "osm-node-10028731778", "osm_type": "node", "osm_id": 10028731778, "category": "community", "source": "OpenStreetMap (ODbL)"}, "geometry": {"type": "Point", "coordinates": [76.2910574, 11.7008854]}}, {"type": "Feature", "id": 10030899703, "properties": {"name": "Centre for Social Concern", "office": "government", "id": "osm-node-10030899703", "osm_type": "node", "osm_id": 10030899703, "category": "government", "source": "OpenStreetMap (ODbL)"}, "geometry": {"type": "Point", "coordinates": [76.2627004, 11.7045765]}}, {"type": "Feature", "id": 10030913495, "properties": {"amenity": "community_centre", "name": "Samskarika Nilayam", "id": "osm-node-10030913495", "osm_type": "node", "osm_id": 10030913495, "category": "community", "source": "OpenStreetMap (ODbL)"}, "geometry": {"type": "Point", "coordinates": [76.264074, 11.7017481]}}, {"type": "Feature", "id": 10031166188, "properties": {"amenity": "place_of_worship", "name": "small church", "id": "osm-node-10031166188", "osm_type": "node", "osm_id": 10031166188, "category": "religious", "source": "OpenStreetMap (ODbL)"}, "geometry": {"type": "Point", "coordinates": [76.0390064, 11.5418072]}}, {"type": "Feature", "id": 10035870847, "properties": {"name": "Karshaka Sangham Office", "office": "government", "id": "osm-node-10035870847", "osm_type": "node", "osm_id": 10035870847, "category": "government", "source": "OpenStreetMap (ODbL)"}, "geometry": {"type": "Point", "coordinates": [76.2792236, 11.6868817]}}, {"type": "Feature", "id": 10038536764, "properties": {"amenity": "community_centre", "name": "Mahila Samskarika Nilayam", "id": "osm-node-10038536764", "osm_type": "node", "osm_id": 10038536764, "category": "community", "source": "OpenStreetMap (ODbL)"}, "geometry": {"type": "Point", "coordinates": [76.2726184, 11.6876045]}}, {"type": "Feature", "id": 10044206751, "properties": {"amenity": "community_centre", "name": "Samskarika Nilayam", "id": "osm-node-10044206751", "osm_type": "node", "osm_id": 10044206751, "category": "community", "source": "OpenStreetMap (ODbL)"}, "geometry": {"type": "Point", "coordinates": [76.2799353, 11.6745159]}}, {"type": "Feature", "id": 10044311418, "properties": {"amenity": "community_centre", "name": "Samskarika Nilayam", "id": "osm-node-10044311418", "osm_type": "node", "osm_id": 10044311418, "category": "community", "source": "OpenStreetMap (ODbL)"}, "geometry": {"type": "Point", "coordinates": [76.2836696, 11.6768767]}}, {"type": "Feature", "id": 10050472655, "properties": {"amenity": "place_of_worship", "name": "Karimbil Kirathamoorthi Temple", "religion": "hindu", "id": "osm-node-10050472655", "osm_type": "node", "osm_id": 10050472655, "category": "religious", "source": "OpenStreetMap (ODbL)"}, "geometry": {"type": "Point", "coordinates": [75.8758049, 11.7741674]}}, {"type": "Feature", "id": 10052779601, "properties": {"amenity": "clinic", "healthcare": "clinic", "name": "Dental Clinic", "id": "osm-node-10052779601", "osm_type": "node", "osm_id": 10052779601, "category": "clinic", "source": "OpenStreetMap (ODbL)"}, "geometry": {"type": "Point", "coordinates": [76.2640567, 11.6683945]}}, {"type": "Feature", "id": 10094520842, "properties": {"amenity": "community_centre", "name": "Samskarika Nilayam", "id": "osm-node-10094520842", "osm_type": "node", "osm_id": 10094520842, "category": "community", "source": "OpenStreetMap (ODbL)"}, "geometry": {"type": "Point", "coordinates": [76.2865379, 11.6576981]}}, {"type": "Feature", "id": 10094539684, "properties": {"amenity": "community_centre", "name": "Samskarika Nilayam", "id": "osm-node-10094539684", "osm_type": "node", "osm_id": 10094539684, "category": "community", "source": "OpenStreetMap (ODbL)"}, "geometry": {"type": "Point", "coordinates": [76.3001385, 11.6581317]}}, {"type": "Feature", "id": 10094615547, "properties": {"name": "Kerala Agro Industries co-operation Limited", "office": "government", "id": "osm-node-10094615547", "osm_type": "node", "osm_id": 10094615547, "category": "government", "source": "OpenStreetMap (ODbL)"}, "geometry": {"type": "Point", "coordinates": [76.2519767, 11.6616568]}}, {"type": "Feature", "id": 10094722846, "properties": {"name": "PWD Roads", "office": "government", "id": "osm-node-10094722846", "osm_type": "node", "osm_id": 10094722846, "category": "government", "source": "OpenStreetMap (ODbL)"}, "geometry": {"type": "Point", "coordinates": [76.2517859, 11.6615425]}}, {"type": "Feature", "id": 10096910575, "properties": {"name": "KSEB substation", "operator": "KSEB", "power": "substation", "id": "osm-node-10096910575", "osm_type": "node", "osm_id": 10096910575, "category": "power", "source": "OpenStreetMap (ODbL)"}, "geometry": {"type": "Point", "coordinates": [76.2548252, 11.6740554]}}, {"type": "Feature", "id": 10096987839, "properties": {"amenity": "community_centre", "name": "Samskarika Nilayam", "id": "osm-node-10096987839", "osm_type": "node", "osm_id": 10096987839, "category": "community", "source": "OpenStreetMap (ODbL)"}, "geometry": {"type": "Point", "coordinates": [76.2758361, 11.6568942]}}, {"type": "Feature", "id": 10097479228, "properties": {"name": "Land Survey Office", "office": "government", "id": "osm-node-10097479228", "osm_type": "node", "osm_id": 10097479228, "category": "government", "source": "OpenStreetMap (ODbL)"}, "geometry": {"type": "Point", "coordinates": [76.26036, 11.6626119]}}, {"type": "Feature", "id": 10097479229, "properties": {"name": "Registrar Office", "office": "government", "id": "osm-node-10097479229", "osm_type": "node", "osm_id": 10097479229, "category": "government", "source": "OpenStreetMap (ODbL)"}, "geometry": {"type": "Point", "coordinates": [76.2600419, 11.6625695]}}, {"type": "Feature", "id": 10097528057, "properties": {"amenity": "hospital", "healthcare": "hospital", "name": "Government Taluk Hospital", "id": "osm-node-10097528057", "osm_type": "node", "osm_id": 10097528057, "category": "hospital", "source": "OpenStreetMap (ODbL)"}, "geometry": {"type": "Point", "coordinates": [76.2575774, 11.6627489]}}, {"type": "Feature", "id": 10097575155, "properties": {"name": "Municipal Office", "office": "government", "id": "osm-node-10097575155", "osm_type": "node", "osm_id": 10097575155, "category": "government", "source": "OpenStreetMap (ODbL)"}, "geometry": {"type": "Point", "coordinates": [76.2552938, 11.6629179]}}, {"type": "Feature", "id": 10100087196, "properties": {"name": "Assistant Labour Office", "office": "government", "id": "osm-node-10100087196", "osm_type": "node", "osm_id": 10100087196, "category": "government", "source": "OpenStreetMap (ODbL)"}, "geometry": {"type": "Point", "coordinates": [76.2575583, 11.6597914]}}, {"type": "Feature", "id": 10100109528, "properties": {"name": "Ksheera Vikasana Office", "office": "government", "id": "osm-node-10100109528", "osm_type": "node", "osm_id": 10100109528, "category": "government", "source": "OpenStreetMap (ODbL)"}, "geometry": {"type": "Point", "coordinates": [76.263155, 11.6637837]}}, {"type": "Feature", "id": 10100407677, "properties": {"name": "Block Panchayat Office", "office": "government", "id": "osm-node-10100407677", "osm_type": "node", "osm_id": 10100407677, "category": "government", "source": "OpenStreetMap (ODbL)"}, "geometry": {"type": "Point", "coordinates": [76.2810622, 11.6578291]}}, {"type": "Feature", "id": 10100473094, "properties": {"name": "Legal Metrology Centre", "office": "government", "id": "osm-node-10100473094", "osm_type": "node", "osm_id": 10100473094, "category": "government", "source": "OpenStreetMap (ODbL)"}, "geometry": {"type": "Point", "coordinates": [76.2664637, 11.6799903]}}, {"type": "Feature", "id": 10100566411, "properties": {"name": "Excise Department Office", "office": "government", "id": "osm-node-10100566411", "osm_type": "node", "osm_id": 10100566411, "category": "government", "source": "OpenStreetMap (ODbL)"}, "geometry": {"type": "Point", "coordinates": [76.2665279, 11.6803322]}}, {"type": "Feature", "id": 10100671017, "properties": {"name": "Timber Department Office", "office": "government", "id": "osm-node-10100671017", "osm_type": "node", "osm_id": 10100671017, "category": "government", "source": "OpenStreetMap (ODbL)"}, "geometry": {"type": "Point", "coordinates": [76.2579328, 11.6905626]}}, {"type": "Feature", "id": 10100676727, "properties": {"name": "Forest Station", "office": "government", "id": "osm-node-10100676727", "osm_type": "node", "osm_id": 10100676727, "category": "government", "source": "OpenStreetMap (ODbL)"}, "geometry": {"type": "Point", "coordinates": [76.2586375, 11.6964306]}}, {"type": "Feature", "id": 10102580859, "properties": {"name": "KSEB Substation", "operator": "KSEB", "power": "substation", "id": "osm-node-10102580859", "osm_type": "node", "osm_id": 10102580859, "category": "power", "source": "OpenStreetMap (ODbL)"}, "geometry": {"type": "Point", "coordinates": [76.2655187, 11.6640552]}}, {"type": "Feature", "id": 10102859423, "properties": {"name": "Forest Office", "office": "government", "id": "osm-node-10102859423", "osm_type": "node", "osm_id": 10102859423, "category": "government", "source": "OpenStreetMap (ODbL)"}, "geometry": {"type": "Point", "coordinates": [76.2381764, 11.7484997]}}, {"type": "Feature", "id": 10110729820, "properties": {"name": "PWD Rest House", "office": "government", "id": "osm-node-10110729820", "osm_type": "node", "osm_id": 10110729820, "category": "government", "source": "OpenStreetMap (ODbL)"}, "geometry": {"type": "Point", "coordinates": [76.085434, 11.6297405]}}, {"type": "Feature", "id": 10110750731, "properties": {"amenity": "police", "name": "District Police Office Wayand", "id": "osm-node-10110750731", "osm_type": "node", "osm_id": 10110750731, "category": "police", "source": "OpenStreetMap (ODbL)"}, "geometry": {"type": "Point", "coordinates": [76.0858315, 11.629615]}}, {"type": "Feature", "id": 10110858708, "properties": {"name": "SC Development Office", "office": "government", "id": "osm-node-10110858708", "osm_type": "node", "osm_id": 10110858708, "category": "government", "source": "OpenStreetMap (ODbL)"}, "geometry": {"type": "Point", "coordinates": [76.0846046, 11.6127834]}}, {"type": "Feature", "id": 10110858709, "properties": {"name": "Diary Office", "office": "government", "id": "osm-node-10110858709", "osm_type": "node", "osm_id": 10110858709, "category": "government", "source": "OpenStreetMap (ODbL)"}, "geometry": {"type": "Point", "coordinates": [76.0846419, 11.6127697]}}, {"type": "Feature", "id": 10111080509, "properties": {"name": "Circle Inspector of Excise Office Kalpetta", "office": "government", "id": "osm-node-10111080509", "osm_type": "node", "osm_id": 10111080509, "category": "government", "source": "OpenStreetMap (ODbL)"}, "geometry": {"type": "Point", "coordinates": [76.0737443, 11.6144288]}}, {"type": "Feature", "id": 10111103847, "properties": {"name": "Forest Office", "office": "government", "id": "osm-node-10111103847", "osm_type": "node", "osm_id": 10111103847, "category": "government", "source": "OpenStreetMap (ODbL)"}, "geometry": {"type": "Point", "coordinates": [76.0744931, 11.6152004]}}, {"type": "Feature", "id": 10111103848, "properties": {"name": "Flying Squad Range Office", "office": "government", "id": "osm-node-10111103848", "osm_type": "node", "osm_id": 10111103848, "category": "government", "source": "OpenStreetMap (ODbL)"}, "geometry": {"type": "Point", "coordinates": [76.0744069, 11.6150139]}}, {"type": "Feature", "id": 10112942830, "properties": {"name": "Office of Deputy Commissionerof Excise", "office": "government", "id": "osm-node-10112942830", "osm_type": "node", "osm_id": 10112942830, "category": "government", "source": "OpenStreetMap (ODbL)"}, "geometry": {"type": "Point", "coordinates": [76.0723096, 11.6228062]}}, {"type": "Feature", "id": 10112942908, "properties": {"name": "Sub Registrar Office Kalpetta", "office": "government", "id": "osm-node-10112942908", "osm_type": "node", "osm_id": 10112942908, "category": "government", "source": "OpenStreetMap (ODbL)"}, "geometry": {"type": "Point", "coordinates": [76.0869332, 11.6301768]}}, {"type": "Feature", "id": 10113293168, "properties": {"amenity": "hospital", "healthcare": "hospital", "name": "District Early Intervention Centre", "id": "osm-node-10113293168", "osm_type": "node", "osm_id": 10113293168, "category": "hospital", "source": "OpenStreetMap (ODbL)"}, "geometry": {"type": "Point", "coordinates": [76.0895455, 11.6342526]}}, {"type": "Feature", "id": 10113293169, "properties": {"amenity": "hospital", "healthcare": "hospital", "name": "Medical Superintendent Office", "id": "osm-node-10113293169", "osm_type": "node", "osm_id": 10113293169, "category": "hospital", "source": "OpenStreetMap (ODbL)"}, "geometry": {"type": "Point", "coordinates": [76.0897041, 11.6342351]}}, {"type": "Feature", "id": 10113317954, "properties": {"name": "Safe Kerala Enforcement Office", "office": "government", "id": "osm-node-10113317954", "osm_type": "node", "osm_id": 10113317954, "category": "government", "source": "OpenStreetMap (ODbL)"}, "geometry": {"type": "Point", "coordinates": [76.0885815, 11.6350771]}}, {"type": "Feature", "id": 10113340660, "properties": {"name": "Income Tax Office", "office": "government", "id": "osm-node-10113340660", "osm_type": "node", "osm_id": 10113340660, "category": "government", "source": "OpenStreetMap (ODbL)"}, "geometry": {"type": "Point", "coordinates": [76.0900924, 11.6346636]}}, {"type": "Feature", "id": 10113439378, "properties": {"name": "Substation KSEB", "operator": "KSEB", "power": "substation", "id": "osm-node-10113439378", "osm_type": "node", "osm_id": 10113439378, "category": "power", "source": "OpenStreetMap (ODbL)"}, "geometry": {"type": "Point", "coordinates": [76.0641188, 11.6348308]}}, {"type": "Feature", "id": 10113519525, "properties": {"name": "Legal Metrology", "office": "government", "id": "osm-node-10113519525", "osm_type": "node", "osm_id": 10113519525, "category": "government", "source": "OpenStreetMap (ODbL)"}, "geometry": {"type": "Point", "coordinates": [76.0786994, 11.5933094]}}, {"type": "Feature", "id": 10113567139, "properties": {"name": "Regional Coffee Research Station", "office": "government", "id": "osm-node-10113567139", "osm_type": "node", "osm_id": 10113567139, "category": "government", "source": "OpenStreetMap (ODbL)"}, "geometry": {"type": "Point", "coordinates": [76.0710375, 11.5813919]}}, {"type": "Feature", "id": 10113779000, "properties": {"amenity": "hospital", "healthcare": "hospital", "name": "Government General Hospital", "id": "osm-node-10113779000", "osm_type": "node", "osm_id": 10113779000, "category": "hospital", "source": "OpenStreetMap (ODbL)"}, "geometry": {"type": "Point", "coordinates": [76.084177, 11.6035906]}}, {"type": "Feature", "id": 10115778049, "properties": {"amenity": "hospital", "healthcare": "hospital", "name": "IQRAA Hospital", "id": "osm-node-10115778049", "osm_type": "node", "osm_id": 10115778049, "category": "hospital", "source": "OpenStreetMap (ODbL)"}, "geometry": {"type": "Point", "coordinates": [76.262376, 11.6657932]}}, {"type": "Feature", "id": 10115780976, "properties": {"name": "ST Department Office", "office": "government", "id": "osm-node-10115780976", "osm_type": "node", "osm_id": 10115780976, "category": "government", "source": "OpenStreetMap (ODbL)"}, "geometry": {"type": "Point", "coordinates": [76.2579389, 11.6634406]}}, {"type": "Feature", "id": 10115792066, "properties": {"name": "Milma Office", "office": "government", "id": "osm-node-10115792066", "osm_type": "node", "osm_id": 10115792066, "category": "government", "source": "OpenStreetMap (ODbL)"}, "geometry": {"type": "Point", "coordinates": [76.2547811, 11.6630803]}}, {"type": "Feature", "id": 10115812027, "properties": {"name": "Kerala State Beverages Corporation Outlet", "office": "government", "id": "osm-node-10115812027", "osm_type": "node", "osm_id": 10115812027, "category": "government", "source": "OpenStreetMap (ODbL)"}, "geometry": {"type": "Point", "coordinates": [76.2249165, 11.6677501]}}, {"type": "Feature", "id": 10115878875, "properties": {"amenity": "hospital", "healthcare": "hospital", "name": "Anupama Hospital", "id": "osm-node-10115878875", "osm_type": "node", "osm_id": 10115878875, "category": "hospital", "source": "OpenStreetMap (ODbL)"}, "geometry": {"type": "Point", "coordinates": [76.2578711, 11.6616927]}}, {"type": "Feature", "id": 10272707376, "properties": {"amenity": "kindergarten", "name": "Model Pre School", "id": "osm-node-10272707376", "osm_type": "node", "osm_id": 10272707376, "category": "school", "source": "OpenStreetMap (ODbL)"}, "geometry": {"type": "Point", "coordinates": [75.9878294, 11.8578782]}}, {"type": "Feature", "id": 10272812492, "properties": {"name": "Forest Office", "office": "government", "id": "osm-node-10272812492", "osm_type": "node", "osm_id": 10272812492, "category": "government", "source": "OpenStreetMap (ODbL)"}, "geometry": {"type": "Point", "coordinates": [75.9925418, 11.843626]}}, {"type": "Feature", "id": 10274797878, "properties": {"amenity": "community_centre", "name": "Samskarikanilayam", "id": "osm-node-10274797878", "osm_type": "node", "osm_id": 10274797878, "category": "community", "source": "OpenStreetMap (ODbL)"}, "geometry": {"type": "Point", "coordinates": [76.017098, 11.82906]}}, {"type": "Feature", "id": 10274983625, "properties": {"name": "Water Treatment Plant", "office": "government", "id": "osm-node-10274983625", "osm_type": "node", "osm_id": 10274983625, "category": "government", "source": "OpenStreetMap (ODbL)"}, "geometry": {"type": "Point", "coordinates": [76.0767415, 11.8214987]}}, {"type": "Feature", "id": 10274992803, "properties": {"amenity": "community_centre", "name": "Samskarika Nilayam", "id": "osm-node-10274992803", "osm_type": "node", "osm_id": 10274992803, "category": "community", "source": "OpenStreetMap (ODbL)"}, "geometry": {"type": "Point", "coordinates": [76.0682152, 11.8309052]}}, {"type": "Feature", "id": 10275160630, "properties": {"name": "Mananthavady Municipality Sub Center", "office": "government", "id": "osm-node-10275160630", "osm_type": "node", "osm_id": 10275160630, "category": "government", "source": "OpenStreetMap (ODbL)"}, "geometry": {"type": "Point", "coordinates": [76.0560342, 11.8103425]}}, {"type": "Feature", "id": 10275183159, "properties": {"amenity": "social_facility", "name": "Vayojana Kendram", "id": "osm-node-10275183159", "osm_type": "node", "osm_id": 10275183159, "category": "community", "source": "OpenStreetMap (ODbL)"}, "geometry": {"type": "Point", "coordinates": [76.0732571, 11.8133471]}}, {"type": "Feature", "id": 10275396160, "properties": {"amenity": "community_centre", "name": "Samskarika Nilayam", "id": "osm-node-10275396160", "osm_type": "node", "osm_id": 10275396160, "category": "community", "source": "OpenStreetMap (ODbL)"}, "geometry": {"type": "Point", "coordinates": [76.0516054, 11.7843189]}}, {"type": "Feature", "id": 10275416446, "properties": {"name": "Agro Clinic", "office": "government", "id": "osm-node-10275416446", "osm_type": "node", "osm_id": 10275416446, "category": "government", "source": "OpenStreetMap (ODbL)"}, "geometry": {"type": "Point", "coordinates": [76.0451117, 11.7865054]}}, {"type": "Feature", "id": 10275431357, "properties": {"amenity": "kindergarten", "name": "Mananthavady Municipality Kindergarten", "id": "osm-node-10275431357", "osm_type": "node", "osm_id": 10275431357, "category": "school", "source": "OpenStreetMap (ODbL)"}, "geometry": {"type": "Point", "coordinates": [76.0514802, 11.78409]}}, {"type": "Feature", "id": 10303889812, "properties": {"amenity": "community_centre", "name": "Samskarika Nilayam", "id": "osm-node-10303889812", "osm_type": "node", "osm_id": 10303889812, "category": "community", "source": "OpenStreetMap (ODbL)"}, "geometry": {"type": "Point", "coordinates": [76.0543644, 11.7820641]}}, {"type": "Feature", "id": 10303960778, "properties": {"name": "District Lottary Office", "office": "government", "id": "osm-node-10303960778", "osm_type": "node", "osm_id": 10303960778, "category": "government", "source": "OpenStreetMap (ODbL)"}, "geometry": {"type": "Point", "coordinates": [76.0281511, 11.8005895]}}, {"type": "Feature", "id": 10304097070, "properties": {"name": "Nirmithi Regional Engineer Office", "office": "government", "id": "osm-node-10304097070", "osm_type": "node", "osm_id": 10304097070, "category": "government", "source": "OpenStreetMap (ODbL)"}, "geometry": {"type": "Point", "coordinates": [76.031852, 11.8021402]}}, {"type": "Feature", "id": 10304098653, "properties": {"name": "Bamboo Corporation", "office": "government", "id": "osm-node-10304098653", "osm_type": "node", "osm_id": 10304098653, "category": "government", "source": "OpenStreetMap (ODbL)"}, "geometry": {"type": "Point", "coordinates": [76.0310976, 11.8021544]}}, {"type": "Feature", "id": 10304271483, "properties": {"amenity": "social_facility", "name": "Shelter Home", "id": "osm-node-10304271483", "osm_type": "node", "osm_id": 10304271483, "category": "community", "source": "OpenStreetMap (ODbL)"}, "geometry": {"type": "Point", "coordinates": [76.0233498, 11.8012825]}}, {"type": "Feature", "id": 10304281266, "properties": {"name": "Agro Clinic", "office": "government", "id": "osm-node-10304281266", "osm_type": "node", "osm_id": 10304281266, "category": "government", "source": "OpenStreetMap (ODbL)"}, "geometry": {"type": "Point", "coordinates": [76.0245136, 11.7955897]}}, {"type": "Feature", "id": 10307999887, "properties": {"amenity": "community_centre", "name": "Samskarikanilayam", "id": "osm-node-10307999887", "osm_type": "node", "osm_id": 10307999887, "category": "community", "source": "OpenStreetMap (ODbL)"}, "geometry": {"type": "Point", "coordinates": [76.0111514, 11.7897953]}}, {"type": "Feature", "id": 10308014821, "properties": {"amenity": "social_facility", "name": "Aans Bhavan", "id": "osm-node-10308014821", "osm_type": "node", "osm_id": 10308014821, "category": "community", "source": "OpenStreetMap (ODbL)"}, "geometry": {"type": "Point", "coordinates": [76.0158181, 11.78247]}}, {"type": "Feature", "id": 10308228213, "properties": {"name": "Soil Testing Lab", "office": "government", "id": "osm-node-10308228213", "osm_type": "node", "osm_id": 10308228213, "category": "government", "source": "OpenStreetMap (ODbL)"}, "geometry": {"type": "Point", "coordinates": [76.0030011, 11.793188]}}, {"type": "Feature", "id": 10308231570, "properties": {"name": "Water Authority", "office": "government", "id": "osm-node-10308231570", "osm_type": "node", "osm_id": 10308231570, "category": "government", "source": "OpenStreetMap (ODbL)"}, "geometry": {"type": "Point", "coordinates": [75.9990664, 11.8001581]}}, {"type": "Feature", "id": 10312435189, "properties": {"name": "Exice Janamytri Office", "office": "government", "id": "osm-node-10312435189", "osm_type": "node", "osm_id": 10312435189, "category": "government", "source": "OpenStreetMap (ODbL)"}, "geometry": {"type": "Point", "coordinates": [76.0030002, 11.8146185]}}, {"type": "Feature", "id": 10312457358, "properties": {"name": "Tribal Development Office", "office": "government", "id": "osm-node-10312457358", "osm_type": "node", "osm_id": 10312457358, "category": "government", "source": "OpenStreetMap (ODbL)"}, "geometry": {"type": "Point", "coordinates": [76.0041339, 11.7965659]}}, {"type": "Feature", "id": 10312457802, "properties": {"name": "Sub Treasury", "office": "government", "id": "osm-node-10312457802", "osm_type": "node", "osm_id": 10312457802, "category": "government", "source": "OpenStreetMap (ODbL)"}, "geometry": {"type": "Point", "coordinates": [76.004194, 11.795375]}}, {"type": "Feature", "id": 10312495213, "properties": {"name": "Stamp Depot", "office": "government", "id": "osm-node-10312495213", "osm_type": "node", "osm_id": 10312495213, "category": "government", "source": "OpenStreetMap (ODbL)"}, "geometry": {"type": "Point", "coordinates": [76.0042155, 11.7954301]}}, {"type": "Feature", "id": 10312504312, "properties": {"amenity": "community_centre", "name": "Samskarikanilayam", "id": "osm-node-10312504312", "osm_type": "node", "osm_id": 10312504312, "category": "community", "source": "OpenStreetMap (ODbL)"}, "geometry": {"type": "Point", "coordinates": [75.9940361, 11.8008081]}}, {"type": "Feature", "id": 10312571530, "properties": {"name": "Krishi Bhavan", "office": "government", "id": "osm-node-10312571530", "osm_type": "node", "osm_id": 10312571530, "category": "government", "source": "OpenStreetMap (ODbL)"}, "geometry": {"type": "Point", "coordinates": [76.0045914, 11.8105169]}}, {"type": "Feature", "id": 10312636728, "properties": {"amenity": "community_centre", "name": "Community Hall", "id": "osm-node-10312636728", "osm_type": "node", "osm_id": 10312636728, "category": "community", "source": "OpenStreetMap (ODbL)"}, "geometry": {"type": "Point", "coordinates": [75.9837809, 11.8111969]}}, {"type": "Feature", "id": 10312638161, "properties": {"name": "Coffee Board", "office": "government", "id": "osm-node-10312638161", "osm_type": "node", "osm_id": 10312638161, "category": "government", "source": "OpenStreetMap (ODbL)"}, "geometry": {"type": "Point", "coordinates": [75.9804912, 11.8171351]}}, {"type": "Feature", "id": 10312701365, "properties": {"amenity": "school", "name": "BUDS School", "id": "osm-node-10312701365", "osm_type": "node", "osm_id": 10312701365, "category": "school", "source": "OpenStreetMap (ODbL)"}, "geometry": {"type": "Point", "coordinates": [75.992826, 11.8321764]}}, {"type": "Feature", "id": 10312720698, "properties": {"amenity": "community_centre", "name": "Samskarikanilayam", "id": "osm-node-10312720698", "osm_type": "node", "osm_id": 10312720698, "category": "community", "source": "OpenStreetMap (ODbL)"}, "geometry": {"type": "Point", "coordinates": [75.9817739, 11.832524]}}, {"type": "Feature", "id": 10730971743, "properties": {"ele": "1613", "name": "Brahmagiri", "natural": "peak", "id": "osm-node-10730971743", "osm_type": "node", "osm_id": 10730971743, "category": "peak", "source": "OpenStreetMap (ODbL)"}, "geometry": {"type": "Point", "coordinates": [75.9943489, 11.9321326]}}, {"type": "Feature", "id": 10750582920, "properties": {"amenity": "place_of_worship", "name": "AP Mosque", "religion": "muslim", "id": "osm-node-10750582920", "osm_type": "node", "osm_id": 10750582920, "category": "religious", "source": "OpenStreetMap (ODbL)"}, "geometry": {"type": "Point", "coordinates": [75.9387696, 11.7186267]}}, {"type": "Feature", "id": 10945867708, "properties": {"amenity": "place_of_worship", "name": "jain temple", "religion": "jain", "id": "osm-node-10945867708", "osm_type": "node", "osm_id": 10945867708, "category": "religious", "source": "OpenStreetMap (ODbL)"}, "geometry": {"type": "Point", "coordinates": [76.0922391, 11.6244633]}}, {"type": "Feature", "id": 11024911793, "properties": {"name": "Karapuzha Dam", "operator": "Irrigation Design and Research Board", "waterway": "dam", "id": "osm-node-11024911793", "osm_type": "node", "osm_id": 11024911793, "category": "dam", "source": "OpenStreetMap (ODbL)"}, "geometry": {"type": "Point", "coordinates": [76.1739607, 11.618083]}}, {"type": "Feature", "id": 11043950405, "properties": {"name": "Muthanga Wildlife Sanctuary", "tourism": "attraction", "id": "osm-node-11043950405", "osm_type": "node", "osm_id": 11043950405, "category": "tourism", "source": "OpenStreetMap (ODbL)"}, "geometry": {"type": "Point", "coordinates": [76.3681632, 11.673781]}}, {"type": "Feature", "id": 11044640306, "properties": {"name": "Wayanad Wildlife Sanctuary", "tourism": "attraction", "website": "https://www.keralatourism.org/destination/wayanad-wildlife-sanctuary/283", "id": "osm-node-11044640306", "osm_type": "node", "osm_id": 11044640306, "category": "tourism", "source": "OpenStreetMap (ODbL)"}, "geometry": {"type": "Point", "coordinates": [76.2436909, 11.7645326]}}, {"type": "Feature", "id": 11044649105, "properties": {"name": "Tholpetty Wildlife Sanctuary", "tourism": "attraction", "website": "https://www.keralatourism.org/destination/tholpetty-wildlife-sanctuary/381", "id": "osm-node-11044649105", "osm_type": "node", "osm_id": 11044649105, "category": "tourism", "source": "OpenStreetMap (ODbL)"}, "geometry": {"type": "Point", "coordinates": [76.0599344, 11.9516864]}}, {"type": "Feature", "id": 11044761405, "properties": {"name": "Kanthanpara Waterfalls", "tourism": "attraction", "website": "https://www.keralatourism.org/destination/kanthanpara-waterfalls-kalpetta/558", "id": "osm-node-11044761405", "osm_type": "node", "osm_id": 11044761405, "category": "tourism", "source": "OpenStreetMap (ODbL)"}, "geometry": {"type": "Point", "coordinates": [76.1533937, 11.5098335]}}, {"type": "Feature", "id": 11160287105, "properties": {"name": "Chembra Trekking Starting Point", "tourism": "attraction", "id": "osm-node-11160287105", "osm_type": "node", "osm_id": 11160287105, "category": "tourism", "source": "OpenStreetMap (ODbL)"}, "geometry": {"type": "Point", "coordinates": [76.0832491, 11.5563005]}}, {"type": "Feature", "id": 11171415944, "properties": {"amenity": "place_of_worship", "name": "Sisters of Charity Vincent DePaul Residence", "religion": "christian", "id": "osm-node-11171415944", "osm_type": "node", "osm_id": 11171415944, "category": "religious", "source": "OpenStreetMap (ODbL)"}, "geometry": {"type": "Point", "coordinates": [76.0166747, 11.8142794]}}, {"type": "Feature", "id": 11350115530, "properties": {"amenity": "school", "name": "Anganavadi", "id": "osm-node-11350115530", "osm_type": "node", "osm_id": 11350115530, "category": "school", "source": "OpenStreetMap (ODbL)"}, "geometry": {"type": "Point", "coordinates": [76.1233008, 11.6222277]}}, {"type": "Feature", "id": 11683119687, "properties": {"amenity": "place_of_worship", "name": "Kurishadi", "religion": "christian", "id": "osm-node-11683119687", "osm_type": "node", "osm_id": 11683119687, "category": "religious", "source": "OpenStreetMap (ODbL)"}, "geometry": {"type": "Point", "coordinates": [76.0424995, 11.5526286]}}, {"type": "Feature", "id": 11765346563, "properties": {"amenity": "place_of_worship", "name": "Mukhavayal Athiralan Kshethram", "id": "osm-node-11765346563", "osm_type": "node", "osm_id": 11765346563, "category": "religious", "source": "OpenStreetMap (ODbL)"}, "geometry": {"type": "Point", "coordinates": [76.3451017, 11.6057709]}}, {"type": "Feature", "id": 12347717851, "properties": {"amenity": "college", "name": "NMSM Govt. College", "id": "osm-node-12347717851", "osm_type": "node", "osm_id": 12347717851, "category": "college", "source": "OpenStreetMap (ODbL)"}, "geometry": {"type": "Point", "coordinates": [76.0654101, 11.5917555]}}, {"type": "Feature", "id": 12348519217, "properties": {"name": "Glass Bridge", "tourism": "viewpoint", "id": "osm-node-12348519217", "osm_type": "node", "osm_id": 12348519217, "category": "tourism", "source": "OpenStreetMap (ODbL)"}, "geometry": {"type": "Point", "coordinates": [76.0276691, 11.5382521]}}, {"type": "Feature", "id": 12350910691, "properties": {"name": "Wayanad Floating Market", "tourism": "attraction", "id": "osm-node-12350910691", "osm_type": "node", "osm_id": 12350910691, "category": "tourism", "source": "OpenStreetMap (ODbL)"}, "geometry": {"type": "Point", "coordinates": [76.0223976, 11.5194602]}}, {"type": "Feature", "id": 12357491769, "properties": {"name": "Kurichyar Mala", "natural": "peak", "id": "osm-node-12357491769", "osm_type": "node", "osm_id": 12357491769, "category": "peak", "source": "OpenStreetMap (ODbL)"}, "geometry": {"type": "Point", "coordinates": [75.9620475, 11.5906123]}}, {"type": "Feature", "id": 12357491838, "properties": {"name": "Pookode Mala", "natural": "peak", "id": "osm-node-12357491838", "osm_type": "node", "osm_id": 12357491838, "category": "peak", "source": "OpenStreetMap (ODbL)"}, "geometry": {"type": "Point", "coordinates": [75.9807265, 11.5410424]}}, {"type": "Feature", "id": 12361547921, "properties": {"amenity": "shelter", "shelter_type": "picnic_shelter", "id": "osm-node-12361547921", "osm_type": "node", "osm_id": 12361547921, "category": "shelter_structure", "source": "OpenStreetMap (ODbL)"}, "geometry": {"type": "Point", "coordinates": [76.017737, 11.5287704]}}, {"type": "Feature", "id": 12958742802, "properties": {"name": "Employment Exchange", "office": "government", "id": "osm-node-12958742802", "osm_type": "node", "osm_id": 12958742802, "category": "government", "source": "OpenStreetMap (ODbL)"}, "geometry": {"type": "Point", "coordinates": [76.003091, 11.7958444]}}, {"type": "Feature", "id": 12958766101, "properties": {"name": "Legal Metrology Office", "office": "government", "id": "osm-node-12958766101", "osm_type": "node", "osm_id": 12958766101, "category": "government", "source": "OpenStreetMap (ODbL)"}, "geometry": {"type": "Point", "coordinates": [76.0030879, 11.7956165]}}, {"type": "Feature", "id": 12964193301, "properties": {"name": "Office of the Sub Registrar", "office": "government", "id": "osm-node-12964193301", "osm_type": "node", "osm_id": 12964193301, "category": "government", "source": "OpenStreetMap (ODbL)"}, "geometry": {"type": "Point", "coordinates": [75.9511781, 11.7342166]}}, {"type": "Feature", "id": 13046490503, "properties": {"amenity": "place_of_worship", "name": "Chulika Krishna Temple", "religion": "hindu", "id": "osm-node-13046490503", "osm_type": "node", "osm_id": 13046490503, "category": "religious", "source": "OpenStreetMap (ODbL)"}, "geometry": {"type": "Point", "coordinates": [76.1288772, 11.5325481]}}, {"type": "Feature", "id": 13185261958, "properties": {"amenity": "shelter", "name": "Onamile Bus stop", "shelter_type": "public_transport", "id": "osm-node-13185261958", "osm_type": "node", "osm_id": 13185261958, "category": "shelter_structure", "source": "OpenStreetMap (ODbL)"}, "geometry": {"type": "Point", "coordinates": [76.2532368, 11.6819856]}}, {"type": "Feature", "id": 13621217102, "properties": {"addr:city": "Wayanad", "name": "2024 Wayanad landslides", "tourism": "attraction", "id": "osm-node-13621217102", "osm_type": "node", "osm_id": 13621217102, "category": "tourism", "source": "OpenStreetMap (ODbL)"}, "geometry": {"type": "Point", "coordinates": [76.23267, 11.78178]}}, {"type": "Feature", "id": 13649504269, "properties": {"addr:city": "Meppadi", "addr:district": "Wayanad", "name": "Wayanad Twin Tunnel", "operator": "Kerala Government", "tourism": "attraction", "id": "osm-node-13649504269", "osm_type": "node", "osm_id": 13649504269, "category": "tourism", "source": "OpenStreetMap (ODbL)"}, "geometry": {"type": "Point", "coordinates": [76.1333797, 11.5219216]}}, {"type": "Feature", "id": 13681439351, "properties": {"addr:city": "Meppadi", "addr:district": "Wayanad", "name": "Meppadi Tunnel", "operator": "Kerala Government", "tourism": "attraction", "id": "osm-node-13681439351", "osm_type": "node", "osm_id": 13681439351, "category": "tourism", "source": "OpenStreetMap (ODbL)"}, "geometry": {"type": "Point", "coordinates": [76.1334262, 11.5218463]}}, {"type": "Feature", "id": 13953155901, "properties": {"name": "Alphonsa Statue", "tourism": "attraction", "id": "osm-node-13953155901", "osm_type": "node", "osm_id": 13953155901, "category": "tourism", "source": "OpenStreetMap (ODbL)"}, "geometry": {"type": "Point", "coordinates": [76.2799237, 11.6583077]}}, {"type": "Feature", "id": 13953172201, "properties": {"amenity": "college", "name": "Alphonsa college gate", "id": "osm-node-13953172201", "osm_type": "node", "osm_id": 13953172201, "category": "college", "source": "OpenStreetMap (ODbL)"}, "geometry": {"type": "Point", "coordinates": [76.2800553, 11.6581415]}}, {"type": "Feature", "id": 14137354902, "properties": {"amenity": "place_of_worship", "name": "Hodayathul Islam Masjid", "religion": "muslim", "id": "osm-node-14137354902", "osm_type": "node", "osm_id": 14137354902, "category": "religious", "source": "OpenStreetMap (ODbL)"}, "geometry": {"type": "Point", "coordinates": [75.8407614, 11.7401847]}}, {"type": "Feature", "id": 14144551128, "properties": {"amenity": "college", "name": "Seminar Hall (B-202)", "operator": "CSE Department", "id": "osm-node-14144551128", "osm_type": "node", "osm_id": 14144551128, "category": "college", "source": "OpenStreetMap (ODbL)"}, "geometry": {"type": "Point", "coordinates": [75.9698695, 11.8337096]}}, {"type": "Feature", "id": 14144551129, "properties": {"amenity": "college", "name": "Classroom B-204", "operator": "CSE Department", "id": "osm-node-14144551129", "osm_type": "node", "osm_id": 14144551129, "category": "college", "source": "OpenStreetMap (ODbL)"}, "geometry": {"type": "Point", "coordinates": [75.9699994, 11.8336159]}}, {"type": "Feature", "id": 14144551130, "properties": {"amenity": "college", "name": "Virtual Classroom (B-205)", "operator": "CSE Department", "operator:type": "government", "id": "osm-node-14144551130", "osm_type": "node", "osm_id": 14144551130, "category": "college", "source": "OpenStreetMap (ODbL)"}, "geometry": {"type": "Point", "coordinates": [75.9700607, 11.8336484]}}, {"type": "Feature", "id": 14144551131, "properties": {"amenity": "university", "name": "Faculty Room (B-206)", "operator": "CSE Department", "operator:type": "government", "id": "osm-node-14144551131", "osm_type": "node", "osm_id": 14144551131, "category": "college", "source": "OpenStreetMap (ODbL)"}, "geometry": {"type": "Point", "coordinates": [75.9702139, 11.8336333]}}, {"type": "Feature", "id": 14144551132, "properties": {"amenity": "college", "name": "Faculty Room (B-207)", "operator": "CSE Department", "operator:type": "government", "id": "osm-node-14144551132", "osm_type": "node", "osm_id": 14144551132, "category": "college", "source": "OpenStreetMap (ODbL)"}, "geometry": {"type": "Point", "coordinates": [75.9702646, 11.8336304]}}, {"type": "Feature", "id": 14144551133, "properties": {"amenity": "college", "name": "HOD CSE (B-208)", "operator": "CSE Department", "operator:type": "government", "id": "osm-node-14144551133", "osm_type": "node", "osm_id": 14144551133, "category": "college", "source": "OpenStreetMap (ODbL)"}, "geometry": {"type": "Point", "coordinates": [75.9703224, 11.8336279]}}, {"type": "Feature", "id": 14144551134, "properties": {"amenity": "college", "name": "N/W Switching Center (B-209)", "operator": "CSE Department", "operator:type": "government", "id": "osm-node-14144551134", "osm_type": "node", "osm_id": 14144551134, "category": "college", "source": "OpenStreetMap (ODbL)"}, "geometry": {"type": "Point", "coordinates": [75.9703668, 11.8336395]}}, {"type": "Feature", "id": 14144551135, "properties": {"amenity": "college", "name": "Security Lab (B-210)", "id": "osm-node-14144551135", "osm_type": "node", "osm_id": 14144551135, "category": "college", "source": "OpenStreetMap (ODbL)"}, "geometry": {"type": "Point", "coordinates": [75.9704031, 11.8336381]}}, {"type": "Feature", "id": 14144551136, "properties": {"amenity": "college", "name": "Network Lab (B-211)", "operator": "CSE Department", "operator:type": "government", "id": "osm-node-14144551136", "osm_type": "node", "osm_id": 14144551136, "category": "college", "source": "OpenStreetMap (ODbL)"}, "geometry": {"type": "Point", "coordinates": [75.9704264, 11.8336831]}}, {"type": "Feature", "id": 14144643166, "properties": {"amenity": "college", "name": "Faculty Room CSE", "operator": "CSE Department", "operator:type": "government", "id": "osm-node-14144643166", "osm_type": "node", "osm_id": 14144643166, "category": "college", "source": "OpenStreetMap (ODbL)"}, "geometry": {"type": "Point", "coordinates": [75.9701255, 11.8335705]}}, {"type": "Feature", "id": 14144649521, "properties": {"amenity": "college", "name": "Hardware Lab (B-102)", "operator": "CSE Department", "operator:type": "government", "id": "osm-node-14144649521", "osm_type": "node", "osm_id": 14144649521, "category": "college", "source": "OpenStreetMap (ODbL)"}, "geometry": {"type": "Point", "coordinates": [75.9698566, 11.8338117]}}, {"type": "Feature", "id": 14144649522, "properties": {"amenity": "college", "name": "Multi Media Lab", "operator": "CSE Department", "operator:type": "government", "id": "osm-node-14144649522", "osm_type": "node", "osm_id": 14144649522, "category": "college", "source": "OpenStreetMap (ODbL)"}, "geometry": {"type": "Point", "coordinates": [75.9698554, 11.8337479]}}, {"type": "Feature", "id": 14144649523, "properties": {"amenity": "college", "name": "Content Generation Lab (B-103)", "operator": "CSE Department", "operator:type": "government", "id": "osm-node-14144649523", "osm_type": "node", "osm_id": 14144649523, "category": "college", "source": "OpenStreetMap (ODbL)"}, "geometry": {"type": "Point", "coordinates": [75.969853, 11.8336841]}}, {"type": "Feature", "id": 14144649524, "properties": {"amenity": "college", "name": "Classroom B3-104", "operator": "CSE Department", "id": "osm-node-14144649524", "osm_type": "node", "osm_id": 14144649524, "category": "college", "source": "OpenStreetMap (ODbL)"}, "geometry": {"type": "Point", "coordinates": [75.9699986, 11.8336317]}}, {"type": "Feature", "id": 14144649525, "properties": {"amenity": "college", "name": "Classroom B3-105", "operator": "CSE Department", "id": "osm-node-14144649525", "osm_type": "node", "osm_id": 14144649525, "category": "college", "source": "OpenStreetMap (ODbL)"}, "geometry": {"type": "Point", "coordinates": [75.9700397, 11.8336395]}}, {"type": "Feature", "id": 14144649526, "properties": {"amenity": "college", "name": "Language Lab (B106)", "operator": "CSE Department", "operator:type": "government", "id": "osm-node-14144649526", "osm_type": "node", "osm_id": 14144649526, "category": "college", "source": "OpenStreetMap (ODbL)"}, "geometry": {"type": "Point", "coordinates": [75.9702109, 11.8336046]}}, {"type": "Feature", "id": 14144649527, "properties": {"amenity": "college", "name": "Department Library (B-107)", "operator": "CSE Department", "operator:type": "government", "id": "osm-node-14144649527", "osm_type": "node", "osm_id": 14144649527, "category": "college", "source": "OpenStreetMap (ODbL)"}, "geometry": {"type": "Point", "coordinates": [75.970265, 11.8336008]}}, {"type": "Feature", "id": 14144649528, "properties": {"amenity": "college", "name": "Professor CSE (B108)", "operator": "CSE Department", "operator:type": "government", "id": "osm-node-14144649528", "osm_type": "node", "osm_id": 14144649528, "category": "college", "source": "OpenStreetMap (ODbL)"}, "geometry": {"type": "Point", "coordinates": [75.9703206, 11.8336008]}}, {"type": "Feature", "id": 14144649529, "properties": {"amenity": "college", "name": "Faculty Room Applied (B109)", "operator": "CSE Department", "operator:type": "government", "id": "osm-node-14144649529", "osm_type": "node", "osm_id": 14144649529, "category": "college", "source": "OpenStreetMap (ODbL)"}, "geometry": {"type": "Point", "coordinates": [75.9703719, 11.8336296]}}, {"type": "Feature", "id": 14144649530, "properties": {"amenity": "college", "name": "Project Lab (B-103)", "operator": "CSE Department", "operator:type": "government", "id": "osm-node-14144649530", "osm_type": "node", "osm_id": 14144649530, "category": "college", "source": "OpenStreetMap (ODbL)"}, "geometry": {"type": "Point", "coordinates": [75.9704216, 11.833632]}}, {"type": "Feature", "id": 14144649531, "properties": {"amenity": "college", "name": "Software Lab (B-111)", "operator": "CSE Department", "operator:type": "government", "id": "osm-node-14144649531", "osm_type": "node", "osm_id": 14144649531, "category": "college", "source": "OpenStreetMap (ODbL)"}, "geometry": {"type": "Point", "coordinates": [75.9704288, 11.8337248]}}, {"type": "Feature", "id": 14148210791, "properties": {"amenity": "college", "name": "Record Room", "operator": "ECE Department", "operator:type": "government", "id": "osm-node-14148210791", "osm_type": "node", "osm_id": 14148210791, "category": "college", "source": "OpenStreetMap (ODbL)"}, "geometry": {"type": "Point", "coordinates": [75.9698413, 11.8338753]}}, {"type": "Feature", "id": 14148218596, "properties": {"amenity": "college", "name": "Digital Electronics Lab (B-302)", "operator": "ECE Department", "operator:type": "government", "id": "osm-node-14148218596", "osm_type": "node", "osm_id": 14148218596, "category": "college", "source": "OpenStreetMap (ODbL)"}, "geometry": {"type": "Point", "coordinates": [75.9698567, 11.8338205]}}, {"type": "Feature", "id": 14148234098, "properties": {"amenity": "college", "name": "Communication Engineering Lab(B-303)", "operator": "CSE Department", "operator:type": "government", "id": "osm-node-14148234098", "osm_type": "node", "osm_id": 14148234098, "category": "college", "source": "OpenStreetMap (ODbL)"}, "geometry": {"type": "Point", "coordinates": [75.9698554, 11.8337571]}}, {"type": "Feature", "id": 14148237987, "properties": {"amenity": "college", "name": "Classroom B-304", "operator": "ECE Department", "operator:type": "government", "id": "osm-node-14148237987", "osm_type": "node", "osm_id": 14148237987, "category": "college", "source": "OpenStreetMap (ODbL)"}, "geometry": {"type": "Point", "coordinates": [75.9700016, 11.8336488]}}, {"type": "Feature", "id": 14148246176, "properties": {"amenity": "college", "name": "Faculty Room B3-305", "operator": "ECE Department", "operator:type": "government", "id": "osm-node-14148246176", "osm_type": "node", "osm_id": 14148246176, "category": "college", "source": "OpenStreetMap (ODbL)"}, "geometry": {"type": "Point", "coordinates": [75.9700431, 11.8336519]}}, {"type": "Feature", "id": 14148251509, "properties": {"amenity": "college", "name": "Faculty Room ECE", "operator": "ECE Department", "operator:type": "government", "id": "osm-node-14148251509", "osm_type": "node", "osm_id": 14148251509, "category": "college", "source": "OpenStreetMap (ODbL)"}, "geometry": {"type": "Point", "coordinates": [75.9701317, 11.8335703]}}, {"type": "Feature", "id": 14148268696, "properties": {"amenity": "college", "name": "Classroom B-308", "operator": "ECE Department", "operator:type": "government", "id": "osm-node-14148268696", "osm_type": "node", "osm_id": 14148268696, "category": "college", "source": "OpenStreetMap (ODbL)"}, "geometry": {"type": "Point", "coordinates": [75.9702114, 11.8336236]}}, {"type": "Feature", "id": 14148268697, "properties": {"amenity": "college", "name": "Classroom B-307", "operator": "ECE Department", "operator:type": "government", "id": "osm-node-14148268697", "osm_type": "node", "osm_id": 14148268697, "category": "college", "source": "OpenStreetMap (ODbL)"}, "geometry": {"type": "Point", "coordinates": [75.9702636, 11.8336159]}}, {"type": "Feature", "id": 14148268698, "properties": {"amenity": "college", "name": "HOD ECE (B-308)", "operator": "ECE Department", "operator:type": "government", "id": "osm-node-14148268698", "osm_type": "node", "osm_id": 14148268698, "category": "college", "source": "OpenStreetMap (ODbL)"}, "geometry": {"type": "Point", "coordinates": [75.9703228, 11.8336172]}}, {"type": "Feature", "id": 14148269056, "properties": {"amenity": "college", "name": "Digital Signal Processing Lab (B-310)", "operator": "ECE Department", "operator:type": "government", "id": "osm-node-14148269056", "osm_type": "node", "osm_id": 14148269056, "category": "college", "source": "OpenStreetMap (ODbL)"}, "geometry": {"type": "Point", "coordinates": [75.9704102, 11.8336264]}}, {"type": "Feature", "id": 14148269057, "properties": {"amenity": "college", "name": "Design and automation Lab (B-311)", "operator": "ECE Department", "operator:type": "government", "id": "osm-node-14148269057", "osm_type": "node", "osm_id": 14148269057, "category": "college", "source": "OpenStreetMap (ODbL)"}, "geometry": {"type": "Point", "coordinates": [75.9704283, 11.8337031]}}, {"type": "Feature", "id": 14148269058, "properties": {"amenity": "college", "name": "Ladies Amenity Room (B-312)", "operator": "ECE Department", "operator:type": "government", "id": "osm-node-14148269058", "osm_type": "node", "osm_id": 14148269058, "category": "college", "source": "OpenStreetMap (ODbL)"}, "geometry": {"type": "Point", "coordinates": [75.9704437, 11.8338204]}}, {"type": "Feature", "id": 14155816705, "properties": {"amenity": "college", "name": "Electronics Circuits Lab(B-410)", "operator": "ECE Department", "operator:type": "government", "id": "osm-node-14155816705", "osm_type": "node", "osm_id": 14155816705, "category": "college", "source": "OpenStreetMap (ODbL)"}, "geometry": {"type": "Point", "coordinates": [75.9704248, 11.8336636]}}, {"type": "Feature", "id": 14155816706, "properties": {"amenity": "college", "name": "Linear Integrated Circuits Lab(B-411)", "operator": "ECE department", "operator:type": "government", "id": "osm-node-14155816706", "osm_type": "node", "osm_id": 14155816706, "category": "college", "source": "OpenStreetMap (ODbL)"}, "geometry": {"type": "Point", "coordinates": [75.9704302, 11.8337461]}}, {"type": "Feature", "id": 14155816707, "properties": {"amenity": "college", "name": "classroom B-406", "operator": "ECE Department", "operator:type": "government", "id": "osm-node-14155816707", "osm_type": "node", "osm_id": 14155816707, "category": "college", "source": "OpenStreetMap (ODbL)"}, "geometry": {"type": "Point", "coordinates": [75.9702151, 11.8336511]}}, {"type": "Feature", "id": 14155816708, "properties": {"amenity": "college", "name": "Department Library(B -407)", "operator": "ECE Department", "operator:type": "government", "id": "osm-node-14155816708", "osm_type": "node", "osm_id": 14155816708, "category": "college", "source": "OpenStreetMap (ODbL)"}, "geometry": {"type": "Point", "coordinates": [75.9702653, 11.8336477]}}, {"type": "Feature", "id": 14155816709, "properties": {"amenity": "college", "name": "Faculty room (B-408)", "operator": "ECE Department", "operator:type": "government", "id": "osm-node-14155816709", "osm_type": "node", "osm_id": 14155816709, "category": "college", "source": "OpenStreetMap (ODbL)"}, "geometry": {"type": "Point", "coordinates": [75.9703201, 11.8336466]}}, {"type": "Feature", "id": 14155816710, "properties": {"amenity": "college", "name": "Record /Maintenance Room(B-409)", "operator": "ECE Department", "operator:type": "government", "id": "osm-node-14155816710", "osm_type": "node", "osm_id": 14155816710, "category": "college", "source": "OpenStreetMap (ODbL)"}, "geometry": {"type": "Point", "coordinates": [75.9703737, 11.833619]}}, {"type": "Feature", "id": 14155816711, "properties": {"amenity": "college", "name": "Ladies Aminity Room(B-212)", "operator": "CSE department", "operator:type": "government", "id": "osm-node-14155816711", "osm_type": "node", "osm_id": 14155816711, "category": "college", "source": "OpenStreetMap (ODbL)"}, "geometry": {"type": "Point", "coordinates": [75.9704488, 11.8338008]}}, {"type": "Feature", "id": 14155816712, "properties": {"amenity": "college", "name": "classroom (B-405)", "operator": "ECE Department", "operator:type": "government", "id": "osm-node-14155816712", "osm_type": "node", "osm_id": 14155816712, "category": "college", "source": "OpenStreetMap (ODbL)"}, "geometry": {"type": "Point", "coordinates": [75.9700384, 11.8336223]}}, {"type": "Feature", "id": 14155816713, "properties": {"amenity": "college", "name": "Classroom(B-404)", "operator": "ECE Department", "operator:type": "government", "id": "osm-node-14155816713", "osm_type": "node", "osm_id": 14155816713, "category": "college", "source": "OpenStreetMap (ODbL)"}, "geometry": {"type": "Point", "coordinates": [75.9700073, 11.8336638]}}, {"type": "Feature", "id": 14155816714, "properties": {"amenity": "college", "name": "ASAP Hall(B-403)", "operator": "ECE Department", "operator:type": "government", "id": "osm-node-14155816714", "osm_type": "node", "osm_id": 14155816714, "category": "college", "source": "OpenStreetMap (ODbL)"}, "geometry": {"type": "Point", "coordinates": [75.9699198, 11.8336522]}}, {"type": "Feature", "id": 14155816715, "properties": {"amenity": "college", "name": "Seminar Hall(B-402)", "operator": "ECE Department", "operator:type": "government", "id": "osm-node-14155816715", "osm_type": "node", "osm_id": 14155816715, "category": "college", "source": "OpenStreetMap (ODbL)"}, "geometry": {"type": "Point", "coordinates": [75.9698876, 11.833629]}}, {"type": "Feature", "id": 14182421140, "properties": {"amenity": "college", "name": "Reprographic Centre", "operator": "PTA", "operator:type": "government", "id": "osm-node-14182421140", "osm_type": "node", "osm_id": 14182421140, "category": "college", "source": "OpenStreetMap (ODbL)"}, "geometry": {"type": "Point", "coordinates": [75.9701476, 11.8333196]}}, {"type": "Feature", "id": 14191176442, "properties": {"amenity": "college", "name": "classroom(A-407)", "operator": "ECE DEPARTMENT", "operator:type": "government", "id": "osm-node-14191176442", "osm_type": "node", "osm_id": 14191176442, "category": "college", "source": "OpenStreetMap (ODbL)"}, "geometry": {"type": "Point", "coordinates": [75.9702333, 11.8333168]}}, {"type": "Feature", "id": 14191176443, "properties": {"amenity": "college", "name": "classroom(A-408)", "operator": "EEE Department", "operator:type": "government", "id": "osm-node-14191176443", "osm_type": "node", "osm_id": 14191176443, "category": "college", "source": "OpenStreetMap (ODbL)"}, "geometry": {"type": "Point", "coordinates": [75.9703385, 11.8332923]}}, {"type": "Feature", "id": 14191176444, "properties": {"amenity": "college", "name": "classroom (A-403)", "operator": "ME Department", "operator:type": "government", "id": "osm-node-14191176444", "osm_type": "node", "osm_id": 14191176444, "category": "college", "source": "OpenStreetMap (ODbL)"}, "geometry": {"type": "Point", "coordinates": [75.9700401, 11.8333171]}}, {"type": "Feature", "id": 14191176445, "properties": {"amenity": "college", "name": "classroom (A-402)", "operator:type": "government", "id": "osm-node-14191176445", "osm_type": "node", "osm_id": 14191176445, "category": "college", "source": "OpenStreetMap (ODbL)"}, "geometry": {"type": "Point", "coordinates": [75.9699601, 11.8333307]}}, {"type": "Feature", "id": 14191176446, "properties": {"amenity": "college", "name": "Classroom (A-401)", "operator": "ME Department", "operator:type": "government", "id": "osm-node-14191176446", "osm_type": "node", "osm_id": 14191176446, "category": "college", "source": "OpenStreetMap (ODbL)"}, "geometry": {"type": "Point", "coordinates": [75.9698922, 11.8333053]}}, {"type": "Feature", "id": 34416323, "properties": {"building": "yes", "layer": "1", "name": "Civil Station", "office": "government", "id": "osm-way-34416323", "osm_type": "way", "osm_id": 34416323, "category": "government", "source": "OpenStreetMap (ODbL)"}, "geometry": {"type": "Point", "coordinates": [76.0887963, 11.6262906]}}, {"type": "Feature", "id": 142761196, "properties": {"amenity": "place_of_worship", "building": "yes", "name": "Thirunelli Vishnu Kshetram", "religion": "hindu", "wikidata": "Q7785405", "id": "osm-way-142761196", "osm_type": "way", "osm_id": 142761196, "category": "religious", "source": "OpenStreetMap (ODbL)"}, "geometry": {"type": "Point", "coordinates": [75.9958448, 11.9116948]}}, {"type": "Feature", "id": 159119566, "properties": {"highway": "service", "name": "Banasurasagar Project", "operator": "Kerala Irrigation Department", "waterway": "dam", "wikidata": "Q3532983", "wikipedia": "en:Banasura Sagar Dam", "id": "osm-way-159119566", "osm_type": "way", "osm_id": 159119566, "category": "dam", "source": "OpenStreetMap (ODbL)"}, "geometry": {"type": "Point", "coordinates": [75.9550591, 11.6709245]}}, {"type": "Feature", "id": 159119573, "properties": {"bridge": "yes", "layer": "1", "name": "Banasura Sagar Dam", "waterway": "dam", "id": "osm-way-159119573", "osm_type": "way", "osm_id": 159119573, "category": "dam", "source": "OpenStreetMap (ODbL)"}, "geometry": {"type": "Point", "coordinates": [75.9191026, 11.5988092]}}, {"type": "Feature", "id": 253268857, "properties": {"addr:city": "Peechamkode", "amenity": "hospital", "healthcare": "hospital", "name": "Community Health Center Porunnanore", "operator": "Department of Health Services", "operator:type": "government", "id": "osm-way-253268857", "osm_type": "way", "osm_id": 253268857, "category": "hospital", "source": "OpenStreetMap (ODbL)"}, "geometry": {"type": "Point", "coordinates": [76.0048125, 11.7511393]}}, {"type": "Feature", "id": 257229075, "properties": {"amenity": "school", "building": "yes", "building:levels": "2", "name": "Little Flower U. P. School", "id": "osm-way-257229075", "osm_type": "way", "osm_id": 257229075, "category": "school", "source": "OpenStreetMap (ODbL)"}, "geometry": {"type": "Point", "coordinates": [76.0052409, 11.7994157]}}, {"type": "Feature", "id": 257229076, "properties": {"amenity": "school", "building": "yes", "name": "Little Flower U. P. School", "id": "osm-way-257229076", "osm_type": "way", "osm_id": 257229076, "category": "school", "source": "OpenStreetMap (ODbL)"}, "geometry": {"type": "Point", "coordinates": [76.0052208, 11.7991006]}}, {"type": "Feature", "id": 257229080, "properties": {"amenity": "school", "building": "yes", "building:levels": "1", "name": "Little Flower U. P. School", "id": "osm-way-257229080", "osm_type": "way", "osm_id": 257229080, "category": "school", "source": "OpenStreetMap (ODbL)"}, "geometry": {"type": "Point", "coordinates": [76.0049576, 11.7992136]}}, {"type": "Feature", "id": 257229105, "properties": {"building": "yes", "building:levels": "3", "name": "Mini Civil Station", "office": "government", "id": "osm-way-257229105", "osm_type": "way", "osm_id": 257229105, "category": "government", "source": "OpenStreetMap (ODbL)"}, "geometry": {"type": "Point", "coordinates": [76.0031087, 11.7957119]}}, {"type": "Feature", "id": 257229106, "properties": {"amenity": "police", "building": "yes", "name": "Police Station,Mananthavady", "id": "osm-way-257229106", "osm_type": "way", "osm_id": 257229106, "category": "police", "source": "OpenStreetMap (ODbL)"}, "geometry": {"type": "Point", "coordinates": [76.0038427, 11.797173]}}, {"type": "Feature", "id": 257229108, "properties": {"amenity": "place_of_worship", "building": "yes", "name": "CSI", "religion": "christian", "id": "osm-way-257229108", "osm_type": "way", "osm_id": 257229108, "category": "religious", "source": "OpenStreetMap (ODbL)"}, "geometry": {"type": "Point", "coordinates": [76.0057296, 11.7980946]}}, {"type": "Feature", "id": 257229115, "properties": {"addr:city": "Mananthavady", "building": "yes", "government": "government", "name": "Mananthavady Municipal Office", "office": "government", "id": "osm-way-257229115", "osm_type": "way", "osm_id": 257229115, "category": "government", "source": "OpenStreetMap (ODbL)"}, "geometry": {"type": "Point", "coordinates": [76.0028097, 11.8019453]}}, {"type": "Feature", "id": 257229117, "properties": {"amenity": "townhall", "building": "yes", "name": "EK Nayanar Memorial Town Hall", "id": "osm-way-257229117", "osm_type": "way", "osm_id": 257229117, "category": "community", "source": "OpenStreetMap (ODbL)"}, "geometry": {"type": "Point", "coordinates": [76.0026228, 11.8032405]}}, {"type": "Feature", "id": 257315122, "properties": {"amenity": "place_of_worship", "building": "yes", "name": "Immaculate Conception Latin Church", "religion": "christian", "id": "osm-way-257315122", "osm_type": "way", "osm_id": 257315122, "category": "religious", "source": "OpenStreetMap (ODbL)"}, "geometry": {"type": "Point", "coordinates": [76.0047795, 11.802306]}}, {"type": "Feature", "id": 257315124, "properties": {"amenity": "place_of_worship", "building": "yes", "name": "Mananthavady Town Juma Masjid", "religion": "muslim", "id": "osm-way-257315124", "osm_type": "way", "osm_id": 257315124, "category": "religious", "source": "OpenStreetMap (ODbL)"}, "geometry": {"type": "Point", "coordinates": [76.0031299, 11.8018228]}}, {"type": "Feature", "id": 257315145, "properties": {"amenity": "place_of_worship", "building": "yes", "name": "Vaderi Shiva Temple", "religion": "hindu", "id": "osm-way-257315145", "osm_type": "way", "osm_id": 257315145, "category": "religious", "source": "OpenStreetMap (ODbL)"}, "geometry": {"type": "Point", "coordinates": [76.0129477, 11.801135]}}, {"type": "Feature", "id": 257315153, "properties": {"addr:district": "Wayanad", "amenity": "hospital", "building": "yes", "healthcare": "hospital", "name": "Jyothi Hospital", "id": "osm-way-257315153", "osm_type": "way", "osm_id": 257315153, "category": "hospital", "source": "OpenStreetMap (ODbL)"}, "geometry": {"type": "Point", "coordinates": [76.0009262, 11.7990901]}}, {"type": "Feature", "id": 257315159, "properties": {"amenity": "place_of_worship", "building": "yes", "name": "Thazhe Angadi Muthappan Madappura", "religion": "hindu", "id": "osm-way-257315159", "osm_type": "way", "osm_id": 257315159, "category": "religious", "source": "OpenStreetMap (ODbL)"}, "geometry": {"type": "Point", "coordinates": [75.9996435, 11.7963938]}}, {"type": "Feature", "id": 257315160, "properties": {"amenity": "place_of_worship", "building": "yes", "name": "Mariyamman Kovil", "religion": "hindu", "id": "osm-way-257315160", "osm_type": "way", "osm_id": 257315160, "category": "religious", "source": "OpenStreetMap (ODbL)"}, "geometry": {"type": "Point", "coordinates": [75.999684, 11.7968056]}}, {"type": "Feature", "id": 257315225, "properties": {"office": "government", "id": "osm-way-257315225", "osm_type": "way", "osm_id": 257315225, "category": "government", "source": "OpenStreetMap (ODbL)"}, "geometry": {"type": "Point", "coordinates": [76.0066244, 11.7978672]}}, {"type": "Feature", "id": 257315226, "properties": {"building": "yes", "name": "Tribal Development Office", "office": "government", "id": "osm-way-257315226", "osm_type": "way", "osm_id": 257315226, "category": "government", "source": "OpenStreetMap (ODbL)"}, "geometry": {"type": "Point", "coordinates": [76.0041275, 11.7966129]}}, {"type": "Feature", "id": 257315245, "properties": {"building": "yes", "name": "Taluk Office", "office": "government", "id": "osm-way-257315245", "osm_type": "way", "osm_id": 257315245, "category": "government", "source": "OpenStreetMap (ODbL)"}, "geometry": {"type": "Point", "coordinates": [76.0036542, 11.7956686]}}, {"type": "Feature", "id": 257315246, "properties": {"amenity": "police", "building": "yes", "name": "DySP Office", "id": "osm-way-257315246", "osm_type": "way", "osm_id": 257315246, "category": "police", "source": "OpenStreetMap (ODbL)"}, "geometry": {"type": "Point", "coordinates": [76.0041986, 11.79515]}}, {"type": "Feature", "id": 257315251, "properties": {"amenity": "college", "name": "Teacher's Training College", "id": "osm-way-257315251", "osm_type": "way", "osm_id": 257315251, "category": "college", "source": "OpenStreetMap (ODbL)"}, "geometry": {"type": "Point", "coordinates": [75.9989526, 11.8098841]}}, {"type": "Feature", "id": 257315252, "properties": {"amenity": "school", "building": "yes", "name": "Kaniyaram AUP School", "id": "osm-way-257315252", "osm_type": "way", "osm_id": 257315252, "category": "school", "source": "OpenStreetMap (ODbL)"}, "geometry": {"type": "Point", "coordinates": [75.9991699, 11.8097606]}}, {"type": "Feature", "id": 257320000, "properties": {"amenity": "school", "building": "yes", "id": "osm-way-257320000", "osm_type": "way", "osm_id": 257320000, "category": "school", "source": "OpenStreetMap (ODbL)"}, "geometry": {"type": "Point", "coordinates": [76.0025028, 11.7897229]}}, {"type": "Feature", "id": 257320001, "properties": {"amenity": "school", "building": "yes", "id": "osm-way-257320001", "osm_type": "way", "osm_id": 257320001, "category": "school", "source": "OpenStreetMap (ODbL)"}, "geometry": {"type": "Point", "coordinates": [76.0031252, 11.789882]}}, {"type": "Feature", "id": 257320002, "properties": {"amenity": "school", "building": "yes", "id": "osm-way-257320002", "osm_type": "way", "osm_id": 257320002, "category": "school", "source": "OpenStreetMap (ODbL)"}, "geometry": {"type": "Point", "coordinates": [76.0029524, 11.7898248]}}, {"type": "Feature", "id": 257320003, "properties": {"amenity": "school", "building": "yes", "id": "osm-way-257320003", "osm_type": "way", "osm_id": 257320003, "category": "school", "source": "OpenStreetMap (ODbL)"}, "geometry": {"type": "Point", "coordinates": [76.0033975, 11.790132]}}, {"type": "Feature", "id": 257320004, "properties": {"amenity": "school", "building": "yes", "id": "osm-way-257320004", "osm_type": "way", "osm_id": 257320004, "category": "school", "source": "OpenStreetMap (ODbL)"}, "geometry": {"type": "Point", "coordinates": [76.0031264, 11.7902146]}}, {"type": "Feature", "id": 257320005, "properties": {"amenity": "school", "building": "yes", "id": "osm-way-257320005", "osm_type": "way", "osm_id": 257320005, "category": "school", "source": "OpenStreetMap (ODbL)"}, "geometry": {"type": "Point", "coordinates": [76.0028491, 11.7901404]}}, {"type": "Feature", "id": 257320008, "properties": {"amenity": "school", "building": "yes", "id": "osm-way-257320008", "osm_type": "way", "osm_id": 257320008, "category": "school", "source": "OpenStreetMap (ODbL)"}, "geometry": {"type": "Point", "coordinates": [76.0024682, 11.7902117]}}, {"type": "Feature", "id": 257352704, "properties": {"addr:city": "Mananthavady", "government": "village_office", "name": "Village Office, Mananthavady", "office": "government", "phone": "+91-4935244570", "id": "osm-way-257352704", "osm_type": "way", "osm_id": 257352704, "category": "government", "source": "OpenStreetMap (ODbL)"}, "geometry": {"type": "Point", "coordinates": [76.0025427, 11.801778]}}, {"type": "Feature", "id": 257352759, "properties": {"name": "Sub Collector's Office", "office": "government", "id": "osm-way-257352759", "osm_type": "way", "osm_id": 257352759, "category": "government", "source": "OpenStreetMap (ODbL)"}, "geometry": {"type": "Point", "coordinates": [76.0047368, 11.8040254]}}, {"type": "Feature", "id": 257352761, "properties": {"amenity": "place_of_worship", "building": "yes", "name": "St: George Jacobite Syrian Church", "religion": "christian", "id": "osm-way-257352761", "osm_type": "way", "osm_id": 257352761, "category": "religious", "source": "OpenStreetMap (ODbL)"}, "geometry": {"type": "Point", "coordinates": [76.0076625, 11.7980554]}}, {"type": "Feature", "id": 257525367, "properties": {"amenity": "college", "name": "Cooperative College", "id": "osm-way-257525367", "osm_type": "way", "osm_id": 257525367, "category": "college", "source": "OpenStreetMap (ODbL)"}, "geometry": {"type": "Point", "coordinates": [76.0105598, 11.8039144]}}, {"type": "Feature", "id": 257525369, "properties": {"amenity": "place_of_worship", "building": "yes", "name": "Hanuman Kovil", "religion": "hindu", "id": "osm-way-257525369", "osm_type": "way", "osm_id": 257525369, "category": "religious", "source": "OpenStreetMap (ODbL)"}, "geometry": {"type": "Point", "coordinates": [75.999831, 11.7982125]}}, {"type": "Feature", "id": 257532519, "properties": {"building": "yes", "government": "register_office", "name": "Sub Registrar's Office, Mananthavady", "office": "government", "id": "osm-way-257532519", "osm_type": "way", "osm_id": 257532519, "category": "government", "source": "OpenStreetMap (ODbL)"}, "geometry": {"type": "Point", "coordinates": [76.001474, 11.8013506]}}, {"type": "Feature", "id": 257532521, "properties": {"amenity": "place_of_worship", "building": "yes", "name": "Malankara Orthodox", "religion": "christian", "id": "osm-way-257532521", "osm_type": "way", "osm_id": 257532521, "category": "religious", "source": "OpenStreetMap (ODbL)"}, "geometry": {"type": "Point", "coordinates": [76.010564, 11.8051812]}}, {"type": "Feature", "id": 257535811, "properties": {"amenity": "place_of_worship", "building": "yes", "name": "Thazhekavu", "religion": "hindu", "id": "osm-way-257535811", "osm_type": "way", "osm_id": 257535811, "category": "religious", "source": "OpenStreetMap (ODbL)"}, "geometry": {"type": "Point", "coordinates": [76.0298744, 11.8022479]}}, {"type": "Feature", "id": 257535813, "properties": {"amenity": "place_of_worship", "building": "yes", "name": "Valliyoorkavu", "religion": "hindu", "id": "osm-way-257535813", "osm_type": "way", "osm_id": 257535813, "category": "religious", "source": "OpenStreetMap (ODbL)"}, "geometry": {"type": "Point", "coordinates": [76.0298987, 11.804496]}}, {"type": "Feature", "id": 257535820, "properties": {"amenity": "place_of_worship", "building": "yes", "name": "Brahmasthanam", "religion": "hindu", "id": "osm-way-257535820", "osm_type": "way", "osm_id": 257535820, "category": "religious", "source": "OpenStreetMap (ODbL)"}, "geometry": {"type": "Point", "coordinates": [76.0120542, 11.7978211]}}, {"type": "Feature", "id": 257535825, "properties": {"amenity": "place_of_worship", "building": "yes", "name": "Chundakkunnu Sree Maha Lakshmi Temple", "religion": "hindu", "id": "osm-way-257535825", "osm_type": "way", "osm_id": 257535825, "category": "religious", "source": "OpenStreetMap (ODbL)"}, "geometry": {"type": "Point", "coordinates": [76.0035649, 11.7982359]}}, {"type": "Feature", "id": 257535827, "properties": {"addr:city": "thzhe angadi", "addr:district": "Wayanad", "addr:village": "Edavaka", "amenity": "school", "building": "yes", "layer": "1", "name": "Hill Blooms Higher Secondary School", "id": "osm-way-257535827", "osm_type": "way", "osm_id": 257535827, "category": "school", "source": "OpenStreetMap (ODbL)"}, "geometry": {"type": "Point", "coordinates": [75.9927937, 11.7923024]}}, {"type": "Feature", "id": 258458365, "properties": {"addr:city": "mananthavady", "building": "yes", "government": "government", "name": "Block Development Office", "office": "government", "id": "osm-way-258458365", "osm_type": "way", "osm_id": 258458365, "category": "government", "source": "OpenStreetMap (ODbL)"}, "geometry": {"type": "Point", "coordinates": [76.0049091, 11.8043992]}}, {"type": "Feature", "id": 258498245, "properties": {"amenity": "place_of_worship", "building": "yes", "name": "Thrissilery Shiva Temple", "religion": "hindu", "id": "osm-way-258498245", "osm_type": "way", "osm_id": 258498245, "category": "religious", "source": "OpenStreetMap (ODbL)"}, "geometry": {"type": "Point", "coordinates": [76.0165306, 11.8515576]}}, {"type": "Feature", "id": 258537573, "properties": {"amenity": "school", "building": "yes", "name": "Fr. G. K. M. H. School", "id": "osm-way-258537573", "osm_type": "way", "osm_id": 258537573, "category": "school", "source": "OpenStreetMap (ODbL)"}, "geometry": {"type": "Point", "coordinates": [75.9977096, 11.8072586]}}, {"type": "Feature", "id": 258537577, "properties": {"amenity": "school", "building": "yes", "name": "Fr. G. K. M. H. School", "id": "osm-way-258537577", "osm_type": "way", "osm_id": 258537577, "category": "school", "source": "OpenStreetMap (ODbL)"}, "geometry": {"type": "Point", "coordinates": [75.9973233, 11.8067597]}}, {"type": "Feature", "id": 258572678, "properties": {"amenity": "place_of_worship", "building": "yes", "name": "Muassa Juma Masjid", "religion": "muslim", "id": "osm-way-258572678", "osm_type": "way", "osm_id": 258572678, "category": "religious", "source": "OpenStreetMap (ODbL)"}, "geometry": {"type": "Point", "coordinates": [76.0028861, 11.8036397]}}, {"type": "Feature", "id": 258580154, "properties": {"name": "PWD Office", "office": "government", "id": "osm-way-258580154", "osm_type": "way", "osm_id": 258580154, "category": "government", "source": "OpenStreetMap (ODbL)"}, "geometry": {"type": "Point", "coordinates": [76.0011465, 11.8017011]}}, {"type": "Feature", "id": 258580159, "properties": {"amenity": "hospital", "building": "no", "healthcare": "hospital", "name": "St. Joseph's Mission Hospital", "id": "osm-way-258580159", "osm_type": "way", "osm_id": 258580159, "category": "hospital", "source": "OpenStreetMap (ODbL)"}, "geometry": {"type": "Point", "coordinates": [76.0065954, 11.8016452]}}, {"type": "Feature", "id": 258580162, "properties": {"amenity": "school", "name": "Little Flower U. P. School", "id": "osm-way-258580162", "osm_type": "way", "osm_id": 258580162, "category": "school", "source": "OpenStreetMap (ODbL)"}, "geometry": {"type": "Point", "coordinates": [76.0051079, 11.7997472]}}, {"type": "Feature", "id": 258580171, "properties": {"addr:city": "Kallody", "addr:district": "District", "addr:village": "Edavaka", "amenity": "school", "name": "St Joseph's Higher Secondary School Ground", "religion": "christian", "id": "osm-way-258580171", "osm_type": "way", "osm_id": 258580171, "category": "school", "source": "OpenStreetMap (ODbL)"}, "geometry": {"type": "Point", "coordinates": [75.9641772, 11.7678027]}}, {"type": "Feature", "id": 258580174, "properties": {"addr:district": "Wayanad", "addr:village": "Edavaka", "amenity": "school", "name": "St Joseph's Upper Primary School", "id": "osm-way-258580174", "osm_type": "way", "osm_id": 258580174, "category": "school", "source": "OpenStreetMap (ODbL)"}, "geometry": {"type": "Point", "coordinates": [75.9622764, 11.7656914]}}, {"type": "Feature", "id": 258580183, "properties": {"addr:district": "Wayanad", "addr:village": "Edavaka", "amenity": "school", "name": "ANM Upper Primary School Edavaka", "id": "osm-way-258580183", "osm_type": "way", "osm_id": 258580183, "category": "school", "source": "OpenStreetMap (ODbL)"}, "geometry": {"type": "Point", "coordinates": [75.9618327, 11.7860556]}}, {"type": "Feature", "id": 258581063, "properties": {"amenity": "college", "name": "Mary Matha Arts and Science College", "id": "osm-way-258581063", "osm_type": "way", "osm_id": 258581063, "category": "college", "source": "OpenStreetMap (ODbL)"}, "geometry": {"type": "Point", "coordinates": [76.0321917, 11.824857]}}, {"type": "Feature", "id": 258684513, "properties": {"bridge": "yes", "highway": "tertiary", "layer": "1", "name": "Orappu Bridge", "name:ml": "\u0d12\u0d30\u0d2a\u0d4d\u0d2a\u0d4d \u0d2a\u0d3e\u0d32\u0d02", "id": "osm-way-258684513", "osm_type": "way", "osm_id": 258684513, "category": "bridge", "source": "OpenStreetMap (ODbL)"}, "geometry": {"type": "Point", "coordinates": [75.9494941, 11.7825495]}}, {"type": "Feature", "id": 258698987, "properties": {"amenity": "place_of_worship", "building": "yes", "name": "Kamakshi Amman Temple", "religion": "hindu", "id": "osm-way-258698987", "osm_type": "way", "osm_id": 258698987, "category": "religious", "source": "OpenStreetMap (ODbL)"}, "geometry": {"type": "Point", "coordinates": [76.0049024, 11.8065069]}}, {"type": "Feature", "id": 258700481, "properties": {"addr:district": "Wayanad", "addr:village": "Thirunelli", "amenity": "school", "name": "D C M Upper Primary School Thirunelly", "id": "osm-way-258700481", "osm_type": "way", "osm_id": 258700481, "category": "school", "source": "OpenStreetMap (ODbL)"}, "geometry": {"type": "Point", "coordinates": [76.033337, 11.9066837]}}, {"type": "Feature", "id": 258910668, "properties": {"amenity": "school", "building": "yes", "name": "AUP School Dwaraka", "id": "osm-way-258910668", "osm_type": "way", "osm_id": 258910668, "category": "school", "source": "OpenStreetMap (ODbL)"}, "geometry": {"type": "Point", "coordinates": [76.0072433, 11.7594065]}}, {"type": "Feature", "id": 258910669, "properties": {"amenity": "place_of_worship", "building": "yes", "name": "Alphonsamma Curch", "religion": "christian", "id": "osm-way-258910669", "osm_type": "way", "osm_id": 258910669, "category": "religious", "source": "OpenStreetMap (ODbL)"}, "geometry": {"type": "Point", "coordinates": [76.006782, 11.7596428]}}, {"type": "Feature", "id": 293826229, "properties": {"addr:city": "Mananthavady", "amenity": "place_of_worship", "ele": "4", "name": "Pastoral Centre, Dwaraka", "phone": "+914935240788", "religion": "christian", "id": "osm-way-293826229", "osm_type": "way", "osm_id": 293826229, "category": "religious", "source": "OpenStreetMap (ODbL)"}, "geometry": {"type": "Point", "coordinates": [76.0064484, 11.7606087]}}, {"type": "Feature", "id": 298999606, "properties": {"name": "Pookode Lake", "name:ml": "\u0d2a\u0d42\u0d15\u0d4d\u0d15\u0d4b\u0d1f\u0d4d \u0d24\u0d1f\u0d3e\u0d15\u0d02", "natural": "water", "operator": "DTPC Wayanad", "tourism": "attraction", "wikidata": "Q7228548", "id": "osm-way-298999606", "osm_type": "way", "osm_id": 298999606, "category": "tourism", "source": "OpenStreetMap (ODbL)"}, "geometry": {"type": "Point", "coordinates": [76.0272679, 11.542328]}}, {"type": "Feature", "id": 304562953, "properties": {"bridge": "yes", "highway": "secondary", "layer": "1", "name": "Ancham mile to Padinjarathara", "id": "osm-way-304562953", "osm_type": "way", "osm_id": 304562953, "category": "bridge", "source": "OpenStreetMap (ODbL)"}, "geometry": {"type": "Point", "coordinates": [76.0203556, 11.7234842]}}, {"type": "Feature", "id": 304562977, "properties": {"bridge": "yes", "highway": "secondary", "layer": "1", "name": "Cheriyamkolli - Vilambukandam", "id": "osm-way-304562977", "osm_type": "way", "osm_id": 304562977, "category": "bridge", "source": "OpenStreetMap (ODbL)"}, "geometry": {"type": "Point", "coordinates": [76.0249899, 11.7163935]}}, {"type": "Feature", "id": 314893801, "properties": {"bridge": "yes", "highway": "primary", "layer": "1", "name": "Valad - Kunjome Road", "id": "osm-way-314893801", "osm_type": "way", "osm_id": 314893801, "category": "bridge", "source": "OpenStreetMap (ODbL)"}, "geometry": {"type": "Point", "coordinates": [75.90377, 11.7930465]}}, {"type": "Feature", "id": 314893889, "properties": {"bridge": "yes", "highway": "tertiary", "layer": "1", "id": "osm-way-314893889", "osm_type": "way", "osm_id": 314893889, "category": "bridge", "source": "OpenStreetMap (ODbL)"}, "geometry": {"type": "Point", "coordinates": [75.8948536, 11.7752606]}}, {"type": "Feature", "id": 314893909, "properties": {"bridge": "yes", "highway": "tertiary", "layer": "1", "name": "Mudappinnal Kadavu Bridge", "name:ml": "\u0d2e\u0d41\u0d1f\u0d2a\u0d4d\u0d2a\u0d3f\u0d28\u0d4d\u0d28\u0d7d \u0d15\u0d1f\u0d35\u0d4d \u0d2a\u0d3e\u0d32\u0d02", "id": "osm-way-314893909", "osm_type": "way", "osm_id": 314893909, "category": "bridge", "source": "OpenStreetMap (ODbL)"}, "geometry": {"type": "Point", "coordinates": [75.9252192, 11.7780854]}}, {"type": "Feature", "id": 315606312, "properties": {"bridge": "yes", "highway": "track", "layer": "1", "name": "Periya - Valad Road", "id": "osm-way-315606312", "osm_type": "way", "osm_id": 315606312, "category": "bridge", "source": "OpenStreetMap (ODbL)"}, "geometry": {"type": "Point", "coordinates": [75.861617, 11.8247908]}}, {"type": "Feature", "id": 315606314, "properties": {"bridge": "yes", "highway": "secondary", "layer": "1", "name": "Pananthara Bridge", "name:ml": "\u0d2a\u0d28\u0d28\u0d4d\u0d24\u0d31 \u0d2a\u0d3e\u0d32\u0d02", "id": "osm-way-315606314", "osm_type": "way", "osm_id": 315606314, "category": "bridge", "source": "OpenStreetMap (ODbL)"}, "geometry": {"type": "Point", "coordinates": [75.8535809, 11.8241996]}}, {"type": "Feature", "id": 380783426, "properties": {"bridge": "yes", "highway": "tertiary", "layer": "1", "name": "Kaniyaram - Muthireri", "id": "osm-way-380783426", "osm_type": "way", "osm_id": 380783426, "category": "bridge", "source": "OpenStreetMap (ODbL)"}, "geometry": {"type": "Point", "coordinates": [75.9878056, 11.8117539]}}, {"type": "Feature", "id": 380783449, "properties": {"bridge": "yes", "highway": "primary", "layer": "1", "name": "Thalasseri - Bavali Road", "id": "osm-way-380783449", "osm_type": "way", "osm_id": 380783449, "category": "bridge", "source": "OpenStreetMap (ODbL)"}, "geometry": {"type": "Point", "coordinates": [75.9471156, 11.8415998]}}, {"type": "Feature", "id": 380928357, "properties": {"bridge": "yes", "highway": "tertiary", "layer": "1", "id": "osm-way-380928357", "osm_type": "way", "osm_id": 380928357, "category": "bridge", "source": "OpenStreetMap (ODbL)"}, "geometry": {"type": "Point", "coordinates": [76.1169868, 11.5398424]}}, {"type": "Feature", "id": 380928376, "properties": {"bridge": "yes", "highway": "primary", "layer": "1", "name": "Meenakshi Bridge", "id": "osm-way-380928376", "osm_type": "way", "osm_id": 380928376, "category": "bridge", "source": "OpenStreetMap (ODbL)"}, "geometry": {"type": "Point", "coordinates": [76.1337171, 11.5225244]}}, {"type": "Feature", "id": 380928377, "properties": {"bridge": "yes", "highway": "primary", "layer": "1", "name": "Kalpetta - Meppadi Road", "id": "osm-way-380928377", "osm_type": "way", "osm_id": 380928377, "category": "bridge", "source": "OpenStreetMap (ODbL)"}, "geometry": {"type": "Point", "coordinates": [76.1350546, 11.5315892]}}, {"type": "Feature", "id": 380928388, "properties": {"bridge": "yes", "highway": "tertiary", "layer": "1", "name": "Bailey Bridge", "id": "osm-way-380928388", "osm_type": "way", "osm_id": 380928388, "category": "bridge", "source": "OpenStreetMap (ODbL)"}, "geometry": {"type": "Point", "coordinates": [76.1600773, 11.4992041]}}, {"type": "Feature", "id": 380928389, "properties": {"bridge": "yes", "highway": "primary", "layer": "1", "name": "Kalladi Bridge", "id": "osm-way-380928389", "osm_type": "way", "osm_id": 380928389, "category": "bridge", "source": "OpenStreetMap (ODbL)"}, "geometry": {"type": "Point", "coordinates": [76.1320483, 11.5106408]}}, {"type": "Feature", "id": 380933351, "properties": {"addr:city": "Mepadi", "addr:district": "Wayanad", "amenity": "hospital", "emergency": "yes", "healthcare": "hospital", "name": "DM Wayanad Institute of Medical Sciences", "operator": "Aster", "operator:type": "private", "website": "https://www.dmwims.com/", "id": "osm-way-380933351", "osm_type": "way", "osm_id": 380933351, "category": "hospital", "source": "OpenStreetMap (ODbL)"}, "geometry": {"type": "Point", "coordinates": [76.1615503, 11.5613908]}}, {"type": "Feature", "id": 380933355, "properties": {"bridge": "yes", "highway": "primary", "layer": "1", "name": "Calicut - Vythiri - Gudalur Road", "id": "osm-way-380933355", "osm_type": "way", "osm_id": 380933355, "category": "bridge", "source": "OpenStreetMap (ODbL)"}, "geometry": {"type": "Point", "coordinates": [76.2488276, 11.5276127]}}, {"type": "Feature", "id": 380953197, "properties": {"bridge": "yes", "highway": "primary", "layer": "1", "name": "State Highway - 54 (Hill Highway)", "id": "osm-way-380953197", "osm_type": "way", "osm_id": 380953197, "category": "bridge", "source": "OpenStreetMap (ODbL)"}, "geometry": {"type": "Point", "coordinates": [75.9849159, 11.7063523]}}, {"type": "Feature", "id": 380954509, "properties": {"bridge": "yes", "highway": "secondary", "layer": "1", "name": "Vythiri-Tharuvana Road", "id": "osm-way-380954509", "osm_type": "way", "osm_id": 380954509, "category": "bridge", "source": "OpenStreetMap (ODbL)"}, "geometry": {"type": "Point", "coordinates": [76.0133575, 11.6009211]}}, {"type": "Feature", "id": 386991359, "properties": {"addr:district": "Wayanad", "amenity": "hospital", "healthcare": "hospital", "name": "Fatima Mata Mission Hospital", "id": "osm-way-386991359", "osm_type": "way", "osm_id": 386991359, "category": "hospital", "source": "OpenStreetMap (ODbL)"}, "geometry": {"type": "Point", "coordinates": [76.078901, 11.6144378]}}, {"type": "Feature", "id": 386991370, "properties": {"addr:city": "Wayanad", "building": "yes", "building:levels": "4", "name": "DTPC Wayanad", "office": "government", "phone": "+91-9446072134", "website": "https://wayanadtourism.org/", "id": "osm-way-386991370", "osm_type": "way", "osm_id": 386991370, "category": "government", "source": "OpenStreetMap (ODbL)"}, "geometry": {"type": "Point", "coordinates": [76.0885486, 11.6269881]}}, {"type": "Feature", "id": 386991371, "properties": {"addr:city": "Kairali Nagar", "building": "yes", "government": "panchayath_office", "name": "District Panchayath Office,Wayanad", "office": "government", "operator": "government", "operator:type": "government", "phone": "+914936202490", "id": "osm-way-386991371", "osm_type": "way", "osm_id": 386991371, "category": "government", "source": "OpenStreetMap (ODbL)"}, "geometry": {"type": "Point", "coordinates": [76.0888211, 11.6269957]}}, {"type": "Feature", "id": 386991372, "properties": {"building": "yes", "government": "government", "name": "District Social", "office": "government", "id": "osm-way-386991372", "osm_type": "way", "osm_id": 386991372, "category": "government", "source": "OpenStreetMap (ODbL)"}, "geometry": {"type": "Point", "coordinates": [76.0887331, 11.6259485]}}, {"type": "Feature", "id": 387007012, "properties": {"bridge": "yes", "highway": "secondary", "layer": "1", "id": "osm-way-387007012", "osm_type": "way", "osm_id": 387007012, "category": "bridge", "source": "OpenStreetMap (ODbL)"}, "geometry": {"type": "Point", "coordinates": [76.101451, 11.7232778]}}, {"type": "Feature", "id": 387007016, "properties": {"bridge": "yes", "highway": "primary", "layer": "1", "name": "Panamaram Bridge", "id": "osm-way-387007016", "osm_type": "way", "osm_id": 387007016, "category": "bridge", "source": "OpenStreetMap (ODbL)"}, "geometry": {"type": "Point", "coordinates": [76.0730247, 11.7412558]}}, {"type": "Feature", "id": 387009401, "properties": {"amenity": "college", "name": "Newman's college", "id": "osm-way-387009401", "osm_type": "way", "osm_id": 387009401, "category": "college", "source": "OpenStreetMap (ODbL)"}, "geometry": {"type": "Point", "coordinates": [76.0008968, 11.7965815]}}, {"type": "Feature", "id": 389055735, "properties": {"amenity": "college", "name": "Oreintal School of Hotel Management, Lakkidi", "id": "osm-way-389055735", "osm_type": "way", "osm_id": 389055735, "category": "college", "source": "OpenStreetMap (ODbL)"}, "geometry": {"type": "Point", "coordinates": [76.0224851, 11.5146788]}}, {"type": "Feature", "id": 417339709, "properties": {"name": "Kerala State Electricity Board 220kv Substation", "operator": "KSEB", "power": "substation", "id": "osm-way-417339709", "osm_type": "way", "osm_id": 417339709, "category": "power", "source": "OpenStreetMap (ODbL)"}, "geometry": {"type": "Point", "coordinates": [76.0822697, 11.6860014]}}, {"type": "Feature", "id": 425703248, "properties": {"amenity": "school", "name": "Rchss Ground", "operator": "PLAY", "id": "osm-way-425703248", "osm_type": "way", "osm_id": 425703248, "category": "school", "source": "OpenStreetMap (ODbL)"}, "geometry": {"type": "Point", "coordinates": [76.0623753, 11.5769053]}}, {"type": "Feature", "id": 425703749, "properties": {"amenity": "place_of_worship", "building": "yes", "name": "Sree Mariyamman Kshetram", "religion": "hindu", "id": "osm-way-425703749", "osm_type": "way", "osm_id": 425703749, "category": "religious", "source": "OpenStreetMap (ODbL)"}, "geometry": {"type": "Point", "coordinates": [76.2489729, 11.6599416]}}, {"type": "Feature", "id": 425703751, "properties": {"amenity": "place_of_worship", "name": "Malankara Jacobite church", "religion": "christian", "id": "osm-way-425703751", "osm_type": "way", "osm_id": 425703751, "category": "religious", "source": "OpenStreetMap (ODbL)"}, "geometry": {"type": "Point", "coordinates": [76.2671511, 11.6439947]}}, {"type": "Feature", "id": 425704152, "properties": {"amenity": "place_of_worship", "building": "yes", "name": "St. Thomas Orthodox Pazhaya Pally", "religion": "christian", "id": "osm-way-425704152", "osm_type": "way", "osm_id": 425704152, "category": "religious", "source": "OpenStreetMap (ODbL)"}, "geometry": {"type": "Point", "coordinates": [76.2678222, 11.6442174]}}, {"type": "Feature", "id": 425704380, "properties": {"amenity": "school", "name": "WOHSS Pinangode", "id": "osm-way-425704380", "osm_type": "way", "osm_id": 425704380, "category": "school", "source": "OpenStreetMap (ODbL)"}, "geometry": {"type": "Point", "coordinates": [76.0181259, 11.6262262]}}, {"type": "Feature", "id": 425704798, "properties": {"addr:city": "Koliyadi", "amenity": "place_of_worship", "building": "yes", "name": "St Peter's and St Paul's Orthodox Church Koliyadi", "religion": "christian", "id": "osm-way-425704798", "osm_type": "way", "osm_id": 425704798, "category": "religious", "source": "OpenStreetMap (ODbL)"}, "geometry": {"type": "Point", "coordinates": [76.2782978, 11.6340367]}}, {"type": "Feature", "id": 425744161, "properties": {"addr:city": "Sulthan Bathery", "amenity": "school", "name": "Assumption A U P School", "operator": "HEADMASTER", "operator:type": "school", "religion": "christian", "id": "osm-way-425744161", "osm_type": "way", "osm_id": 425744161, "category": "school", "source": "OpenStreetMap (ODbL)"}, "geometry": {"type": "Point", "coordinates": [76.2522039, 11.6624785]}}, {"type": "Feature", "id": 425744162, "properties": {"addr:district": "Wayanad", "amenity": "hospital", "emergency": "yes", "healthcare": "hospital", "name": "Vinayaka Hospital", "operator": "private", "operator:type": "private", "id": "osm-way-425744162", "osm_type": "way", "osm_id": 425744162, "category": "hospital", "source": "OpenStreetMap (ODbL)"}, "geometry": {"type": "Point", "coordinates": [76.2537331, 11.6636365]}}, {"type": "Feature", "id": 425744233, "properties": {"addr:district": "Wayanad", "amenity": "hospital", "building": "yes", "healthcare": "hospital", "name": "Assumption Hospital", "id": "osm-way-425744233", "osm_type": "way", "osm_id": 425744233, "category": "hospital", "source": "OpenStreetMap (ODbL)"}, "geometry": {"type": "Point", "coordinates": [76.2532306, 11.662545]}}, {"type": "Feature", "id": 425747947, "properties": {"amenity": "place_of_worship", "building": "yes", "name": "Mosque", "religion": "muslim", "id": "osm-way-425747947", "osm_type": "way", "osm_id": 425747947, "category": "religious", "source": "OpenStreetMap (ODbL)"}, "geometry": {"type": "Point", "coordinates": [76.0797324, 11.6721875]}}, {"type": "Feature", "id": 425748367, "properties": {"amenity": "place_of_worship", "building": "yes", "name": "Juma Masjid Kambalakkad", "religion": "muslim", "id": "osm-way-425748367", "osm_type": "way", "osm_id": 425748367, "category": "religious", "source": "OpenStreetMap (ODbL)"}, "geometry": {"type": "Point", "coordinates": [76.0756761, 11.6751859]}}, {"type": "Feature", "id": 425748993, "properties": {"addr:district": "Wayanad", "addr:village": "Kaniyambetta", "amenity": "school", "name": "Government Upper Primary School Kambalakkad", "id": "osm-way-425748993", "osm_type": "way", "osm_id": 425748993, "category": "school", "source": "OpenStreetMap (ODbL)"}, "geometry": {"type": "Point", "coordinates": [76.0762282, 11.6772716]}}, {"type": "Feature", "id": 425749883, "properties": {"addr:district": "Wayanad", "addr:village": "Nenmeni", "amenity": "school", "name": "GHS, Anappara", "operator": "Government", "operator:type": "government", "id": "osm-way-425749883", "osm_type": "way", "osm_id": 425749883, "category": "school", "source": "OpenStreetMap (ODbL)"}, "geometry": {"type": "Point", "coordinates": [76.2499662, 11.6003138]}}, {"type": "Feature", "id": 425750583, "properties": {"amenity": "school", "name": "GHSS Anapara school", "id": "osm-way-425750583", "osm_type": "way", "osm_id": 425750583, "category": "school", "source": "OpenStreetMap (ODbL)"}, "geometry": {"type": "Point", "coordinates": [76.2497908, 11.5985252]}}, {"type": "Feature", "id": 467206619, "properties": {"addr:city": "Pulpally", "amenity": "school", "name": "St. Mary's AUP School Kabanigiri", "wikidata": "Q64522524", "id": "osm-way-467206619", "osm_type": "way", "osm_id": 467206619, "category": "school", "source": "OpenStreetMap (ODbL)"}, "geometry": {"type": "Point", "coordinates": [76.1803031, 11.8564575]}}, {"type": "Feature", "id": 469348525, "properties": {"addr:city": "Pulpally", "amenity": "school", "name": "Nirmala High School. Kabanigiri", "id": "osm-way-469348525", "osm_type": "way", "osm_id": 469348525, "category": "school", "source": "OpenStreetMap (ODbL)"}, "geometry": {"type": "Point", "coordinates": [76.1801503, 11.8557158]}}, {"type": "Feature", "id": 485880232, "properties": {"addr:city": "VENGAPALLI", "amenity": "place_of_worship", "building": "yes", "name": "Moovatty Kariyathan Kavu", "religion": "hindu", "id": "osm-way-485880232", "osm_type": "way", "osm_id": 485880232, "category": "religious", "source": "OpenStreetMap (ODbL)"}, "geometry": {"type": "Point", "coordinates": [76.0454573, 11.5977477]}}, {"type": "Feature", "id": 491307139, "properties": {"amenity": "police", "building": "yes", "name": "Police Assistance centre", "id": "osm-way-491307139", "osm_type": "way", "osm_id": 491307139, "category": "police", "source": "OpenStreetMap (ODbL)"}, "geometry": {"type": "Point", "coordinates": [76.0898206, 11.8227886]}}, {"type": "Feature", "id": 491307142, "properties": {"building": "yes", "government": "administrative", "name": "DMC Kuruva Office", "office": "government", "website": "https://wayanadtourism.org/", "id": "osm-way-491307142", "osm_type": "way", "osm_id": 491307142, "category": "government", "source": "OpenStreetMap (ODbL)"}, "geometry": {"type": "Point", "coordinates": [76.0898492, 11.8226516]}}, {"type": "Feature", "id": 525207856, "properties": {"building": "yes", "government": "government_office", "name": "Kerala State Electricity Board Section Office", "office": "government", "id": "osm-way-525207856", "osm_type": "way", "osm_id": 525207856, "category": "government", "source": "OpenStreetMap (ODbL)"}, "geometry": {"type": "Point", "coordinates": [76.0742824, 11.6772934]}}, {"type": "Feature", "id": 545634521, "properties": {"amenity": "place_of_worship", "building": "yes", "name": "St Marys Jacobyte Sonochoro Chur", "religion": "christian", "id": "osm-way-545634521", "osm_type": "way", "osm_id": 545634521, "category": "religious", "source": "OpenStreetMap (ODbL)"}, "geometry": {"type": "Point", "coordinates": [76.2660066, 11.6636851]}}, {"type": "Feature", "id": 545635613, "properties": {"amenity": "place_of_worship", "building": "yes", "name": "Kurisupalli", "religion": "christian", "id": "osm-way-545635613", "osm_type": "way", "osm_id": 545635613, "category": "religious", "source": "OpenStreetMap (ODbL)"}, "geometry": {"type": "Point", "coordinates": [76.2625692, 11.6640719]}}, {"type": "Feature", "id": 545635862, "properties": {"addr:city": "Sulthan Bathery", "building": "yes", "government": "village_office", "name": "Village Office", "office": "government", "id": "osm-way-545635862", "osm_type": "way", "osm_id": 545635862, "category": "government", "source": "OpenStreetMap (ODbL)"}, "geometry": {"type": "Point", "coordinates": [76.2523291, 11.6617422]}}, {"type": "Feature", "id": 545635863, "properties": {"building": "yes", "name": "Perpetual Adoration Centre", "office": "government", "id": "osm-way-545635863", "osm_type": "way", "osm_id": 545635863, "category": "government", "source": "OpenStreetMap (ODbL)"}, "geometry": {"type": "Point", "coordinates": [76.2500948, 11.6599542]}}, {"type": "Feature", "id": 545675199, "properties": {"amenity": "place_of_worship", "building": "yes", "name": "Juma masjid", "religion": "muslim", "id": "osm-way-545675199", "osm_type": "way", "osm_id": 545675199, "category": "religious", "source": "OpenStreetMap (ODbL)"}, "geometry": {"type": "Point", "coordinates": [76.2351115, 11.6618969]}}, {"type": "Feature", "id": 545692151, "properties": {"amenity": "place_of_worship", "building": "yes", "name": "St. Thomas cathedral", "religion": "christian", "id": "osm-way-545692151", "osm_type": "way", "osm_id": 545692151, "category": "religious", "source": "OpenStreetMap (ODbL)"}, "geometry": {"type": "Point", "coordinates": [76.2753997, 11.6617228]}}, {"type": "Feature", "id": 545700966, "properties": {"amenity": "place_of_worship", "building": "yes", "name": "Sree Malsyavathara Vishnu Temple", "religion": "hindu", "id": "osm-way-545700966", "osm_type": "way", "osm_id": 545700966, "category": "religious", "source": "OpenStreetMap (ODbL)"}, "geometry": {"type": "Point", "coordinates": [76.1708799, 11.6587586]}}, {"type": "Feature", "id": 545777755, "properties": {"amenity": "place_of_worship", "building": "yes", "name": "forane church", "religion": "christian", "id": "osm-way-545777755", "osm_type": "way", "osm_id": 545777755, "category": "religious", "source": "OpenStreetMap (ODbL)"}, "geometry": {"type": "Point", "coordinates": [76.2865833, 11.673323]}}, {"type": "Feature", "id": 545778805, "properties": {"addr:district": "Wayanad", "addr:village": "Noolpuzha", "amenity": "school", "name": "The Green Hils Public School", "id": "osm-way-545778805", "osm_type": "way", "osm_id": 545778805, "category": "school", "source": "OpenStreetMap (ODbL)"}, "geometry": {"type": "Point", "coordinates": [76.2891477, 11.6724871]}}, {"type": "Feature", "id": 545778856, "properties": {"amenity": "place_of_worship", "building": "yes", "name": "St John's Orthodox church", "religion": "christian", "id": "osm-way-545778856", "osm_type": "way", "osm_id": 545778856, "category": "religious", "source": "OpenStreetMap (ODbL)"}, "geometry": {"type": "Point", "coordinates": [76.290251, 11.6737874]}}, {"type": "Feature", "id": 545779847, "properties": {"addr:district": "Wayanad", "addr:village": "Kuppady", "amenity": "school", "name": "Government Higher Secondary School, Moolankavu", "id": "osm-way-545779847", "osm_type": "way", "osm_id": 545779847, "category": "school", "source": "OpenStreetMap (ODbL)"}, "geometry": {"type": "Point", "coordinates": [76.2889248, 11.674481]}}, {"type": "Feature", "id": 545842495, "properties": {"addr:district": "Wayanad", "addr:village": "Nadavayal", "amenity": "school", "name": "St Thomas Higher Secondary School Nadavayal", "id": "osm-way-545842495", "osm_type": "way", "osm_id": 545842495, "category": "school", "source": "OpenStreetMap (ODbL)"}, "geometry": {"type": "Point", "coordinates": [76.1185076, 11.7385394]}}, {"type": "Feature", "id": 545842500, "properties": {"addr:district": "Wayanad", "addr:village": "Nadavayal", "amenity": "school", "name": "St Thomas Lower Primary School Nadavayal", "id": "osm-way-545842500", "osm_type": "way", "osm_id": 545842500, "category": "school", "source": "OpenStreetMap (ODbL)"}, "geometry": {"type": "Point", "coordinates": [76.1198227, 11.7397673]}}, {"type": "Feature", "id": 545842501, "properties": {"addr:city": "Nadavayal", "amenity": "place_of_worship", "building": "church", "name": "Holycross Forane Church", "religion": "christian", "id": "osm-way-545842501", "osm_type": "way", "osm_id": 545842501, "category": "religious", "source": "OpenStreetMap (ODbL)"}, "geometry": {"type": "Point", "coordinates": [76.1206415, 11.7394443]}}, {"type": "Feature", "id": 545842502, "properties": {"amenity": "place_of_worship", "building": "yes", "name": "Parish House", "id": "osm-way-545842502", "osm_type": "way", "osm_id": 545842502, "category": "religious", "source": "OpenStreetMap (ODbL)"}, "geometry": {"type": "Point", "coordinates": [76.1211323, 11.7394687]}}, {"type": "Feature", "id": 545995107, "properties": {"amenity": "hospital", "healthcare": "hospital", "name": "Saint Marys Mission Hospital", "id": "osm-way-545995107", "osm_type": "way", "osm_id": 545995107, "category": "hospital", "source": "OpenStreetMap (ODbL)"}, "geometry": {"type": "Point", "coordinates": [76.2652483, 11.664134]}}, {"type": "Feature", "id": 545998909, "properties": {"addr:city": "Vythiri", "amenity": "hospital", "healthcare": "hospital", "name": "Vythiri Taluk Head Quarters Hospital", "operator": "Department of Health Services", "operator:type": "government", "id": "osm-way-545998909", "osm_type": "way", "osm_id": 545998909, "category": "hospital", "source": "OpenStreetMap (ODbL)"}, "geometry": {"type": "Point", "coordinates": [76.0407102, 11.5513393]}}, {"type": "Feature", "id": 546099334, "properties": {"amenity": "hospital", "healthcare": "hospital", "name": "Dr Appukkuttan Memorial Hospital", "id": "osm-way-546099334", "osm_type": "way", "osm_id": 546099334, "category": "hospital", "source": "OpenStreetMap (ODbL)"}, "geometry": {"type": "Point", "coordinates": [76.2608992, 11.6625123]}}, {"type": "Feature", "id": 546100276, "properties": {"amenity": "social_facility", "building": "yes", "name": "Cosmopolitan Club", "id": "osm-way-546100276", "osm_type": "way", "osm_id": 546100276, "category": "community", "source": "OpenStreetMap (ODbL)"}, "geometry": {"type": "Point", "coordinates": [76.2601736, 11.6615595]}}, {"type": "Feature", "id": 546102281, "properties": {"amenity": "school", "id": "osm-way-546102281", "osm_type": "way", "osm_id": 546102281, "category": "school", "source": "OpenStreetMap (ODbL)"}, "geometry": {"type": "Point", "coordinates": [76.2697739, 11.6624143]}}, {"type": "Feature", "id": 546104367, "properties": {"amenity": "community_centre", "building": "yes", "name": "Lalith Mahal Auditorium", "id": "osm-way-546104367", "osm_type": "way", "osm_id": 546104367, "category": "community", "source": "OpenStreetMap (ODbL)"}, "geometry": {"type": "Point", "coordinates": [76.0831016, 11.6035183]}}, {"type": "Feature", "id": 546147253, "properties": {"building": "yes", "name": "Public Works Department", "office": "government", "id": "osm-way-546147253", "osm_type": "way", "osm_id": 546147253, "category": "government", "source": "OpenStreetMap (ODbL)"}, "geometry": {"type": "Point", "coordinates": [76.2516974, 11.66184]}}, {"type": "Feature", "id": 583156320, "properties": {"bridge": "yes", "highway": "secondary", "layer": "1", "name": "Panavalli - Thirunelli Road", "id": "osm-way-583156320", "osm_type": "way", "osm_id": 583156320, "category": "bridge", "source": "OpenStreetMap (ODbL)"}, "geometry": {"type": "Point", "coordinates": [76.0105641, 11.8927684]}}, {"type": "Feature", "id": 583156323, "properties": {"bridge": "yes", "highway": "secondary", "layer": "1", "name": "Kattikulam-Tholpetty Road", "id": "osm-way-583156323", "osm_type": "way", "osm_id": 583156323, "category": "bridge", "source": "OpenStreetMap (ODbL)"}, "geometry": {"type": "Point", "coordinates": [76.0772491, 11.8839361]}}, {"type": "Feature", "id": 583222156, "properties": {"amenity": "place_of_worship", "name": "Ondayangadi Palli", "religion": "christian", "id": "osm-way-583222156", "osm_type": "way", "osm_id": 583222156, "category": "religious", "source": "OpenStreetMap (ODbL)"}, "geometry": {"type": "Point", "coordinates": [76.0217612, 11.8243547]}}, {"type": "Feature", "id": 617331013, "properties": {"bridge": "yes", "highway": "secondary", "layer": "1", "id": "osm-way-617331013", "osm_type": "way", "osm_id": 617331013, "category": "bridge", "source": "OpenStreetMap (ODbL)"}, "geometry": {"type": "Point", "coordinates": [76.1459438, 11.6952663]}}, {"type": "Feature", "id": 617331018, "properties": {"bridge": "yes", "layer": "1", "waterway": "weir", "id": "osm-way-617331018", "osm_type": "way", "osm_id": 617331018, "category": "weir", "source": "OpenStreetMap (ODbL)"}, "geometry": {"type": "Point", "coordinates": [76.1533943, 11.7334309]}}, {"type": "Feature", "id": 617331884, "properties": {"bridge": "yes", "highway": "unclassified", "layer": "1", "name": "Ponnankara Bridge", "id": "osm-way-617331884", "osm_type": "way", "osm_id": 617331884, "category": "bridge", "source": "OpenStreetMap (ODbL)"}, "geometry": {"type": "Point", "coordinates": [76.1161472, 11.7052487]}}, {"type": "Feature", "id": 621341268, "properties": {"bridge": "yes", "highway": "tertiary", "layer": "1", "id": "osm-way-621341268", "osm_type": "way", "osm_id": 621341268, "category": "bridge", "source": "OpenStreetMap (ODbL)"}, "geometry": {"type": "Point", "coordinates": [76.3595479, 11.6730673]}}, {"type": "Feature", "id": 621361222, "properties": {"bridge": "yes", "highway": "secondary", "layer": "1", "id": "osm-way-621361222", "osm_type": "way", "osm_id": 621361222, "category": "bridge", "source": "OpenStreetMap (ODbL)"}, "geometry": {"type": "Point", "coordinates": [75.8610623, 11.8247734]}}, {"type": "Feature", "id": 621369179, "properties": {"bridge": "yes", "highway": "tertiary", "layer": "1", "id": "osm-way-621369179", "osm_type": "way", "osm_id": 621369179, "category": "bridge", "source": "OpenStreetMap (ODbL)"}, "geometry": {"type": "Point", "coordinates": [76.0038614, 11.8985048]}}, {"type": "Feature", "id": 621369182, "properties": {"bridge": "yes", "highway": "tertiary", "layer": "1", "name": "Nettara Bridge", "name:ml": "\u0d28\u0d46\u0d1f\u0d4d\u0d1f\u0d31 \u0d2a\u0d3e\u0d32\u0d02", "id": "osm-way-621369182", "osm_type": "way", "osm_id": 621369182, "category": "bridge", "source": "OpenStreetMap (ODbL)"}, "geometry": {"type": "Point", "coordinates": [75.9936827, 11.9051457]}}, {"type": "Feature", "id": 621369375, "properties": {"bridge": "yes", "highway": "tertiary", "layer": "1", "id": "osm-way-621369375", "osm_type": "way", "osm_id": 621369375, "category": "bridge", "source": "OpenStreetMap (ODbL)"}, "geometry": {"type": "Point", "coordinates": [75.8805117, 11.760103]}}, {"type": "Feature", "id": 621375796, "properties": {"bridge": "yes", "highway": "tertiary", "layer": "1", "id": "osm-way-621375796", "osm_type": "way", "osm_id": 621375796, "category": "bridge", "source": "OpenStreetMap (ODbL)"}, "geometry": {"type": "Point", "coordinates": [76.1306857, 11.5339382]}}, {"type": "Feature", "id": 621378755, "properties": {"bridge": "yes", "highway": "secondary", "layer": "1", "id": "osm-way-621378755", "osm_type": "way", "osm_id": 621378755, "category": "bridge", "source": "OpenStreetMap (ODbL)"}, "geometry": {"type": "Point", "coordinates": [75.9582603, 11.6852435]}}, {"type": "Feature", "id": 621388803, "properties": {"bridge": "yes", "highway": "secondary", "layer": "1", "name": "Periya - Valad Road", "id": "osm-way-621388803", "osm_type": "way", "osm_id": 621388803, "category": "bridge", "source": "OpenStreetMap (ODbL)"}, "geometry": {"type": "Point", "coordinates": [75.9032858, 11.7952162]}}, {"type": "Feature", "id": 621400106, "properties": {"bridge": "yes", "highway": "secondary", "layer": "1", "name": "Anjukunnu - Vilambukandam Road", "id": "osm-way-621400106", "osm_type": "way", "osm_id": 621400106, "category": "bridge", "source": "OpenStreetMap (ODbL)"}, "geometry": {"type": "Point", "coordinates": [76.0383558, 11.7228707]}}, {"type": "Feature", "id": 621403026, "properties": {"bridge": "yes", "highway": "secondary", "layer": "1", "name": "Mananthavady-Koyilery- Panamaram Road", "id": "osm-way-621403026", "osm_type": "way", "osm_id": 621403026, "category": "bridge", "source": "OpenStreetMap (ODbL)"}, "geometry": {"type": "Point", "coordinates": [76.053607, 11.7759851]}}, {"type": "Feature", "id": 621404943, "properties": {"bridge": "yes", "highway": "trunk", "layer": "1", "name": "Kozhikode - Kollegal Highway", "id": "osm-way-621404943", "osm_type": "way", "osm_id": 621404943, "category": "bridge", "source": "OpenStreetMap (ODbL)"}, "geometry": {"type": "Point", "coordinates": [76.2781069, 11.6688515]}}, {"type": "Feature", "id": 621404945, "properties": {"bridge": "yes", "highway": "tertiary", "layer": "1", "id": "osm-way-621404945", "osm_type": "way", "osm_id": 621404945, "category": "bridge", "source": "OpenStreetMap (ODbL)"}, "geometry": {"type": "Point", "coordinates": [76.2752283, 11.6819295]}}, {"type": "Feature", "id": 621404947, "properties": {"bridge": "yes", "highway": "secondary", "layer": "1", "id": "osm-way-621404947", "osm_type": "way", "osm_id": 621404947, "category": "bridge", "source": "OpenStreetMap (ODbL)"}, "geometry": {"type": "Point", "coordinates": [76.272574, 11.6873232]}}, {"type": "Feature", "id": 621405425, "properties": {"bridge": "yes", "highway": "secondary", "layer": "1", "name": "Panamaram - Bathery", "id": "osm-way-621405425", "osm_type": "way", "osm_id": 621405425, "category": "bridge", "source": "OpenStreetMap (ODbL)"}, "geometry": {"type": "Point", "coordinates": [76.0774351, 11.7407279]}}, {"type": "Feature", "id": 621411610, "properties": {"bridge": "yes", "highway": "secondary", "layer": "1", "name": "Peruvaka - Kammana - Kundala - Aaram Mile Road", "id": "osm-way-621411610", "osm_type": "way", "osm_id": 621411610, "category": "bridge", "source": "OpenStreetMap (ODbL)"}, "geometry": {"type": "Point", "coordinates": [76.0164805, 11.7825087]}}, {"type": "Feature", "id": 621411613, "properties": {"bridge": "yes", "highway": "primary", "layer": "1", "name": "Mananthavady- Kalpetta road", "id": "osm-way-621411613", "osm_type": "way", "osm_id": 621411613, "category": "bridge", "source": "OpenStreetMap (ODbL)"}, "geometry": {"type": "Point", "coordinates": [76.0027879, 11.7877168]}}, {"type": "Feature", "id": 621411614, "properties": {"bridge": "yes", "highway": "secondary", "layer": "1", "name": "Pandikadavu Bridge", "name:ml": "\u0d2a\u0d3e\u0d23\u0d4d\u0d1f\u0d3f\u0d15\u0d4d\u0d15\u0d1f\u0d35\u0d4d \u0d2a\u0d3e\u0d32\u0d02", "id": "osm-way-621411614", "osm_type": "way", "osm_id": 621411614, "category": "bridge", "source": "OpenStreetMap (ODbL)"}, "geometry": {"type": "Point", "coordinates": [75.9994229, 11.7957339]}}, {"type": "Feature", "id": 621411616, "properties": {"bridge": "yes", "highway": "tertiary", "layer": "1", "name": "Koyilery - Kammana", "id": "osm-way-621411616", "osm_type": "way", "osm_id": 621411616, "category": "bridge", "source": "OpenStreetMap (ODbL)"}, "geometry": {"type": "Point", "coordinates": [76.0444658, 11.7864891]}}, {"type": "Feature", "id": 621411618, "properties": {"bridge": "yes", "highway": "tertiary", "layer": "1", "id": "osm-way-621411618", "osm_type": "way", "osm_id": 621411618, "category": "bridge", "source": "OpenStreetMap (ODbL)"}, "geometry": {"type": "Point", "coordinates": [76.0299103, 11.8005153]}}, {"type": "Feature", "id": 621412314, "properties": {"bridge": "yes", "highway": "secondary", "layer": "1", "name": "Panamaram - Meenangadi road", "id": "osm-way-621412314", "osm_type": "way", "osm_id": 621412314, "category": "bridge", "source": "OpenStreetMap (ODbL)"}, "geometry": {"type": "Point", "coordinates": [76.098798, 11.7061794]}}, {"type": "Feature", "id": 621431189, "properties": {"bridge": "yes", "highway": "residential", "layer": "1", "name": "Kakkadavu Bridge", "id": "osm-way-621431189", "osm_type": "way", "osm_id": 621431189, "category": "bridge", "source": "OpenStreetMap (ODbL)"}, "geometry": {"type": "Point", "coordinates": [76.0043776, 11.7200779]}}, {"type": "Feature", "id": 622901624, "properties": {"bridge": "yes", "highway": "tertiary", "layer": "1", "id": "osm-way-622901624", "osm_type": "way", "osm_id": 622901624, "category": "bridge", "source": "OpenStreetMap (ODbL)"}, "geometry": {"type": "Point", "coordinates": [76.2863644, 11.6577343]}}, {"type": "Feature", "id": 623279652, "properties": {"bridge": "yes", "highway": "secondary", "layer": "1", "name": "Koyilery - Payyampalli - Pulpalli Road", "id": "osm-way-623279652", "osm_type": "way", "osm_id": 623279652, "category": "bridge", "source": "OpenStreetMap (ODbL)"}, "geometry": {"type": "Point", "coordinates": [76.0764581, 11.7968075]}}, {"type": "Feature", "id": 623319330, "properties": {"bridge": "yes", "highway": "secondary", "layer": "1", "name": "Chettappalam", "id": "osm-way-623319330", "osm_type": "way", "osm_id": 623319330, "category": "bridge", "source": "OpenStreetMap (ODbL)"}, "geometry": {"type": "Point", "coordinates": [76.0141316, 11.8092783]}}, {"type": "Feature", "id": 641665486, "properties": {"bridge": "yes", "highway": "trunk", "layer": "1", "name": "Kozhikode - Kollegal Highway", "id": "osm-way-641665486", "osm_type": "way", "osm_id": 641665486, "category": "bridge", "source": "OpenStreetMap (ODbL)"}, "geometry": {"type": "Point", "coordinates": [76.3664277, 11.6708006]}}, {"type": "Feature", "id": 641665490, "properties": {"bridge": "yes", "highway": "trunk", "layer": "1", "name": "Wayanad Road", "id": "osm-way-641665490", "osm_type": "way", "osm_id": 641665490, "category": "bridge", "source": "OpenStreetMap (ODbL)"}, "geometry": {"type": "Point", "coordinates": [76.0816948, 11.6009247]}}, {"type": "Feature", "id": 641665493, "properties": {"bridge": "yes", "highway": "trunk", "layer": "1", "name": "kunnathu bridge", "id": "osm-way-641665493", "osm_type": "way", "osm_id": 641665493, "category": "bridge", "source": "OpenStreetMap (ODbL)"}, "geometry": {"type": "Point", "coordinates": [76.0389598, 11.5587484]}}, {"type": "Feature", "id": 656485883, "properties": {"addr:city": "Kunhome", "amenity": "place_of_worship", "building": "yes", "name": "St. Antonies Church Kunhome", "religion": "christian", "id": "osm-way-656485883", "osm_type": "way", "osm_id": 656485883, "category": "religious", "source": "OpenStreetMap (ODbL)"}, "geometry": {"type": "Point", "coordinates": [75.8591505, 11.7479844]}}, {"type": "Feature", "id": 656485890, "properties": {"amenity": "hospital", "healthcare": "hospital", "name": "Kripa Health Care", "id": "osm-way-656485890", "osm_type": "way", "osm_id": 656485890, "category": "hospital", "source": "OpenStreetMap (ODbL)"}, "geometry": {"type": "Point", "coordinates": [75.8620212, 11.7421823]}}, {"type": "Feature", "id": 671770685, "properties": {"amenity": "place_of_worship", "name": "Malankara Jacobite church", "religion": "christian", "id": "osm-way-671770685", "osm_type": "way", "osm_id": 671770685, "category": "religious", "source": "OpenStreetMap (ODbL)"}, "geometry": {"type": "Point", "coordinates": [76.2672417, 11.6444018]}}, {"type": "Feature", "id": 681789228, "properties": {"amenity": "school", "name": "Jawahar Navodaya Vidyalaya, Lakkidi", "wikidata": "Q62785460", "wikipedia": "en:Jawahar Navodaya Vidyalaya, Wayanad", "id": "osm-way-681789228", "osm_type": "way", "osm_id": 681789228, "category": "school", "source": "OpenStreetMap (ODbL)"}, "geometry": {"type": "Point", "coordinates": [76.0207638, 11.5353465]}}, {"type": "Feature", "id": 713174480, "properties": {"bridge": "yes", "highway": "tertiary", "layer": "1", "id": "osm-way-713174480", "osm_type": "way", "osm_id": 713174480, "category": "bridge", "source": "OpenStreetMap (ODbL)"}, "geometry": {"type": "Point", "coordinates": [75.9713554, 11.8309171]}}, {"type": "Feature", "id": 713174483, "properties": {"bridge": "yes", "highway": "tertiary", "layer": "1", "id": "osm-way-713174483", "osm_type": "way", "osm_id": 713174483, "category": "bridge", "source": "OpenStreetMap (ODbL)"}, "geometry": {"type": "Point", "coordinates": [75.9572512, 11.8373944]}}, {"type": "Feature", "id": 713174485, "properties": {"bridge": "yes", "highway": "tertiary", "layer": "1", "id": "osm-way-713174485", "osm_type": "way", "osm_id": 713174485, "category": "bridge", "source": "OpenStreetMap (ODbL)"}, "geometry": {"type": "Point", "coordinates": [75.982458, 11.8194855]}}, {"type": "Feature", "id": 714818712, "properties": {"addr:district": "Wayanad", "addr:village": "Vengappally", "amenity": "school", "name": "Amma Sahayam Upper Primary School Thekkumthara", "id": "osm-way-714818712", "osm_type": "way", "osm_id": 714818712, "category": "school", "source": "OpenStreetMap (ODbL)"}, "geometry": {"type": "Point", "coordinates": [76.0411725, 11.6490806]}}, {"type": "Feature", "id": 714840187, "properties": {"building": "yes", "name": "Grama Panchayath Office, Vengapally", "office": "government", "id": "osm-way-714840187", "osm_type": "way", "osm_id": 714840187, "category": "government", "source": "OpenStreetMap (ODbL)"}, "geometry": {"type": "Point", "coordinates": [76.0329191, 11.6317653]}}, {"type": "Feature", "id": 714840188, "properties": {"building": "yes", "government": "panchayath_office", "name": "Grama Panchayath Office, Vengapally", "office": "government", "id": "osm-way-714840188", "osm_type": "way", "osm_id": 714840188, "category": "government", "source": "OpenStreetMap (ODbL)"}, "geometry": {"type": "Point", "coordinates": [76.0327861, 11.6315496]}}, {"type": "Feature", "id": 717048432, "properties": {"amenity": "place_of_worship", "building": "cathedral", "name": "Saint Mary's Orthodox Cathedral Sultan Bathery", "religion": "christian", "id": "osm-way-717048432", "osm_type": "way", "osm_id": 717048432, "category": "religious", "source": "OpenStreetMap (ODbL)"}, "geometry": {"type": "Point", "coordinates": [76.2656128, 11.6645189]}}, {"type": "Feature", "id": 717085353, "properties": {"addr:district": "Wayanad", "addr:village": "Kuppady", "amenity": "college", "name": "St. Mary's College sulthan bathery", "website": "https://collegedunia.com/college/4932-st-marys-college-sulthan-batheri", "wikidata": "Q48725272", "wikipedia": "en:St Mary's College, Sulthan Bathery", "id": "osm-way-717085353", "osm_type": "way", "osm_id": 717085353, "category": "college", "source": "OpenStreetMap (ODbL)"}, "geometry": {"type": "Point", "coordinates": [76.2649841, 11.6786326]}}, {"type": "Feature", "id": 717089262, "properties": {"amenity": "place_of_worship", "building": "yes", "name": "St. Mary\u2019s Orthodox Church", "religion": "christian", "id": "osm-way-717089262", "osm_type": "way", "osm_id": 717089262, "category": "religious", "source": "OpenStreetMap (ODbL)"}, "geometry": {"type": "Point", "coordinates": [76.0867174, 11.630301]}}, {"type": "Feature", "id": 721558069, "properties": {"bridge": "yes", "highway": "tertiary", "layer": "1", "id": "osm-way-721558069", "osm_type": "way", "osm_id": 721558069, "category": "bridge", "source": "OpenStreetMap (ODbL)"}, "geometry": {"type": "Point", "coordinates": [76.1700096, 11.6226738]}}, {"type": "Feature", "id": 730959349, "properties": {"bridge": "yes", "highway": "primary", "layer": "1", "name": "Thalasseri - Bavali Road", "id": "osm-way-730959349", "osm_type": "way", "osm_id": 730959349, "category": "bridge", "source": "OpenStreetMap (ODbL)"}, "geometry": {"type": "Point", "coordinates": [75.9583161, 11.8367537]}}, {"type": "Feature", "id": 736414903, "properties": {"addr:city": "porur po", "amenity": "social_facility", "building": "yes", "name": "Snehalayam oldage home", "id": "osm-way-736414903", "osm_type": "way", "osm_id": 736414903, "category": "community", "source": "OpenStreetMap (ODbL)"}, "geometry": {"type": "Point", "coordinates": [75.9253322, 11.8024489]}}, {"type": "Feature", "id": 736414919, "properties": {"amenity": "kindergarten", "name": "aykkadi colony anganwadi", "id": "osm-way-736414919", "osm_type": "way", "osm_id": 736414919, "category": "school", "source": "OpenStreetMap (ODbL)"}, "geometry": {"type": "Point", "coordinates": [75.9206318, 11.8009098]}}, {"type": "Feature", "id": 736440507, "properties": {"amenity": "place_of_worship", "building": "yes", "name": "Mundakkai Juma Masjid (destroyed)", "religion": "muslim", "id": "osm-way-736440507", "osm_type": "way", "osm_id": 736440507, "category": "religious", "source": "OpenStreetMap (ODbL)"}, "geometry": {"type": "Point", "coordinates": [76.1552526, 11.4868991]}}, {"type": "Feature", "id": 736680808, "properties": {"addr:city": "Kaniyambatta", "amenity": "place_of_worship", "building": "church", "name": "Saint Thomas Church Arinchermala", "religion": "christian", "id": "osm-way-736680808", "osm_type": "way", "osm_id": 736680808, "category": "religious", "source": "OpenStreetMap (ODbL)"}, "geometry": {"type": "Point", "coordinates": [76.0658251, 11.7058677]}}, {"type": "Feature", "id": 737775393, "properties": {"addr:city": "Kaniyambatta", "building": "yes", "government": "panchayath_office", "name": "Kaniyambetta Grama Panchayath Office", "office": "government", "phone": "+91 4936 286693", "id": "osm-way-737775393", "osm_type": "way", "osm_id": 737775393, "category": "government", "source": "OpenStreetMap (ODbL)"}, "geometry": {"type": "Point", "coordinates": [76.0807822, 11.6958214]}}, {"type": "Feature", "id": 737777884, "properties": {"amenity": "school", "name": "Nivedhitha Vidhya Nikethan Upper Primary school", "operator": "Privete", "id": "osm-way-737777884", "osm_type": "way", "osm_id": 737777884, "category": "school", "source": "OpenStreetMap (ODbL)"}, "geometry": {"type": "Point", "coordinates": [76.0829178, 11.6991106]}}, {"type": "Feature", "id": 737777885, "properties": {"addr:district": "Wayanad", "addr:village": "Kaniyambetta", "amenity": "school", "name": "Government Higher Secondary School Kaniyambetta", "operator:type": "government", "id": "osm-way-737777885", "osm_type": "way", "osm_id": 737777885, "category": "school", "source": "OpenStreetMap (ODbL)"}, "geometry": {"type": "Point", "coordinates": [76.0835402, 11.699779]}}, {"type": "Feature", "id": 737781343, "properties": {"amenity": "place_of_worship", "building": "yes", "name": "Pongini paradevatha bhadhrakali temple", "religion": "hindu", "id": "osm-way-737781343", "osm_type": "way", "osm_id": 737781343, "category": "religious", "source": "OpenStreetMap (ODbL)"}, "geometry": {"type": "Point", "coordinates": [76.0884895, 11.716605]}}, {"type": "Feature", "id": 737789315, "properties": {"amenity": "school", "name": "Government Polytechnic College Meenangadi", "id": "osm-way-737789315", "osm_type": "way", "osm_id": 737789315, "category": "school", "source": "OpenStreetMap (ODbL)"}, "geometry": {"type": "Point", "coordinates": [76.1542928, 11.6651024]}}, {"type": "Feature", "id": 741592057, "properties": {"addr:city": "Sulthan Bathery", "addr:district": "Wayanad", "addr:village": "Nenmeni", "amenity": "school", "name": "Kunthani School", "operator": "Public Education Department", "operator:type": "government", "id": "osm-way-741592057", "osm_type": "way", "osm_id": 741592057, "category": "school", "source": "OpenStreetMap (ODbL)"}, "geometry": {"type": "Point", "coordinates": [76.2596961, 11.6313993]}}, {"type": "Feature", "id": 762770930, "properties": {"addr:district": "Wayanad", "addr:village": "Ambalavayal", "amenity": "school", "name": "Gvhss Ambalavayal High School, Kerala", "wikidata": "Q64522262", "id": "osm-way-762770930", "osm_type": "way", "osm_id": 762770930, "category": "school", "source": "OpenStreetMap (ODbL)"}, "geometry": {"type": "Point", "coordinates": [76.2130538, 11.6220013]}}, {"type": "Feature", "id": 762820946, "properties": {"name": "Kanthanpara Waterfalls", "natural": "water", "operator": "DTPC Wayanad", "tourism": "attraction", "id": "osm-way-762820946", "osm_type": "way", "osm_id": 762820946, "category": "tourism", "source": "OpenStreetMap (ODbL)"}, "geometry": {"type": "Point", "coordinates": [76.1528461, 11.5235522]}}, {"type": "Feature", "id": 763017314, "properties": {"addr:district": "Wayanad", "addr:village": "Mooppainad", "amenity": "school", "name": "CMS Higher Secondary School, Arapetta", "id": "osm-way-763017314", "osm_type": "way", "osm_id": 763017314, "category": "school", "source": "OpenStreetMap (ODbL)"}, "geometry": {"type": "Point", "coordinates": [76.1603329, 11.5405918]}}, {"type": "Feature", "id": 763029796, "properties": {"addr:city": "Meppadi", "amenity": "hospital", "healthcare": "hospital", "name": "Communinty Health Centre Meppadi", "operator": "Department of Health Services", "operator:type": "government", "id": "osm-way-763029796", "osm_type": "way", "osm_id": 763029796, "category": "hospital", "source": "OpenStreetMap (ODbL)"}, "geometry": {"type": "Point", "coordinates": [76.1307697, 11.5583935]}}, {"type": "Feature", "id": 794429893, "properties": {"bridge": "yes", "highway": "secondary", "layer": "1", "name": "Vythiri-Tharuvana Road", "id": "osm-way-794429893", "osm_type": "way", "osm_id": 794429893, "category": "bridge", "source": "OpenStreetMap (ODbL)"}, "geometry": {"type": "Point", "coordinates": [76.0189058, 11.5905668]}}, {"type": "Feature", "id": 794678803, "properties": {"bridge": "yes", "highway": "tertiary", "layer": "1", "id": "osm-way-794678803", "osm_type": "way", "osm_id": 794678803, "category": "bridge", "source": "OpenStreetMap (ODbL)"}, "geometry": {"type": "Point", "coordinates": [76.1634327, 11.5016372]}}, {"type": "Feature", "id": 794740011, "properties": {"bridge": "yes", "highway": "primary", "layer": "1", "name": "Mananthavady-Pakramthalam Road", "id": "osm-way-794740011", "osm_type": "way", "osm_id": 794740011, "category": "bridge", "source": "OpenStreetMap (ODbL)"}, "geometry": {"type": "Point", "coordinates": [75.8619152, 11.7419106]}}, {"type": "Feature", "id": 794740013, "properties": {"bridge": "yes", "highway": "primary", "layer": "1", "name": "Mananthavady-Pakramthalam Road", "id": "osm-way-794740013", "osm_type": "way", "osm_id": 794740013, "category": "bridge", "source": "OpenStreetMap (ODbL)"}, "geometry": {"type": "Point", "coordinates": [75.9002481, 11.7408854]}}, {"type": "Feature", "id": 794754900, "properties": {"bridge": "yes", "highway": "secondary", "layer": "1", "id": "osm-way-794754900", "osm_type": "way", "osm_id": 794754900, "category": "bridge", "source": "OpenStreetMap (ODbL)"}, "geometry": {"type": "Point", "coordinates": [76.1105084, 11.6401527]}}, {"type": "Feature", "id": 794861727, "properties": {"bridge": "yes", "layer": "1", "name": "Vilakkithara VCB", "operator": "Kerala Irrigation Department", "waterway": "weir", "id": "osm-way-794861727", "osm_type": "way", "osm_id": 794861727, "category": "weir", "source": "OpenStreetMap (ODbL)"}, "geometry": {"type": "Point", "coordinates": [76.0980389, 11.571333]}}, {"type": "Feature", "id": 795167141, "properties": {"bridge": "yes", "highway": "secondary", "layer": "1", "name": "60 kavala-marakkadavu", "id": "osm-way-795167141", "osm_type": "way", "osm_id": 795167141, "category": "bridge", "source": "OpenStreetMap (ODbL)"}, "geometry": {"type": "Point", "coordinates": [76.161156, 11.8648179]}}, {"type": "Feature", "id": 795237432, "properties": {"bridge": "yes", "highway": "secondary", "layer": "1", "id": "osm-way-795237432", "osm_type": "way", "osm_id": 795237432, "category": "bridge", "source": "OpenStreetMap (ODbL)"}, "geometry": {"type": "Point", "coordinates": [76.1742038, 11.7656646]}}, {"type": "Feature", "id": 795586828, "properties": {"bridge": "yes", "highway": "secondary", "layer": "1", "id": "osm-way-795586828", "osm_type": "way", "osm_id": 795586828, "category": "bridge", "source": "OpenStreetMap (ODbL)"}, "geometry": {"type": "Point", "coordinates": [76.1873851, 11.7078224]}}, {"type": "Feature", "id": 795586843, "properties": {"bridge": "yes", "highway": "tertiary", "name": "Thazhathangadi Check Dam", "operator": "Kerala Irrigation Department", "waterway": "weir", "id": "osm-way-795586843", "osm_type": "way", "osm_id": 795586843, "category": "weir", "source": "OpenStreetMap (ODbL)"}, "geometry": {"type": "Point", "coordinates": [76.1585238, 11.7297182]}}, {"type": "Feature", "id": 795608754, "properties": {"bridge": "yes", "highway": "unclassified", "layer": "1", "name": "Mylambadi Road", "id": "osm-way-795608754", "osm_type": "way", "osm_id": 795608754, "category": "bridge", "source": "OpenStreetMap (ODbL)"}, "geometry": {"type": "Point", "coordinates": [76.1825791, 11.6835764]}}, {"type": "Feature", "id": 795608756, "properties": {"bridge": "yes", "highway": "secondary", "layer": "1", "name": "Pannimunda Bridge", "name:ml": "\u0d2a\u0d28\u0d4d\u0d28\u0d3f\u0d2e\u0d41\u0d23\u0d4d\u0d1f \u0d2a\u0d3e\u0d32\u0d02", "id": "osm-way-795608756", "osm_type": "way", "osm_id": 795608756, "category": "bridge", "source": "OpenStreetMap (ODbL)"}, "geometry": {"type": "Point", "coordinates": [76.1672714, 11.6725762]}}, {"type": "Feature", "id": 795608765, "properties": {"bridge": "yes", "highway": "tertiary", "layer": "1", "id": "osm-way-795608765", "osm_type": "way", "osm_id": 795608765, "category": "bridge", "source": "OpenStreetMap (ODbL)"}, "geometry": {"type": "Point", "coordinates": [76.1613522, 11.6770951]}}, {"type": "Feature", "id": 795623265, "properties": {"bridge": "yes", "highway": "tertiary", "layer": "1", "id": "osm-way-795623265", "osm_type": "way", "osm_id": 795623265, "category": "bridge", "source": "OpenStreetMap (ODbL)"}, "geometry": {"type": "Point", "coordinates": [76.1678342, 11.6422037]}}, {"type": "Feature", "id": 795623269, "properties": {"bridge": "yes", "highway": "secondary", "layer": "1", "name": "Meenangadi - Kumbaleri - Ambalavayal Road", "id": "osm-way-795623269", "osm_type": "way", "osm_id": 795623269, "category": "bridge", "source": "OpenStreetMap (ODbL)"}, "geometry": {"type": "Point", "coordinates": [76.1745089, 11.6480655]}}, {"type": "Feature", "id": 795756580, "properties": {"bridge": "yes", "highway": "tertiary", "layer": "1", "id": "osm-way-795756580", "osm_type": "way", "osm_id": 795756580, "category": "bridge", "source": "OpenStreetMap (ODbL)"}, "geometry": {"type": "Point", "coordinates": [76.0666644, 11.6930855]}}, {"type": "Feature", "id": 795757413, "properties": {"bridge": "yes", "highway": "tertiary", "layer": "1", "id": "osm-way-795757413", "osm_type": "way", "osm_id": 795757413, "category": "bridge", "source": "OpenStreetMap (ODbL)"}, "geometry": {"type": "Point", "coordinates": [76.0738781, 11.6308541]}}, {"type": "Feature", "id": 795856771, "properties": {"addr:city": "Mananthavady", "name": "Substation", "power": "substation", "id": "osm-way-795856771", "osm_type": "way", "osm_id": 795856771, "category": "power", "source": "OpenStreetMap (ODbL)"}, "geometry": {"type": "Point", "coordinates": [75.970638, 11.8333015]}}, {"type": "Feature", "id": 795889018, "properties": {"amenity": "school", "name": "vanhode AUPS", "id": "osm-way-795889018", "osm_type": "way", "osm_id": 795889018, "category": "school", "source": "OpenStreetMap (ODbL)"}, "geometry": {"type": "Point", "coordinates": [75.9057658, 11.7557594]}}, {"type": "Feature", "id": 795902825, "properties": {"addr:district": "Wayanadu", "addr:village": "Thondernadu", "amenity": "school", "name": "M T D M Higher Secondary School Thondernadu", "id": "osm-way-795902825", "osm_type": "way", "osm_id": 795902825, "category": "school", "source": "OpenStreetMap (ODbL)"}, "geometry": {"type": "Point", "coordinates": [75.8806104, 11.7554575]}}, {"type": "Feature", "id": 795921775, "properties": {"addr:city": "vellamunda", "building": "yes", "government": "panchayath_office", "name": "Panchayath Office, Vellamunda", "office": "government", "id": "osm-way-795921775", "osm_type": "way", "osm_id": 795921775, "category": "government", "source": "OpenStreetMap (ODbL)"}, "geometry": {"type": "Point", "coordinates": [75.9563528, 11.7338088]}}, {"type": "Feature", "id": 796237440, "properties": {"building": "yes", "name": "Thondernadu gramapanchayath office", "office": "government", "id": "osm-way-796237440", "osm_type": "way", "osm_id": 796237440, "category": "government", "source": "OpenStreetMap (ODbL)"}, "geometry": {"type": "Point", "coordinates": [75.8820489, 11.7434536]}}, {"type": "Feature", "id": 796237479, "properties": {"bridge": "yes", "highway": "secondary", "layer": "1", "id": "osm-way-796237479", "osm_type": "way", "osm_id": 796237479, "category": "bridge", "source": "OpenStreetMap (ODbL)"}, "geometry": {"type": "Point", "coordinates": [75.8418524, 11.7622867]}}, {"type": "Feature", "id": 796237497, "properties": {"bridge": "yes", "highway": "secondary", "layer": "1", "id": "osm-way-796237497", "osm_type": "way", "osm_id": 796237497, "category": "bridge", "source": "OpenStreetMap (ODbL)"}, "geometry": {"type": "Point", "coordinates": [75.8478698, 11.7734805]}}, {"type": "Feature", "id": 796539344, "properties": {"bridge": "yes", "highway": "secondary", "layer": "1", "id": "osm-way-796539344", "osm_type": "way", "osm_id": 796539344, "category": "bridge", "source": "OpenStreetMap (ODbL)"}, "geometry": {"type": "Point", "coordinates": [75.9176682, 11.771606]}}, {"type": "Feature", "id": 796935200, "properties": {"bridge": "yes", "highway": "secondary", "layer": "1", "name": "Mananthavady - Kallodi - Makkiyad Road", "id": "osm-way-796935200", "osm_type": "way", "osm_id": 796935200, "category": "bridge", "source": "OpenStreetMap (ODbL)"}, "geometry": {"type": "Point", "coordinates": [75.9479504, 11.7588565]}}, {"type": "Feature", "id": 796935202, "properties": {"bridge": "yes", "highway": "residential", "layer": "1", "name": "VCB", "operator": "Kerala Irrigation Department", "waterway": "weir", "id": "osm-way-796935202", "osm_type": "way", "osm_id": 796935202, "category": "weir", "source": "OpenStreetMap (ODbL)"}, "geometry": {"type": "Point", "coordinates": [75.9482692, 11.7556865]}}, {"type": "Feature", "id": 796935206, "properties": {"bridge": "yes", "highway": "tertiary", "layer": "1", "name": "Thettamala - Vellamunda Road", "id": "osm-way-796935206", "osm_type": "way", "osm_id": 796935206, "category": "bridge", "source": "OpenStreetMap (ODbL)"}, "geometry": {"type": "Point", "coordinates": [75.933081, 11.740144]}}, {"type": "Feature", "id": 797237590, "properties": {"bridge": "yes", "highway": "tertiary", "layer": "1", "id": "osm-way-797237590", "osm_type": "way", "osm_id": 797237590, "category": "bridge", "source": "OpenStreetMap (ODbL)"}, "geometry": {"type": "Point", "coordinates": [76.3058387, 11.595618]}}, {"type": "Feature", "id": 797523964, "properties": {"addr:district": "Wayanad", "addr:village": "Poothadi", "amenity": "school", "name": "Sree Narayana Higher Secondary School Poothadi", "id": "osm-way-797523964", "osm_type": "way", "osm_id": 797523964, "category": "school", "source": "OpenStreetMap (ODbL)"}, "geometry": {"type": "Point", "coordinates": [76.1172083, 11.7129296]}}, {"type": "Feature", "id": 797568135, "properties": {"building": "yes", "government": "village_office", "name": "Village Office, Poothadi", "office": "government", "phone": "+91-4936210260", "id": "osm-way-797568135", "osm_type": "way", "osm_id": 797568135, "category": "government", "source": "OpenStreetMap (ODbL)"}, "geometry": {"type": "Point", "coordinates": [76.1544887, 11.7192065]}}, {"type": "Feature", "id": 797572639, "properties": {"addr:district": "Wayanad", "addr:village": "Vellamunda", "amenity": "school", "name": "St Annes English Medium Public School", "id": "osm-way-797572639", "osm_type": "way", "osm_id": 797572639, "category": "school", "source": "OpenStreetMap (ODbL)"}, "geometry": {"type": "Point", "coordinates": [75.9420231, 11.7331068]}}, {"type": "Feature", "id": 797573177, "properties": {"amenity": "place_of_worship", "building": "yes", "name": "Koleri Temple", "religion": "hindu", "id": "osm-way-797573177", "osm_type": "way", "osm_id": 797573177, "category": "religious", "source": "OpenStreetMap (ODbL)"}, "geometry": {"type": "Point", "coordinates": [76.167219, 11.7151758]}}, {"type": "Feature", "id": 797593748, "properties": {"addr:district": "Wayanad", "addr:village": "Poothadi", "amenity": "school", "name": "Government Higher Secondary School Koleri", "operator": "Department of education", "operator:type": "government", "id": "osm-way-797593748", "osm_type": "way", "osm_id": 797593748, "category": "school", "source": "OpenStreetMap (ODbL)"}, "geometry": {"type": "Point", "coordinates": [76.1681263, 11.7133271]}}, {"type": "Feature", "id": 797796572, "properties": {"bridge": "yes", "layer": "1", "name": "Chirattayambam Check Dam", "operator": "Kerala Irrigation Department", "waterway": "weir", "id": "osm-way-797796572", "osm_type": "way", "osm_id": 797796572, "category": "weir", "source": "OpenStreetMap (ODbL)"}, "geometry": {"type": "Point", "coordinates": [76.1614094, 11.7237423]}}, {"type": "Feature", "id": 797813739, "properties": {"amenity": "school", "name": "Government High School Athiratukunnu", "id": "osm-way-797813739", "osm_type": "way", "osm_id": 797813739, "category": "school", "source": "OpenStreetMap (ODbL)"}, "geometry": {"type": "Point", "coordinates": [76.1686374, 11.7424791]}}, {"type": "Feature", "id": 797825353, "properties": {"amenity": "place_of_worship", "building": "yes", "name": "Uma-Maheswara MahaVishnu Temple", "religion": "hindu", "id": "osm-way-797825353", "osm_type": "way", "osm_id": 797825353, "category": "religious", "source": "OpenStreetMap (ODbL)"}, "geometry": {"type": "Point", "coordinates": [76.181425, 11.7226811]}}, {"type": "Feature", "id": 797857219, "properties": {"addr:district": "Wayanad", "addr:village": "Sulthan Bathery", "amenity": "school", "name": "Government High School Beenachi", "id": "osm-way-797857219", "osm_type": "way", "osm_id": 797857219, "category": "school", "source": "OpenStreetMap (ODbL)"}, "geometry": {"type": "Point", "coordinates": [76.2347509, 11.6623541]}}, {"type": "Feature", "id": 797875572, "properties": {"addr:district": "Wayanad", "addr:village": "Pulpally", "amenity": "school", "name": "Vijaya Higher Secondary , High School Ground", "id": "osm-way-797875572", "osm_type": "way", "osm_id": 797875572, "category": "school", "source": "OpenStreetMap (ODbL)"}, "geometry": {"type": "Point", "coordinates": [76.1671023, 11.7910054]}}, {"type": "Feature", "id": 797896556, "properties": {"addr:city": "Pulpally", "amenity": "place_of_worship", "building": "yes", "name": "Town Church (Sacred Heart Church)", "religion": "christian", "id": "osm-way-797896556", "osm_type": "way", "osm_id": 797896556, "category": "religious", "source": "OpenStreetMap (ODbL)"}, "geometry": {"type": "Point", "coordinates": [76.1642567, 11.7921989]}}, {"type": "Feature", "id": 797908051, "properties": {"addr:district": "Wayanad", "addr:village": "Pulpally", "amenity": "school", "name": "Amrita Vidyalayam Pulpally", "id": "osm-way-797908051", "osm_type": "way", "osm_id": 797908051, "category": "school", "source": "OpenStreetMap (ODbL)"}, "geometry": {"type": "Point", "coordinates": [76.1645524, 11.7818942]}}, {"type": "Feature", "id": 797909314, "properties": {"bridge": "yes", "highway": "secondary", "layer": "1", "id": "osm-way-797909314", "osm_type": "way", "osm_id": 797909314, "category": "bridge", "source": "OpenStreetMap (ODbL)"}, "geometry": {"type": "Point", "coordinates": [76.2790037, 11.6157288]}}, {"type": "Feature", "id": 798020145, "properties": {"building": "yes", "government": "village_office", "name": "Village Office, Thondernad", "office": "government", "id": "osm-way-798020145", "osm_type": "way", "osm_id": 798020145, "category": "government", "source": "OpenStreetMap (ODbL)"}, "geometry": {"type": "Point", "coordinates": [75.8808825, 11.7443149]}}, {"type": "Feature", "id": 798230807, "properties": {"addr:city": "wayanad", "amenity": "place_of_worship", "building": "church", "name": "St. Sebastian's Syro Malabar Church", "religion": "christian", "id": "osm-way-798230807", "osm_type": "way", "osm_id": 798230807, "category": "religious", "source": "OpenStreetMap (ODbL)"}, "geometry": {"type": "Point", "coordinates": [76.1488097, 11.7249298]}}, {"type": "Feature", "id": 798233466, "properties": {"amenity": "place_of_worship", "building": "yes", "name": "Cheengodu Church", "religion": "christian", "id": "osm-way-798233466", "osm_type": "way", "osm_id": 798233466, "category": "religious", "source": "OpenStreetMap (ODbL)"}, "geometry": {"type": "Point", "coordinates": [76.1318438, 11.7313631]}}, {"type": "Feature", "id": 798236240, "properties": {"building": "yes", "healthcare": "hospital", "name": "St Anns Hospital", "id": "osm-way-798236240", "osm_type": "way", "osm_id": 798236240, "category": "hospital", "source": "OpenStreetMap (ODbL)"}, "geometry": {"type": "Point", "coordinates": [76.1221579, 11.7388792]}}, {"type": "Feature", "id": 798266961, "properties": {"amenity": "place_of_worship", "building": "yes", "name": "Seethadevi Temple", "religion": "hindu", "id": "osm-way-798266961", "osm_type": "way", "osm_id": 798266961, "category": "religious", "source": "OpenStreetMap (ODbL)"}, "geometry": {"type": "Point", "coordinates": [76.1955344, 11.7512951]}}, {"type": "Feature", "id": 798266962, "properties": {"amenity": "place_of_worship", "building": "yes", "name": "St.Sebastian's Church", "religion": "christian", "id": "osm-way-798266962", "osm_type": "way", "osm_id": 798266962, "category": "religious", "source": "OpenStreetMap (ODbL)"}, "geometry": {"type": "Point", "coordinates": [76.196359, 11.7497788]}}, {"type": "Feature", "id": 798279256, "properties": {"amenity": "place_of_worship", "building": "yes", "name": "St.Mary's Church", "religion": "christian", "id": "osm-way-798279256", "osm_type": "way", "osm_id": 798279256, "category": "religious", "source": "OpenStreetMap (ODbL)"}, "geometry": {"type": "Point", "coordinates": [76.0398131, 11.5486598]}}, {"type": "Feature", "id": 798425991, "properties": {"bridge": "yes", "highway": "primary", "layer": "1", "name": "Mananthavady-Pakramthalam Road", "id": "osm-way-798425991", "osm_type": "way", "osm_id": 798425991, "category": "bridge", "source": "OpenStreetMap (ODbL)"}, "geometry": {"type": "Point", "coordinates": [75.8282468, 11.7349502]}}, {"type": "Feature", "id": 798640198, "properties": {"amenity": "place_of_worship", "building": "church", "name": "St.Mary's Church.Kabanigiri", "religion": "christian", "id": "osm-way-798640198", "osm_type": "way", "osm_id": 798640198, "category": "religious", "source": "OpenStreetMap (ODbL)"}, "geometry": {"type": "Point", "coordinates": [76.1804087, 11.8546666]}}, {"type": "Feature", "id": 798756818, "properties": {"amenity": "hospital", "healthcare": "hospital", "name": "Primary Health Center Mullankolly", "operator": "Department of health Services", "operator:type": "government", "id": "osm-way-798756818", "osm_type": "way", "osm_id": 798756818, "category": "hospital", "source": "OpenStreetMap (ODbL)"}, "geometry": {"type": "Point", "coordinates": [76.1795472, 11.8465258]}}, {"type": "Feature", "id": 798809158, "properties": {"amenity": "hospital", "emergency": "yes", "healthcare": "hospital", "name": "Govt. Taluk Head Quarters Hospital, Sulthan Bathery", "operator": "Deprtment of Health Services", "operator:type": "government", "id": "osm-way-798809158", "osm_type": "way", "osm_id": 798809158, "category": "hospital", "source": "OpenStreetMap (ODbL)"}, "geometry": {"type": "Point", "coordinates": [76.2635843, 11.658439]}}, {"type": "Feature", "id": 798869716, "properties": {"addr:city": "Muttil", "amenity": "school", "name": "W.O Higher Secondary School, Muttil", "wikidata": "Q64522000", "id": "osm-way-798869716", "osm_type": "way", "osm_id": 798869716, "category": "school", "source": "OpenStreetMap (ODbL)"}, "geometry": {"type": "Point", "coordinates": [76.1188777, 11.6333845]}}, {"type": "Feature", "id": 798876254, "properties": {"amenity": "place_of_worship", "building": "yes", "name": "St. Catherine's Forane Church", "religion": "christian", "id": "osm-way-798876254", "osm_type": "way", "osm_id": 798876254, "category": "religious", "source": "OpenStreetMap (ODbL)"}, "geometry": {"type": "Point", "coordinates": [76.054653, 11.8108814]}}, {"type": "Feature", "id": 799059625, "properties": {"amenity": "community_centre", "building": "yes", "name": "Kattikettikal Centre Poomala", "id": "osm-way-799059625", "osm_type": "way", "osm_id": 799059625, "category": "community", "source": "OpenStreetMap (ODbL)"}, "geometry": {"type": "Point", "coordinates": [76.25008, 11.6463038]}}, {"type": "Feature", "id": 799059626, "properties": {"amenity": "place_of_worship", "building": "yes", "name": "Holy Cross Church - LC", "religion": "christian", "id": "osm-way-799059626", "osm_type": "way", "osm_id": 799059626, "category": "religious", "source": "OpenStreetMap (ODbL)"}, "geometry": {"type": "Point", "coordinates": [76.249699, 11.6468802]}}, {"type": "Feature", "id": 799281118, "properties": {"addr:city": "Panamaram", "amenity": "hospital", "healthcare": "hospital", "name": "Community Health Centre Panamaram", "operator": "Departnment of health Services", "operator:type": "government", "id": "osm-way-799281118", "osm_type": "way", "osm_id": 799281118, "category": "hospital", "source": "OpenStreetMap (ODbL)"}, "geometry": {"type": "Point", "coordinates": [76.0702992, 11.7384608]}}, {"type": "Feature", "id": 799281364, "properties": {"addr:city": "varayal", "amenity": "hospital", "emergency": "no", "healthcare": "hospital", "name": "Community Health Centre Peria", "operator": "Department of Health Services", "operator:type": "government", "id": "osm-way-799281364", "osm_type": "way", "osm_id": 799281364, "category": "hospital", "source": "OpenStreetMap (ODbL)"}, "geometry": {"type": "Point", "coordinates": [75.8844915, 11.8410438]}}, {"type": "Feature", "id": 799282620, "properties": {"amenity": "hospital", "healthcare": "hospital", "name": "Community Health Centre, Meppady", "operator": "Department of Health Services", "operator:type": "government", "id": "osm-way-799282620", "osm_type": "way", "osm_id": 799282620, "category": "hospital", "source": "OpenStreetMap (ODbL)"}, "geometry": {"type": "Point", "coordinates": [76.2099125, 11.6202435]}}, {"type": "Feature", "id": 799283331, "properties": {"amenity": "hospital", "healthcare": "hospital", "name": "Community Health Centre, Pulpally", "operator": "Department of Health Services", "operator:type": "government", "id": "osm-way-799283331", "osm_type": "way", "osm_id": 799283331, "category": "hospital", "source": "OpenStreetMap (ODbL)"}, "geometry": {"type": "Point", "coordinates": [76.1622556, 11.782553]}}, {"type": "Feature", "id": 799290259, "properties": {"addr:city": "Nlloornad", "amenity": "hospital", "healthcare": "hospital", "name": "Government Tribal Hospital", "operator": "Department Of health Servises", "operator:type": "government", "id": "osm-way-799290259", "osm_type": "way", "osm_id": 799290259, "category": "hospital", "source": "OpenStreetMap (ODbL)"}, "geometry": {"type": "Point", "coordinates": [75.9812593, 11.7556649]}}, {"type": "Feature", "id": 799292382, "properties": {"amenity": "hospital", "healthcare": "hospital", "name": "Primary Health Centre Vellamunda", "operator": "Department of Health and Family Welfare", "operator:type": "government", "id": "osm-way-799292382", "osm_type": "way", "osm_id": 799292382, "category": "hospital", "source": "OpenStreetMap (ODbL)"}, "geometry": {"type": "Point", "coordinates": [75.9559317, 11.7049126]}}, {"type": "Feature", "id": 799292778, "properties": {"addr:city": "Cheeral", "amenity": "hospital", "emergency": "no", "healthcare": "hospital", "name": "Primary Health Centre Cheeral", "operator": "Department of Health Services", "operator:type": "government", "id": "osm-way-799292778", "osm_type": "way", "osm_id": 799292778, "category": "hospital", "source": "OpenStreetMap (ODbL)"}, "geometry": {"type": "Point", "coordinates": [76.316091, 11.6105626]}}, {"type": "Feature", "id": 799294053, "properties": {"amenity": "hospital", "healthcare": "hospital", "name": "Main Center, PHC  Vazhavatta", "operator": "Department of Health Services", "operator:type": "government", "id": "osm-way-799294053", "osm_type": "way", "osm_id": 799294053, "category": "hospital", "source": "OpenStreetMap (ODbL)"}, "geometry": {"type": "Point", "coordinates": [76.1583019, 11.6214573]}}, {"type": "Feature", "id": 799300017, "properties": {"amenity": "place_of_worship", "building": "yes", "name": "Mariyamman Kovil", "name:ml": "\u0d2e\u0d3e\u0d30\u0d3f\u0d2f\u0d2e\u0d4d\u0d2e\u0d7b \u0d15\u0d4b\u0d35\u0d3f\u0d7d", "religion": "hindu", "wikidata": "Q125210498", "id": "osm-way-799300017", "osm_type": "way", "osm_id": 799300017, "category": "religious", "source": "OpenStreetMap (ODbL)"}, "geometry": {"type": "Point", "coordinates": [76.1047582, 11.7132584]}}, {"type": "Feature", "id": 799300185, "properties": {"addr:city": "mananthavady", "amenity": "hospital", "emergency": "yes", "healthcare": "hospital", "name": "Primary Health Centre Kurukanmoola", "operator": "Department of Health Services", "operator:type": "government", "id": "osm-way-799300185", "osm_type": "way", "osm_id": 799300185, "category": "hospital", "source": "OpenStreetMap (ODbL)"}, "geometry": {"type": "Point", "coordinates": [76.063034, 11.8263179]}}, {"type": "Feature", "id": 799300187, "properties": {"amenity": "hospital", "healthcare": "hospital", "name": "Primary Health Centre Begur", "operator": "Department of Health Services", "operator:type": "government", "id": "osm-way-799300187", "osm_type": "way", "osm_id": 799300187, "category": "hospital", "source": "OpenStreetMap (ODbL)"}, "geometry": {"type": "Point", "coordinates": [76.0672934, 11.8495649]}}, {"type": "Feature", "id": 799300978, "properties": {"amenity": "hospital", "healthcare": "hospital", "name": "Primary Health Centre Varadoor", "operator": "Department of Health Services", "operator:type": "government", "id": "osm-way-799300978", "osm_type": "way", "osm_id": 799300978, "category": "hospital", "source": "OpenStreetMap (ODbL)"}, "geometry": {"type": "Point", "coordinates": [76.1023231, 11.7140519]}}, {"type": "Feature", "id": 799300979, "properties": {"addr:city": "Pozhuthana", "amenity": "hospital", "emergency": "no", "healthcare": "hospital", "name": "Family Health  Centre Pozhuthana", "operator": "Department of Health Services", "operator:type": "government", "id": "osm-way-799300979", "osm_type": "way", "osm_id": 799300979, "category": "hospital", "source": "OpenStreetMap (ODbL)"}, "geometry": {"type": "Point", "coordinates": [76.0217248, 11.5875559]}}, {"type": "Feature", "id": 799303359, "properties": {"amenity": "hospital", "healthcare": "hospital", "name": "Primary Health Centre, Kappukunnu", "operator": "Department of Health Services", "operator:type": "government", "id": "osm-way-799303359", "osm_type": "way", "osm_id": 799303359, "category": "hospital", "source": "OpenStreetMap (ODbL)"}, "geometry": {"type": "Point", "coordinates": [75.9733868, 11.6751631]}}, {"type": "Feature", "id": 799303360, "properties": {"amenity": "hospital", "healthcare": "hospital", "name": "Primary Health Center Pakkom", "operator": "Department of Health Services", "operator:type": "government", "id": "osm-way-799303360", "osm_type": "way", "osm_id": 799303360, "category": "hospital", "source": "OpenStreetMap (ODbL)"}, "geometry": {"type": "Point", "coordinates": [76.0941921, 11.8041975]}}, {"type": "Feature", "id": 799306962, "properties": {"addr:city": "valad", "building": "yes", "healthcare": "hospital", "name": "Primary Health Center Valad", "operator": "Department of Health Services", "operator:type": "government", "id": "osm-way-799306962", "osm_type": "way", "osm_id": 799306962, "category": "hospital", "source": "OpenStreetMap (ODbL)"}, "geometry": {"type": "Point", "coordinates": [75.9045112, 11.7937938]}}, {"type": "Feature", "id": 799306963, "properties": {"amenity": "hospital", "healthcare": "hospital", "name": "Family Health Centre Appapara", "operator": "Department of Health Services", "operator:type": "government", "id": "osm-way-799306963", "osm_type": "way", "osm_id": 799306963, "category": "hospital", "source": "OpenStreetMap (ODbL)"}, "geometry": {"type": "Point", "coordinates": [76.032476, 11.9077131]}}, {"type": "Feature", "id": 799322490, "properties": {"amenity": "place_of_worship", "building": "yes", "name": "Sreemuthappan Temple", "religion": "hindu", "id": "osm-way-799322490", "osm_type": "way", "osm_id": 799322490, "category": "religious", "source": "OpenStreetMap (ODbL)"}, "geometry": {"type": "Point", "coordinates": [76.1739951, 11.8635601]}}, {"type": "Feature", "id": 799322512, "properties": {"bridge": "yes", "highway": "secondary", "layer": "1", "name": "Pulpally - Nadavayal - Panamaram Road", "id": "osm-way-799322512", "osm_type": "way", "osm_id": 799322512, "category": "bridge", "source": "OpenStreetMap (ODbL)"}, "geometry": {"type": "Point", "coordinates": [76.1231954, 11.7533021]}}, {"type": "Feature", "id": 799322526, "properties": {"amenity": "college", "id": "osm-way-799322526", "osm_type": "way", "osm_id": 799322526, "category": "college", "source": "OpenStreetMap (ODbL)"}, "geometry": {"type": "Point", "coordinates": [76.1787541, 11.7883278]}}, {"type": "Feature", "id": 799551953, "properties": {"addr:district": "Wayanad", "addr:village": "Padichira", "amenity": "school", "name": "St.Sebastians Upper Primary School Padichira", "id": "osm-way-799551953", "osm_type": "way", "osm_id": 799551953, "category": "school", "source": "OpenStreetMap (ODbL)"}, "geometry": {"type": "Point", "coordinates": [76.1771301, 11.8374457]}}, {"type": "Feature", "id": 799551957, "properties": {"building": "yes", "government": "village_office", "name": "Village Office, Padichira", "office": "government", "id": "osm-way-799551957", "osm_type": "way", "osm_id": 799551957, "category": "government", "source": "OpenStreetMap (ODbL)"}, "geometry": {"type": "Point", "coordinates": [76.1763941, 11.8353099]}}, {"type": "Feature", "id": 800526760, "properties": {"bridge": "yes", "highway": "secondary", "layer": "1", "name": "Koyilery - Payyampalli - Pulpalli Road", "id": "osm-way-800526760", "osm_type": "way", "osm_id": 800526760, "category": "bridge", "source": "OpenStreetMap (ODbL)"}, "geometry": {"type": "Point", "coordinates": [76.0992464, 11.8009317]}}, {"type": "Feature", "id": 801908367, "properties": {"amenity": "police", "building": "yes", "name": "Police Station,Thalapuzha", "id": "osm-way-801908367", "osm_type": "way", "osm_id": 801908367, "category": "police", "source": "OpenStreetMap (ODbL)"}, "geometry": {"type": "Point", "coordinates": [75.9548774, 11.8422036]}}, {"type": "Feature", "id": 802674182, "properties": {"bridge": "yes", "highway": "secondary", "layer": "1", "name": "Valavayal Cheriyapalam", "name:ml": "\u0d35\u0d3e\u0d33\u0d35\u0d2f\u0d7d  \u0d1a\u0d46\u0d31\u0d3f\u0d2f\u0d2a\u0d3e\u0d32\u0d02", "id": "osm-way-802674182", "osm_type": "way", "osm_id": 802674182, "category": "bridge", "source": "OpenStreetMap (ODbL)"}, "geometry": {"type": "Point", "coordinates": [76.1886571, 11.7112598]}}, {"type": "Feature", "id": 802790371, "properties": {"addr:city": "wayanad", "building": "yes", "government": "panchayath_office", "name": "Grama Panchayath Office, Thavinjal", "office": "government", "id": "osm-way-802790371", "osm_type": "way", "osm_id": 802790371, "category": "government", "source": "OpenStreetMap (ODbL)"}, "geometry": {"type": "Point", "coordinates": [75.9490847, 11.8421659]}}, {"type": "Feature", "id": 802797890, "properties": {"bridge": "yes", "highway": "secondary", "layer": "1", "name": "Ondayangadi - Thrissilery Road", "id": "osm-way-802797890", "osm_type": "way", "osm_id": 802797890, "category": "bridge", "source": "OpenStreetMap (ODbL)"}, "geometry": {"type": "Point", "coordinates": [76.0262503, 11.8444106]}}, {"type": "Feature", "id": 802797891, "properties": {"amenity": "place_of_worship", "building": "yes", "name": "Cherikkal Bhagavathi Temple", "religion": "hindu", "id": "osm-way-802797891", "osm_type": "way", "osm_id": 802797891, "category": "religious", "source": "OpenStreetMap (ODbL)"}, "geometry": {"type": "Point", "coordinates": [76.0241517, 11.8450045]}}, {"type": "Feature", "id": 802797892, "properties": {"amenity": "place_of_worship", "building": "yes", "name": "Tribal Mission Church", "religion": "christian", "id": "osm-way-802797892", "osm_type": "way", "osm_id": 802797892, "category": "religious", "source": "OpenStreetMap (ODbL)"}, "geometry": {"type": "Point", "coordinates": [76.0226775, 11.8445788]}}, {"type": "Feature", "id": 802807531, "properties": {"building": "yes", "government": "panchayath_office", "name": "Panchayath Office, Meenangadi", "office": "government", "id": "osm-way-802807531", "osm_type": "way", "osm_id": 802807531, "category": "government", "source": "OpenStreetMap (ODbL)"}, "geometry": {"type": "Point", "coordinates": [76.1614242, 11.6594794]}}, {"type": "Feature", "id": 802807533, "properties": {"addr:district": "Wayanad", "addr:village": "Purakkadi", "amenity": "school", "name": "Government Lower Primary School Meenangadi", "id": "osm-way-802807533", "osm_type": "way", "osm_id": 802807533, "category": "school", "source": "OpenStreetMap (ODbL)"}, "geometry": {"type": "Point", "coordinates": [76.1664942, 11.6636991]}}, {"type": "Feature", "id": 802821233, "properties": {"amenity": "place_of_worship", "building": "yes", "name": "Purakkadi Temple", "religion": "hindu", "id": "osm-way-802821233", "osm_type": "way", "osm_id": 802821233, "category": "religious", "source": "OpenStreetMap (ODbL)"}, "geometry": {"type": "Point", "coordinates": [76.1588568, 11.6760012]}}, {"type": "Feature", "id": 802821251, "properties": {"addr:district": "Wayanad", "addr:village": "Krishnagiri", "amenity": "school", "name": "St.Peter'S And St.Paul'S English Medium School", "operator": "Private", "operator:type": "private", "id": "osm-way-802821251", "osm_type": "way", "osm_id": 802821251, "category": "school", "source": "OpenStreetMap (ODbL)"}, "geometry": {"type": "Point", "coordinates": [76.1735202, 11.6590313]}}, {"type": "Feature", "id": 802823352, "properties": {"amenity": "place_of_worship", "name": "St thomas church Nambikolly", "religion": "christian", "id": "osm-way-802823352", "osm_type": "way", "osm_id": 802823352, "category": "religious", "source": "OpenStreetMap (ODbL)"}, "geometry": {"type": "Point", "coordinates": [76.3024257, 11.640029]}}, {"type": "Feature", "id": 802823364, "properties": {"amenity": "place_of_worship", "name": "St Antonys church Pazhoor", "religion": "christian", "id": "osm-way-802823364", "osm_type": "way", "osm_id": 802823364, "category": "religious", "source": "OpenStreetMap (ODbL)"}, "geometry": {"type": "Point", "coordinates": [76.3105286, 11.6269457]}}, {"type": "Feature", "id": 802823395, "properties": {"addr:city": "Koliyadi", "addr:district": "Wayanad", "addr:village": "Nenmeni", "amenity": "school", "name": "Mar Baselios AUP School Koliyadi", "name:ml": "\u0d2e\u0d3e\u0d7c \u0d2c\u0d38\u0d47\u0d32\u0d3f\u0d2f\u0d38\u0d4d \u0d0e\u0d2f\u0d4d\u0d21\u0d21\u0d4d \u0d2f\u0d41 \u0d2a\u0d3f \u0d38\u0d4d\u0d15\u0d42\u0d7e", "religion": "christian", "id": "osm-way-802823395", "osm_type": "way", "osm_id": 802823395, "category": "school", "source": "OpenStreetMap (ODbL)"}, "geometry": {"type": "Point", "coordinates": [76.2752854, 11.6354737]}}, {"type": "Feature", "id": 802848048, "properties": {"addr:district": "Wayanad", "addr:village": "Purakkadi", "amenity": "school", "name": "Government Lower Primary School Appad", "operator": "Department of education", "operator:type": "government", "id": "osm-way-802848048", "osm_type": "way", "osm_id": 802848048, "category": "school", "source": "OpenStreetMap (ODbL)"}, "geometry": {"type": "Point", "coordinates": [76.1729787, 11.6963929]}}, {"type": "Feature", "id": 802848107, "properties": {"amenity": "place_of_worship", "building": "yes", "name": "Manikavu Siva Temple", "religion": "hindu", "id": "osm-way-802848107", "osm_type": "way", "osm_id": 802848107, "category": "religious", "source": "OpenStreetMap (ODbL)"}, "geometry": {"type": "Point", "coordinates": [76.1581792, 11.7013012]}}, {"type": "Feature", "id": 802848649, "properties": {"amenity": "police", "name": "Police Station , noolpuzha", "id": "osm-way-802848649", "osm_type": "way", "osm_id": 802848649, "category": "police", "source": "OpenStreetMap (ODbL)"}, "geometry": {"type": "Point", "coordinates": [76.3245502, 11.6051931]}}, {"type": "Feature", "id": 802848652, "properties": {"amenity": "place_of_worship", "name": "Muum", "religion": "muslim", "id": "osm-way-802848652", "osm_type": "way", "osm_id": 802848652, "category": "religious", "source": "OpenStreetMap (ODbL)"}, "geometry": {"type": "Point", "coordinates": [76.3251343, 11.6047572]}}, {"type": "Feature", "id": 802860812, "properties": {"addr:district": "Wayanad", "addr:village": "Pulpally", "amenity": "school", "name": "Vijaya Lower Primary School", "operator": "government", "operator:type": "public", "id": "osm-way-802860812", "osm_type": "way", "osm_id": 802860812, "category": "school", "source": "OpenStreetMap (ODbL)"}, "geometry": {"type": "Point", "coordinates": [76.1669931, 11.7887163]}}, {"type": "Feature", "id": 802884538, "properties": {"amenity": "place_of_worship", "name": "St Joseph's cathedral Mananthavady", "religion": "christian", "id": "osm-way-802884538", "osm_type": "way", "osm_id": 802884538, "category": "religious", "source": "OpenStreetMap (ODbL)"}, "geometry": {"type": "Point", "coordinates": [75.9977079, 11.8089208]}}, {"type": "Feature", "id": 802889797, "properties": {"addr:district": "Wayanad", "addr:village": "Nenmeni", "amenity": "school", "name": "AUPS Cheeral", "id": "osm-way-802889797", "osm_type": "way", "osm_id": 802889797, "category": "school", "source": "OpenStreetMap (ODbL)"}, "geometry": {"type": "Point", "coordinates": [76.3155669, 11.6080223]}}, {"type": "Feature", "id": 802891212, "properties": {"addr:district": "Wayanad", "addr:village": "Padichira", "amenity": "school", "name": "St.Marys Higher Secondary School Mullankolly", "id": "osm-way-802891212", "osm_type": "way", "osm_id": 802891212, "category": "school", "source": "OpenStreetMap (ODbL)"}, "geometry": {"type": "Point", "coordinates": [76.1621206, 11.8191133]}}, {"type": "Feature", "id": 802895005, "properties": {"building": "yes", "government": "panchayath_office", "name": "Block Panchayat Office,Kalpetta", "office": "government", "operator": "government", "operator:type": "government", "id": "osm-way-802895005", "osm_type": "way", "osm_id": 802895005, "category": "government", "source": "OpenStreetMap (ODbL)"}, "geometry": {"type": "Point", "coordinates": [76.0845982, 11.6126613]}}, {"type": "Feature", "id": 802939388, "properties": {"amenity": "school", "id": "osm-way-802939388", "osm_type": "way", "osm_id": 802939388, "category": "school", "source": "OpenStreetMap (ODbL)"}, "geometry": {"type": "Point", "coordinates": [76.1880777, 11.7080107]}}, {"type": "Feature", "id": 802990471, "properties": {"amenity": "place_of_worship", "name": "mosque", "religion": "muslim", "id": "osm-way-802990471", "osm_type": "way", "osm_id": 802990471, "category": "religious", "source": "OpenStreetMap (ODbL)"}, "geometry": {"type": "Point", "coordinates": [75.9316874, 11.7467155]}}, {"type": "Feature", "id": 802991186, "properties": {"amenity": "school", "name": "GHSS Kakkavayal", "wikidata": "Q64522241", "id": "osm-way-802991186", "osm_type": "way", "osm_id": 802991186, "category": "school", "source": "OpenStreetMap (ODbL)"}, "geometry": {"type": "Point", "coordinates": [76.1440408, 11.6468689]}}, {"type": "Feature", "id": 803021810, "properties": {"bridge": "yes", "highway": "tertiary", "layer": "1", "id": "osm-way-803021810", "osm_type": "way", "osm_id": 803021810, "category": "bridge", "source": "OpenStreetMap (ODbL)"}, "geometry": {"type": "Point", "coordinates": [76.0646915, 11.6329295]}}, {"type": "Feature", "id": 803021836, "properties": {"addr:city": "Kalpetta", "amenity": "place_of_worship", "building": "yes", "name": "Ayyapa Bajanamadam", "religion": "hindu", "id": "osm-way-803021836", "osm_type": "way", "osm_id": 803021836, "category": "religious", "source": "OpenStreetMap (ODbL)"}, "geometry": {"type": "Point", "coordinates": [76.0493044, 11.6312312]}}, {"type": "Feature", "id": 803024071, "properties": {"amenity": "place_of_worship", "building": "yes", "name": "seetha devi lava kusha temple", "religion": "hindu", "id": "osm-way-803024071", "osm_type": "way", "osm_id": 803024071, "category": "religious", "source": "OpenStreetMap (ODbL)"}, "geometry": {"type": "Point", "coordinates": [76.1687814, 11.7927957]}}, {"type": "Feature", "id": 803024076, "properties": {"amenity": "school", "name": "vijay L P school ground", "id": "osm-way-803024076", "osm_type": "way", "osm_id": 803024076, "category": "school", "source": "OpenStreetMap (ODbL)"}, "geometry": {"type": "Point", "coordinates": [76.1669534, 11.7890669]}}, {"type": "Feature", "id": 803024077, "properties": {"amenity": "school", "name": "school entry", "id": "osm-way-803024077", "osm_type": "way", "osm_id": 803024077, "category": "school", "source": "OpenStreetMap (ODbL)"}, "geometry": {"type": "Point", "coordinates": [76.1664544, 11.7892868]}}, {"type": "Feature", "id": 803024078, "properties": {"amenity": "school", "name": "Sn balavihar school ground no:1", "id": "osm-way-803024078", "osm_type": "way", "osm_id": 803024078, "category": "school", "source": "OpenStreetMap (ODbL)"}, "geometry": {"type": "Point", "coordinates": [76.1662856, 11.7892499]}}, {"type": "Feature", "id": 803024080, "properties": {"amenity": "school", "name": "no:2", "id": "osm-way-803024080", "osm_type": "way", "osm_id": 803024080, "category": "school", "source": "OpenStreetMap (ODbL)"}, "geometry": {"type": "Point", "coordinates": [76.1657065, 11.7891873]}}, {"type": "Feature", "id": 803024088, "properties": {"amenity": "place_of_worship", "building": "yes", "name": "sree narayana temple", "religion": "hindu", "id": "osm-way-803024088", "osm_type": "way", "osm_id": 803024088, "category": "religious", "source": "OpenStreetMap (ODbL)"}, "geometry": {"type": "Point", "coordinates": [76.1718303, 11.7921484]}}, {"type": "Feature", "id": 803024089, "properties": {"amenity": "place_of_worship", "building": "yes", "name": "kripalaya school and realed faculties", "religion": "christian", "id": "osm-way-803024089", "osm_type": "way", "osm_id": 803024089, "category": "religious", "source": "OpenStreetMap (ODbL)"}, "geometry": {"type": "Point", "coordinates": [76.1721878, 11.791388]}}, {"type": "Feature", "id": 803024092, "properties": {"amenity": "school", "name": "st.marys ground", "id": "osm-way-803024092", "osm_type": "way", "osm_id": 803024092, "category": "school", "source": "OpenStreetMap (ODbL)"}, "geometry": {"type": "Point", "coordinates": [76.1773183, 11.7886628]}}, {"type": "Feature", "id": 803079006, "properties": {"bridge": "yes", "highway": "secondary", "layer": "1", "name": "Panamaram - Vilambukandam", "id": "osm-way-803079006", "osm_type": "way", "osm_id": 803079006, "category": "bridge", "source": "OpenStreetMap (ODbL)"}, "geometry": {"type": "Point", "coordinates": [76.0577971, 11.724137]}}, {"type": "Feature", "id": 803091924, "properties": {"amenity": "community_centre", "building": "yes", "name": "gramapanchayath community hall", "id": "osm-way-803091924", "osm_type": "way", "osm_id": 803091924, "category": "community", "source": "OpenStreetMap (ODbL)"}, "geometry": {"type": "Point", "coordinates": [76.1899842, 11.7193966]}}, {"type": "Feature", "id": 803336731, "properties": {"government": "administrative", "name": "agriculture office", "office": "government", "id": "osm-way-803336731", "osm_type": "way", "osm_id": 803336731, "category": "government", "source": "OpenStreetMap (ODbL)"}, "geometry": {"type": "Point", "coordinates": [76.1627198, 11.7834121]}}, {"type": "Feature", "id": 803336733, "properties": {"amenity": "place_of_worship", "name": "jadayattakavu", "religion": "hindu", "id": "osm-way-803336733", "osm_type": "way", "osm_id": 803336733, "category": "religious", "source": "OpenStreetMap (ODbL)"}, "geometry": {"type": "Point", "coordinates": [76.1654351, 11.7835979]}}, {"type": "Feature", "id": 803336736, "properties": {"amenity": "hospital", "healthcare": "hospital", "name": "homeo hospital", "id": "osm-way-803336736", "osm_type": "way", "osm_id": 803336736, "category": "hospital", "source": "OpenStreetMap (ODbL)"}, "geometry": {"type": "Point", "coordinates": [76.1631464, 11.7831146]}}, {"type": "Feature", "id": 803336739, "properties": {"amenity": "school", "isced:level": "3", "name": "amrita vidyalayam", "operator:type": "private", "id": "osm-way-803336739", "osm_type": "way", "osm_id": 803336739, "category": "school", "source": "OpenStreetMap (ODbL)"}, "geometry": {"type": "Point", "coordinates": [76.164454, 11.7819306]}}, {"type": "Feature", "id": 803343632, "properties": {"addr:district": "Wayanad", "addr:village": "Muttil south", "amenity": "school", "name": "Government High School, Kakkavayal", "id": "osm-way-803343632", "osm_type": "way", "osm_id": 803343632, "category": "school", "source": "OpenStreetMap (ODbL)"}, "geometry": {"type": "Point", "coordinates": [76.144639, 11.6470639]}}, {"type": "Feature", "id": 803402058, "properties": {"amenity": "place_of_worship", "building": "mosque", "name": "Kalpetta Juma Masjid (Valiya Palli)", "religion": "muslim", "id": "osm-way-803402058", "osm_type": "way", "osm_id": 803402058, "category": "religious", "source": "OpenStreetMap (ODbL)"}, "geometry": {"type": "Point", "coordinates": [76.0823701, 11.611589]}}, {"type": "Feature", "id": 803415859, "properties": {"amenity": "place_of_worship", "name": "St Mary's Church karakkamala", "religion": "christian", "id": "osm-way-803415859", "osm_type": "way", "osm_id": 803415859, "category": "religious", "source": "OpenStreetMap (ODbL)"}, "geometry": {"type": "Point", "coordinates": [76.0246608, 11.7365777]}}, {"type": "Feature", "id": 803419022, "properties": {"amenity": "shelter", "building": "yes", "shelter_type": "public_transport", "id": "osm-way-803419022", "osm_type": "way", "osm_id": 803419022, "category": "shelter_structure", "source": "OpenStreetMap (ODbL)"}, "geometry": {"type": "Point", "coordinates": [76.1880894, 11.7146456]}}, {"type": "Feature", "id": 803425547, "properties": {"addr:district": "Wayanad", "addr:village": "Nenmeni", "amenity": "school", "name": "Santhi Public School, Cheeral", "wikidata": "Q64522857", "id": "osm-way-803425547", "osm_type": "way", "osm_id": 803425547, "category": "school", "source": "OpenStreetMap (ODbL)"}, "geometry": {"type": "Point", "coordinates": [76.3098537, 11.6075836]}}, {"type": "Feature", "id": 803427229, "properties": {"bridge": "yes", "highway": "unclassified", "layer": "1", "name": "yukkalikkavala -kallurkkunnu road", "id": "osm-way-803427229", "osm_type": "way", "osm_id": 803427229, "category": "bridge", "source": "OpenStreetMap (ODbL)"}, "geometry": {"type": "Point", "coordinates": [76.1930951, 11.7017262]}}, {"type": "Feature", "id": 803428249, "properties": {"addr:district": "Wayanad", "addr:village": "Kalpetta", "amenity": "school", "name": "Government Vocational Higher secondary School Kalpetta", "id": "osm-way-803428249", "osm_type": "way", "osm_id": 803428249, "category": "school", "source": "OpenStreetMap (ODbL)"}, "geometry": {"type": "Point", "coordinates": [76.0729275, 11.6239893]}}, {"type": "Feature", "id": 803576839, "properties": {"amenity": "college", "name": "Mar Baselios college", "id": "osm-way-803576839", "osm_type": "way", "osm_id": 803576839, "category": "college", "source": "OpenStreetMap (ODbL)"}, "geometry": {"type": "Point", "coordinates": [76.276341, 11.6613559]}}, {"type": "Feature", "id": 803576840, "properties": {"amenity": "college", "name": "Kerala academy of engineering", "id": "osm-way-803576840", "osm_type": "way", "osm_id": 803576840, "category": "college", "source": "OpenStreetMap (ODbL)"}, "geometry": {"type": "Point", "coordinates": [76.2758553, 11.6608316]}}, {"type": "Feature", "id": 803576841, "properties": {"addr:district": "Wayanad", "addr:village": "Suthan Bathery", "amenity": "school", "name": "G S V Higher Secondary School Bathery", "id": "osm-way-803576841", "osm_type": "way", "osm_id": 803576841, "category": "school", "source": "OpenStreetMap (ODbL)"}, "geometry": {"type": "Point", "coordinates": [76.2684357, 11.6627584]}}, {"type": "Feature", "id": 803587469, "properties": {"addr:city": "Kalpetta", "amenity": "fire_station", "building": "yes", "building:levels": "2", "name": "Fire and Rescue Station, Kalpetta", "id": "osm-way-803587469", "osm_type": "way", "osm_id": 803587469, "category": "fire_station", "source": "OpenStreetMap (ODbL)"}, "geometry": {"type": "Point", "coordinates": [76.0803549, 11.5987032]}}, {"type": "Feature", "id": 803587470, "properties": {"amenity": "place_of_worship", "name": "The Pentecostal Mission", "religion": "christian", "id": "osm-way-803587470", "osm_type": "way", "osm_id": 803587470, "category": "religious", "source": "OpenStreetMap (ODbL)"}, "geometry": {"type": "Point", "coordinates": [76.0796884, 11.5949155]}}, {"type": "Feature", "id": 803594259, "properties": {"amenity": "place_of_worship", "name": "St Joseph's church", "religion": "christian", "id": "osm-way-803594259", "osm_type": "way", "osm_id": 803594259, "category": "religious", "source": "OpenStreetMap (ODbL)"}, "geometry": {"type": "Point", "coordinates": [76.1635448, 11.8656174]}}, {"type": "Feature", "id": 803607820, "properties": {"amenity": "place_of_worship", "name": "Rogate bhavan", "religion": "christian", "id": "osm-way-803607820", "osm_type": "way", "osm_id": 803607820, "category": "religious", "source": "OpenStreetMap (ODbL)"}, "geometry": {"type": "Point", "coordinates": [76.022184, 11.7216866]}}, {"type": "Feature", "id": 803621399, "properties": {"amenity": "school", "name": "Sanjoe public school", "operator:type": "private", "id": "osm-way-803621399", "osm_type": "way", "osm_id": 803621399, "category": "school", "source": "OpenStreetMap (ODbL)"}, "geometry": {"type": "Point", "coordinates": [75.9958338, 11.8070652]}}, {"type": "Feature", "id": 803621402, "properties": {"amenity": "school", "name": "sanjoe public school Mananthavady", "operator:type": "private", "wikidata": "Q64522615", "id": "osm-way-803621402", "osm_type": "way", "osm_id": 803621402, "category": "school", "source": "OpenStreetMap (ODbL)"}, "geometry": {"type": "Point", "coordinates": [75.9948269, 11.806375]}}, {"type": "Feature", "id": 803752861, "properties": {"amenity": "school", "name": "SKMJ Ground", "id": "osm-way-803752861", "osm_type": "way", "osm_id": 803752861, "category": "school", "source": "OpenStreetMap (ODbL)"}, "geometry": {"type": "Point", "coordinates": [76.0873456, 11.6218287]}}, {"type": "Feature", "id": 803752862, "properties": {"addr:district": "Wayanad", "addr:village": "Kalpetta", "amenity": "school", "name": "S D M Lower Primary School Kalpetta", "id": "osm-way-803752862", "osm_type": "way", "osm_id": 803752862, "category": "school", "source": "OpenStreetMap (ODbL)"}, "geometry": {"type": "Point", "coordinates": [76.0880354, 11.6236592]}}, {"type": "Feature", "id": 803752863, "properties": {"amenity": "school", "name": "School Ground", "id": "osm-way-803752863", "osm_type": "way", "osm_id": 803752863, "category": "school", "source": "OpenStreetMap (ODbL)"}, "geometry": {"type": "Point", "coordinates": [76.0876609, 11.6228418]}}, {"type": "Feature", "id": 803754168, "properties": {"addr:district": "Wayanad", "addr:village": "Kalpetta", "amenity": "school", "name": "St. Joseph's Convent School, Kalpetta", "wikidata": "Q64522801", "id": "osm-way-803754168", "osm_type": "way", "osm_id": 803754168, "category": "school", "source": "OpenStreetMap (ODbL)"}, "geometry": {"type": "Point", "coordinates": [76.0792407, 11.6105384]}}, {"type": "Feature", "id": 803803699, "properties": {"addr:city": "Sultan Bathery", "amenity": "college", "name": "Alphonsa Arts and Science College", "phone": "+914936 225 877", "id": "osm-way-803803699", "osm_type": "way", "osm_id": 803803699, "category": "college", "source": "OpenStreetMap (ODbL)"}, "geometry": {"type": "Point", "coordinates": [76.2817032, 11.6593841]}}, {"type": "Feature", "id": 804086142, "properties": {"amenity": "hospital", "healthcare": "hospital", "name": "DM WIMS", "id": "osm-way-804086142", "osm_type": "way", "osm_id": 804086142, "category": "hospital", "source": "OpenStreetMap (ODbL)"}, "geometry": {"type": "Point", "coordinates": [76.1617558, 11.5607941]}}, {"type": "Feature", "id": 804086144, "properties": {"amenity": "hospital", "healthcare": "hospital", "name": "DM WIMS", "id": "osm-way-804086144", "osm_type": "way", "osm_id": 804086144, "category": "hospital", "source": "OpenStreetMap (ODbL)"}, "geometry": {"type": "Point", "coordinates": [76.160599, 11.562345]}}, {"type": "Feature", "id": 804121247, "properties": {"amenity": "school", "name": "Beenachi government school", "id": "osm-way-804121247", "osm_type": "way", "osm_id": 804121247, "category": "school", "source": "OpenStreetMap (ODbL)"}, "geometry": {"type": "Point", "coordinates": [76.2349141, 11.6627595]}}, {"type": "Feature", "id": 804135039, "properties": {"amenity": "hospital", "healthcare": "hospital", "name": "CHC pulpally", "id": "osm-way-804135039", "osm_type": "way", "osm_id": 804135039, "category": "hospital", "source": "OpenStreetMap (ODbL)"}, "geometry": {"type": "Point", "coordinates": [76.1652103, 11.7941324]}}, {"type": "Feature", "id": 804180240, "properties": {"amenity": "hospital", "healthcare": "hospital", "name": "hml hospital", "id": "osm-way-804180240", "osm_type": "way", "osm_id": 804180240, "category": "hospital", "source": "OpenStreetMap (ODbL)"}, "geometry": {"type": "Point", "coordinates": [76.1461065, 11.555945]}}, {"type": "Feature", "id": 804180242, "properties": {"amenity": "place_of_worship", "building": "church", "name": "St Joseph's church", "religion": "christian", "id": "osm-way-804180242", "osm_type": "way", "osm_id": 804180242, "category": "religious", "source": "OpenStreetMap (ODbL)"}, "geometry": {"type": "Point", "coordinates": [76.1420965, 11.5570985]}}, {"type": "Feature", "id": 804385355, "properties": {"amenity": "place_of_worship", "name": "temple", "religion": "hindu", "id": "osm-way-804385355", "osm_type": "way", "osm_id": 804385355, "category": "religious", "source": "OpenStreetMap (ODbL)"}, "geometry": {"type": "Point", "coordinates": [76.1731034, 11.7802175]}}, {"type": "Feature", "id": 804390018, "properties": {"amenity": "place_of_worship", "building": "yes", "name": "Immaculate Heart of Mary Church", "religion": "christian", "id": "osm-way-804390018", "osm_type": "way", "osm_id": 804390018, "category": "religious", "source": "OpenStreetMap (ODbL)"}, "geometry": {"type": "Point", "coordinates": [76.1962985, 11.7334667]}}, {"type": "Feature", "id": 804403298, "properties": {"bridge": "yes", "highway": "trunk", "layer": "1", "name": "Kalpetta-Sulthan Bathery Road", "id": "osm-way-804403298", "osm_type": "way", "osm_id": 804403298, "category": "bridge", "source": "OpenStreetMap (ODbL)"}, "geometry": {"type": "Point", "coordinates": [76.196873, 11.6630654]}}, {"type": "Feature", "id": 804502266, "properties": {"amenity": "school", "name": "Thrissilery Buds School", "id": "osm-way-804502266", "osm_type": "way", "osm_id": 804502266, "category": "school", "source": "OpenStreetMap (ODbL)"}, "geometry": {"type": "Point", "coordinates": [76.033551, 11.8465147]}}, {"type": "Feature", "id": 804502267, "properties": {"addr:district": "Wayanad", "addr:village": "Thrissilery", "amenity": "school", "name": "GHSS Thrissilery", "wikidata": "Q64522638", "id": "osm-way-804502267", "osm_type": "way", "osm_id": 804502267, "category": "school", "source": "OpenStreetMap (ODbL)"}, "geometry": {"type": "Point", "coordinates": [76.0380463, 11.8466896]}}, {"type": "Feature", "id": 804503527, "properties": {"amenity": "place_of_worship", "building": "yes", "name": "St.George Church", "religion": "christian", "id": "osm-way-804503527", "osm_type": "way", "osm_id": 804503527, "category": "religious", "source": "OpenStreetMap (ODbL)"}, "geometry": {"type": "Point", "coordinates": [76.0267578, 11.8484288]}}, {"type": "Feature", "id": 804520471, "properties": {"amenity": "place_of_worship", "building": "yes", "name": "Sree Rajarajeshwari Temple", "religion": "hindu", "id": "osm-way-804520471", "osm_type": "way", "osm_id": 804520471, "category": "religious", "source": "OpenStreetMap (ODbL)"}, "geometry": {"type": "Point", "coordinates": [75.9906837, 11.7717182]}}, {"type": "Feature", "id": 804521310, "properties": {"addr:city": "mananthavady", "amenity": "college", "name": "Government College Ground", "operator": "government", "operator:type": "government", "id": "osm-way-804521310", "osm_type": "way", "osm_id": 804521310, "category": "college", "source": "OpenStreetMap (ODbL)"}, "geometry": {"type": "Point", "coordinates": [76.0006595, 11.778495]}}, {"type": "Feature", "id": 804521984, "properties": {"amenity": "place_of_worship", "building": "yes", "name": "Ambalavayal Masjid", "religion": "muslim", "id": "osm-way-804521984", "osm_type": "way", "osm_id": 804521984, "category": "religious", "source": "OpenStreetMap (ODbL)"}, "geometry": {"type": "Point", "coordinates": [75.9915759, 11.7849846]}}, {"type": "Feature", "id": 804529437, "properties": {"amenity": "school", "id": "osm-way-804529437", "osm_type": "way", "osm_id": 804529437, "category": "school", "source": "OpenStreetMap (ODbL)"}, "geometry": {"type": "Point", "coordinates": [76.0430223, 11.6111218]}}, {"type": "Feature", "id": 804576072, "properties": {"amenity": "place_of_worship", "name": "Church", "religion": "christian", "id": "osm-way-804576072", "osm_type": "way", "osm_id": 804576072, "category": "religious", "source": "OpenStreetMap (ODbL)"}, "geometry": {"type": "Point", "coordinates": [75.9810519, 11.8277052]}}, {"type": "Feature", "id": 804586161, "properties": {"amenity": "college", "name": "pazhassiraja college", "operator:type": "public", "wikidata": "Q7156985", "wikipedia": "en:Pazhassi Raja College, Pulpally, Bathery", "id": "osm-way-804586161", "osm_type": "way", "osm_id": 804586161, "category": "college", "source": "OpenStreetMap (ODbL)"}, "geometry": {"type": "Point", "coordinates": [76.1782264, 11.7882241]}}, {"type": "Feature", "id": 804586165, "properties": {"amenity": "place_of_worship", "name": "Seetha lava kusha temple", "religion": "hindu", "id": "osm-way-804586165", "osm_type": "way", "osm_id": 804586165, "category": "religious", "source": "OpenStreetMap (ODbL)"}, "geometry": {"type": "Point", "coordinates": [76.1687216, 11.7927567]}}, {"type": "Feature", "id": 804586181, "properties": {"addr:district": "Wayanad", "addr:village": "Pulpally", "amenity": "school", "name": "St.Marys English School Pulpally", "operator:type": "private", "id": "osm-way-804586181", "osm_type": "way", "osm_id": 804586181, "category": "school", "source": "OpenStreetMap (ODbL)"}, "geometry": {"type": "Point", "coordinates": [76.1773918, 11.7884665]}}, {"type": "Feature", "id": 804649789, "properties": {"bridge": "yes", "highway": "secondary", "layer": "1", "name": "Koodalkadavu Bridge", "name:ml": "\u0d15\u0d42\u0d1f\u0d7d\u0d15\u0d4d\u0d15\u0d1f\u0d35\u0d4d \u0d2a\u0d3e\u0d32\u0d02", "id": "osm-way-804649789", "osm_type": "way", "osm_id": 804649789, "category": "bridge", "source": "OpenStreetMap (ODbL)"}, "geometry": {"type": "Point", "coordinates": [76.0741985, 11.7978732]}}, {"type": "Feature", "id": 804680277, "properties": {"bridge": "yes", "highway": "secondary", "layer": "1", "name": "Panamaram - Pulpalli", "id": "osm-way-804680277", "osm_type": "way", "osm_id": 804680277, "category": "bridge", "source": "OpenStreetMap (ODbL)"}, "geometry": {"type": "Point", "coordinates": [76.0839381, 11.746056]}}, {"type": "Feature", "id": 804812400, "properties": {"amenity": "place_of_worship", "name": "Shiva Prvathi Temple", "religion": "hindu", "id": "osm-way-804812400", "osm_type": "way", "osm_id": 804812400, "category": "religious", "source": "OpenStreetMap (ODbL)"}, "geometry": {"type": "Point", "coordinates": [76.2589037, 11.6635058]}}, {"type": "Feature", "id": 804812413, "properties": {"amenity": "social_facility", "name": "truck workshop", "id": "osm-way-804812413", "osm_type": "way", "osm_id": 804812413, "category": "community", "source": "OpenStreetMap (ODbL)"}, "geometry": {"type": "Point", "coordinates": [76.2494023, 11.6600625]}}, {"type": "Feature", "id": 804812420, "properties": {"amenity": "place_of_worship", "name": "Ganapati temple", "religion": "hindu", "id": "osm-way-804812420", "osm_type": "way", "osm_id": 804812420, "category": "religious", "source": "OpenStreetMap (ODbL)"}, "geometry": {"type": "Point", "coordinates": [76.2572954, 11.6632984]}}, {"type": "Feature", "id": 804818861, "properties": {"name": "Banasura Sagar 400kW SPV Power plant", "power": "plant", "id": "osm-way-804818861", "osm_type": "way", "osm_id": 804818861, "category": "power", "source": "OpenStreetMap (ODbL)"}, "geometry": {"type": "Point", "coordinates": [75.9572126, 11.671103]}}, {"type": "Feature", "id": 804882176, "properties": {"addr:district": "Wayanad", "addr:village": "Vengappally", "amenity": "school", "name": "RC Lower Primary School, Vengappally", "id": "osm-way-804882176", "osm_type": "way", "osm_id": 804882176, "category": "school", "source": "OpenStreetMap (ODbL)"}, "geometry": {"type": "Point", "coordinates": [76.0483675, 11.6099492]}}, {"type": "Feature", "id": 804889022, "properties": {"addr:city": "thalapuzha", "amenity": "place_of_worship", "building": "yes", "name": "valliyoorkkavu idikkara", "religion": "hindu", "id": "osm-way-804889022", "osm_type": "way", "osm_id": 804889022, "category": "religious", "source": "OpenStreetMap (ODbL)"}, "geometry": {"type": "Point", "coordinates": [75.9584573, 11.8292175]}}, {"type": "Feature", "id": 804911227, "properties": {"name": "Substation", "operator": "KSEB", "power": "substation", "id": "osm-way-804911227", "osm_type": "way", "osm_id": 804911227, "category": "power", "source": "OpenStreetMap (ODbL)"}, "geometry": {"type": "Point", "coordinates": [75.9963036, 11.8108136]}}, {"type": "Feature", "id": 805181250, "properties": {"bridge": "yes", "highway": "secondary", "layer": "1", "id": "osm-way-805181250", "osm_type": "way", "osm_id": 805181250, "category": "bridge", "source": "OpenStreetMap (ODbL)"}, "geometry": {"type": "Point", "coordinates": [75.9586916, 11.6752366]}}, {"type": "Feature", "id": 805969230, "properties": {"addr:district": "Wayanad", "addr:village": "Mananthavady", "amenity": "school", "name": "Fr.Tezzas Special school", "id": "osm-way-805969230", "osm_type": "way", "osm_id": 805969230, "category": "school", "source": "OpenStreetMap (ODbL)"}, "geometry": {"type": "Point", "coordinates": [75.9817162, 11.8287731]}}, {"type": "Feature", "id": 805982318, "properties": {"building": "yes", "name": "Panchayath Office, Panamaram", "office": "government", "id": "osm-way-805982318", "osm_type": "way", "osm_id": 805982318, "category": "government", "source": "OpenStreetMap (ODbL)"}, "geometry": {"type": "Point", "coordinates": [76.072952, 11.7380761]}}, {"type": "Feature", "id": 806085344, "properties": {"addr:city": "Pozhuthana", "amenity": "school", "name": "Government Lower Primary School, Kurichyarmala", "id": "osm-way-806085344", "osm_type": "way", "osm_id": 806085344, "category": "school", "source": "OpenStreetMap (ODbL)"}, "geometry": {"type": "Point", "coordinates": [75.9937035, 11.6087118]}}, {"type": "Feature", "id": 806793876, "properties": {"amenity": "community_centre", "building": "yes", "name": "Community Hall, Theneri", "id": "osm-way-806793876", "osm_type": "way", "osm_id": 806793876, "category": "community", "source": "OpenStreetMap (ODbL)"}, "geometry": {"type": "Point", "coordinates": [76.1536823, 11.6386234]}}, {"type": "Feature", "id": 807210211, "properties": {"bridge": "yes", "highway": "tertiary", "layer": "1", "name": "minor unclassified road", "id": "osm-way-807210211", "osm_type": "way", "osm_id": 807210211, "category": "bridge", "source": "OpenStreetMap (ODbL)"}, "geometry": {"type": "Point", "coordinates": [76.1037351, 11.6725099]}}, {"type": "Feature", "id": 807215284, "properties": {"bridge": "yes", "highway": "unclassified", "layer": "1", "name": "unclaasified road", "id": "osm-way-807215284", "osm_type": "way", "osm_id": 807215284, "category": "bridge", "source": "OpenStreetMap (ODbL)"}, "geometry": {"type": "Point", "coordinates": [75.9661217, 11.8526755]}}, {"type": "Feature", "id": 807242845, "properties": {"bridge": "yes", "highway": "tertiary", "layer": "1", "name": "Thalappuzha - Jessy Road", "id": "osm-way-807242845", "osm_type": "way", "osm_id": 807242845, "category": "bridge", "source": "OpenStreetMap (ODbL)"}, "geometry": {"type": "Point", "coordinates": [75.9660299, 11.8520105]}}, {"type": "Feature", "id": 807557868, "properties": {"bridge": "yes", "highway": "secondary", "layer": "1", "name": "Mysore - Kozhikode bypass", "id": "osm-way-807557868", "osm_type": "way", "osm_id": 807557868, "category": "bridge", "source": "OpenStreetMap (ODbL)"}, "geometry": {"type": "Point", "coordinates": [76.0274817, 11.799907]}}, {"type": "Feature", "id": 807563465, "properties": {"bridge": "yes", "highway": "tertiary", "layer": "1", "name": "Peruvaka - Illathuvayal - Arattuthara Road", "id": "osm-way-807563465", "osm_type": "way", "osm_id": 807563465, "category": "bridge", "source": "OpenStreetMap (ODbL)"}, "geometry": {"type": "Point", "coordinates": [76.0173983, 11.7889551]}}, {"type": "Feature", "id": 808746527, "properties": {"name": "VCB at Chettiyalathoor", "operator": "Kerala Irrigation Department", "waterway": "weir", "id": "osm-way-808746527", "osm_type": "way", "osm_id": 808746527, "category": "weir", "source": "OpenStreetMap (ODbL)"}, "geometry": {"type": "Point", "coordinates": [76.3701762, 11.599765]}}, {"type": "Feature", "id": 810402095, "properties": {"bridge": "yes", "highway": "primary", "layer": "1", "name": "Calicut - Vythiri - Gudalur Road", "id": "osm-way-810402095", "osm_type": "way", "osm_id": 810402095, "category": "bridge", "source": "OpenStreetMap (ODbL)"}, "geometry": {"type": "Point", "coordinates": [76.0977544, 11.5758928]}}, {"type": "Feature", "id": 810414624, "properties": {"name": "Karapuzha Dam", "operator": "Kerala Irrigation Department", "waterway": "dam", "wikidata": "Q12060960", "wikipedia": "en:Karapuzha Dam", "id": "osm-way-810414624", "osm_type": "way", "osm_id": 810414624, "category": "dam", "source": "OpenStreetMap (ODbL)"}, "geometry": {"type": "Point", "coordinates": [76.1739816, 11.6181128]}}, {"type": "Feature", "id": 810441618, "properties": {"name": "Venmani thodu VCB", "operator": "Kerala Irrigation Department", "waterway": "weir", "id": "osm-way-810441618", "osm_type": "way", "osm_id": 810441618, "category": "weir", "source": "OpenStreetMap (ODbL)"}, "geometry": {"type": "Point", "coordinates": [75.932067, 11.8188466]}}, {"type": "Feature", "id": 813455396, "properties": {"bridge": "yes", "highway": "secondary", "layer": "1", "id": "osm-way-813455396", "osm_type": "way", "osm_id": 813455396, "category": "bridge", "source": "OpenStreetMap (ODbL)"}, "geometry": {"type": "Point", "coordinates": [76.1002311, 11.682919]}}, {"type": "Feature", "id": 814627031, "properties": {"bridge": "yes", "highway": "tertiary", "layer": "1", "id": "osm-way-814627031", "osm_type": "way", "osm_id": 814627031, "category": "bridge", "source": "OpenStreetMap (ODbL)"}, "geometry": {"type": "Point", "coordinates": [76.1095194, 11.6615873]}}, {"type": "Feature", "id": 814842660, "properties": {"name": "Edakkal VCB", "operator": "Kerala Irrigation Department", "waterway": "weir", "id": "osm-way-814842660", "osm_type": "way", "osm_id": 814842660, "category": "weir", "source": "OpenStreetMap (ODbL)"}, "geometry": {"type": "Point", "coordinates": [76.2228398, 11.6204923]}}, {"type": "Feature", "id": 814842662, "properties": {"name": "Anappara Thodu", "operator": "Kerala Irrigation Department", "waterway": "weir", "id": "osm-way-814842662", "osm_type": "way", "osm_id": 814842662, "category": "weir", "source": "OpenStreetMap (ODbL)"}, "geometry": {"type": "Point", "coordinates": [76.2261528, 11.6111721]}}, {"type": "Feature", "id": 814842664, "properties": {"name": "Anappara Thodu", "operator": "Kerala Irrigation Department", "waterway": "weir", "id": "osm-way-814842664", "osm_type": "way", "osm_id": 814842664, "category": "weir", "source": "OpenStreetMap (ODbL)"}, "geometry": {"type": "Point", "coordinates": [76.227789, 11.6070627]}}, {"type": "Feature", "id": 814842666, "properties": {"name": "Mullurkolly VCB", "operator": "Kerala Irrigation Department", "waterway": "weir", "id": "osm-way-814842666", "osm_type": "way", "osm_id": 814842666, "category": "weir", "source": "OpenStreetMap (ODbL)"}, "geometry": {"type": "Point", "coordinates": [76.233988, 11.586341]}}, {"type": "Feature", "id": 814842667, "properties": {"name": "Nadukolly VCB", "operator": "Kerala Irrigation Department", "waterway": "weir", "id": "osm-way-814842667", "osm_type": "way", "osm_id": 814842667, "category": "weir", "source": "OpenStreetMap (ODbL)"}, "geometry": {"type": "Point", "coordinates": [76.2334393, 11.5813575]}}, {"type": "Feature", "id": 814909625, "properties": {"name": "Thazhanellimunda Weir", "operator": "Kerala Irrigation Department", "waterway": "weir", "id": "osm-way-814909625", "osm_type": "way", "osm_id": 814909625, "category": "weir", "source": "OpenStreetMap (ODbL)"}, "geometry": {"type": "Point", "coordinates": [76.1413587, 11.5370257]}}, {"type": "Feature", "id": 814909633, "properties": {"name": "Weir at Thattiyadu", "operator": "Kerala Irrigation Department", "waterway": "weir", "id": "osm-way-814909633", "osm_type": "way", "osm_id": 814909633, "category": "weir", "source": "OpenStreetMap (ODbL)"}, "geometry": {"type": "Point", "coordinates": [76.2314825, 11.5832859]}}, {"type": "Feature", "id": 814920441, "properties": {"waterway": "weir", "id": "osm-way-814920441", "osm_type": "way", "osm_id": 814920441, "category": "weir", "source": "OpenStreetMap (ODbL)"}, "geometry": {"type": "Point", "coordinates": [76.2777379, 11.6265704]}}, {"type": "Feature", "id": 814920442, "properties": {"name": "Thirunelly Weir (Opp Petrolpump Thirunelly)", "operator": "Kerala Irrigation Department", "waterway": "weir", "id": "osm-way-814920442", "osm_type": "way", "osm_id": 814920442, "category": "weir", "source": "OpenStreetMap (ODbL)"}, "geometry": {"type": "Point", "coordinates": [76.2786668, 11.6657063]}}, {"type": "Feature", "id": 814920445, "properties": {"name": "CD across Kadamanthodu at Marakkadavu Palli", "operator": "Kerala Irrigation Department", "waterway": "weir", "id": "osm-way-814920445", "osm_type": "way", "osm_id": 814920445, "category": "weir", "source": "OpenStreetMap (ODbL)"}, "geometry": {"type": "Point", "coordinates": [76.1616113, 11.863399]}}, {"type": "Feature", "id": 814920446, "properties": {"name": "Check Dam at Chekadi", "operator": "Kerala Irrigation Department", "waterway": "weir", "id": "osm-way-814920446", "osm_type": "way", "osm_id": 814920446, "category": "weir", "source": "OpenStreetMap (ODbL)"}, "geometry": {"type": "Point", "coordinates": [76.1113885, 11.8352578]}}, {"type": "Feature", "id": 814920447, "properties": {"name": "CheckDam across KurichipattaThodu at Kunivayal", "operator": "Kerala Irrigation Department", "waterway": "weir", "id": "osm-way-814920447", "osm_type": "way", "osm_id": 814920447, "category": "weir", "source": "OpenStreetMap (ODbL)"}, "geometry": {"type": "Point", "coordinates": [76.1185608, 11.8028454]}}, {"type": "Feature", "id": 814920448, "properties": {"name": "Check Dam", "operator": "Kerala Irrigation Department", "waterway": "weir", "id": "osm-way-814920448", "osm_type": "way", "osm_id": 814920448, "category": "weir", "source": "OpenStreetMap (ODbL)"}, "geometry": {"type": "Point", "coordinates": [76.0855654, 11.8628664]}}, {"type": "Feature", "id": 814920450, "properties": {"name": "Vakery Check Dam", "operator": "Kerala Irrigation Department", "waterway": "weir", "id": "osm-way-814920450", "osm_type": "way", "osm_id": 814920450, "category": "weir", "source": "OpenStreetMap (ODbL)"}, "geometry": {"type": "Point", "coordinates": [76.0490329, 11.9222421]}}, {"type": "Feature", "id": 814920451, "properties": {"name": "Check dam", "operator": "Kerala Irrigation Department", "waterway": "weir", "id": "osm-way-814920451", "osm_type": "way", "osm_id": 814920451, "category": "weir", "source": "OpenStreetMap (ODbL)"}, "geometry": {"type": "Point", "coordinates": [76.0356525, 11.8904378]}}, {"type": "Feature", "id": 814920452, "properties": {"name": "Diversion Weir", "operator": "Kerala Irrigation Department", "waterway": "weir", "id": "osm-way-814920452", "osm_type": "way", "osm_id": 814920452, "category": "weir", "source": "OpenStreetMap (ODbL)"}, "geometry": {"type": "Point", "coordinates": [75.9911239, 11.9055381]}}, {"type": "Feature", "id": 814920453, "properties": {"name": "Diversion Weir", "operator": "Kerala Irrigation Department", "waterway": "weir", "id": "osm-way-814920453", "osm_type": "way", "osm_id": 814920453, "category": "weir", "source": "OpenStreetMap (ODbL)"}, "geometry": {"type": "Point", "coordinates": [76.0594668, 11.8526199]}}, {"type": "Feature", "id": 814920455, "properties": {"name": "Elikkot Attachira CheckDam", "operator": "Kerala Irrigation Department", "waterway": "weir", "id": "osm-way-814920455", "osm_type": "way", "osm_id": 814920455, "category": "weir", "source": "OpenStreetMap (ODbL)"}, "geometry": {"type": "Point", "coordinates": [76.0401706, 11.7623529]}}, {"type": "Feature", "id": 814920456, "properties": {"name": "Check dam at Mathoth Poyil", "operator": "Kerala Irrigation Department", "waterway": "weir", "id": "osm-way-814920456", "osm_type": "way", "osm_id": 814920456, "category": "weir", "source": "OpenStreetMap (ODbL)"}, "geometry": {"type": "Point", "coordinates": [76.0578704, 11.7345752]}}, {"type": "Feature", "id": 814920457, "properties": {"name": "Check dam at Neertadi", "operator": "Kerala Irrigation Department", "waterway": "weir", "id": "osm-way-814920457", "osm_type": "way", "osm_id": 814920457, "category": "weir", "source": "OpenStreetMap (ODbL)"}, "geometry": {"type": "Point", "coordinates": [76.0576236, 11.7248939]}}, {"type": "Feature", "id": 814920458, "properties": {"name": "Check dam at Koodal", "operator": "Kerala Irrigation Department", "waterway": "weir", "id": "osm-way-814920458", "osm_type": "way", "osm_id": 814920458, "category": "weir", "source": "OpenStreetMap (ODbL)"}, "geometry": {"type": "Point", "coordinates": [76.0320632, 11.7225355]}}, {"type": "Feature", "id": 814994792, "properties": {"amenity": "place_of_worship", "building": "yes", "name": "East Kellur Juma Masjid", "name:ml": "\u0d08\u0d38\u0d4d\u0d31\u0d4d\u0d31\u0d4d \u0d15\u0d46\u0d32\u0d4d\u0d32\u0d42\u0d7c \u0d1c\u0d41\u0d2e\u0d3e \u0d2e\u0d38\u0d4d\u0d1c\u0d3f\u0d26\u0d4d", "religion": "muslim", "id": "osm-way-814994792", "osm_type": "way", "osm_id": 814994792, "category": "religious", "source": "OpenStreetMap (ODbL)"}, "geometry": {"type": "Point", "coordinates": [76.0159302, 11.7495509]}}, {"type": "Feature", "id": 814997100, "properties": {"amenity": "place_of_worship", "building": "yes", "name": "karattukunnu juma masjid", "religion": "muslim", "id": "osm-way-814997100", "osm_type": "way", "osm_id": 814997100, "category": "religious", "source": "OpenStreetMap (ODbL)"}, "geometry": {"type": "Point", "coordinates": [76.012824, 11.7468567]}}, {"type": "Feature", "id": 814997103, "properties": {"amenity": "place_of_worship", "building": "yes", "name": "Sri Karattu Maha Siva Kshetram", "religion": "hindu", "id": "osm-way-814997103", "osm_type": "way", "osm_id": 814997103, "category": "religious", "source": "OpenStreetMap (ODbL)"}, "geometry": {"type": "Point", "coordinates": [76.0116188, 11.7440796]}}, {"type": "Feature", "id": 815185469, "properties": {"name": "Diversion Weir at Chekuthan Thodu near HS Junction", "operator": "Kerala Irrigation Department", "waterway": "weir", "id": "osm-way-815185469", "osm_type": "way", "osm_id": 815185469, "category": "weir", "source": "OpenStreetMap (ODbL)"}, "geometry": {"type": "Point", "coordinates": [76.0029997, 11.642094]}}, {"type": "Feature", "id": 815185472, "properties": {"name": "Check dam", "operator": "Kerala Irrigation Department", "waterway": "weir", "id": "osm-way-815185472", "osm_type": "way", "osm_id": 815185472, "category": "weir", "source": "OpenStreetMap (ODbL)"}, "geometry": {"type": "Point", "coordinates": [75.964399, 11.6961927]}}, {"type": "Feature", "id": 815185473, "properties": {"name": "Check dam at Valumukki", "operator": "Kerala Irrigation Department", "waterway": "weir", "id": "osm-way-815185473", "osm_type": "way", "osm_id": 815185473, "category": "weir", "source": "OpenStreetMap (ODbL)"}, "geometry": {"type": "Point", "coordinates": [75.9733637, 11.7071886]}}, {"type": "Feature", "id": 815185478, "properties": {"name": "Elambasseri Check dam (Nadakkal thazhe)", "operator": "Kerala Irrigation Department", "waterway": "weir", "id": "osm-way-815185478", "osm_type": "way", "osm_id": 815185478, "category": "weir", "source": "OpenStreetMap (ODbL)"}, "geometry": {"type": "Point", "coordinates": [75.9987549, 11.7379317]}}, {"type": "Feature", "id": 815185480, "properties": {"name": "Check dam at Kalathingal Padi", "operator": "Kerala Irrigation Department", "waterway": "weir", "id": "osm-way-815185480", "osm_type": "way", "osm_id": 815185480, "category": "weir", "source": "OpenStreetMap (ODbL)"}, "geometry": {"type": "Point", "coordinates": [76.0057591, 11.7291326]}}, {"type": "Feature", "id": 815185481, "properties": {"name": "Kakkadavu Check dam", "operator": "Kerala Irrigation Department", "waterway": "weir", "id": "osm-way-815185481", "osm_type": "way", "osm_id": 815185481, "category": "weir", "source": "OpenStreetMap (ODbL)"}, "geometry": {"type": "Point", "coordinates": [76.0034453, 11.7196241]}}, {"type": "Feature", "id": 815185483, "properties": {"name": "Check dam at Thazhe Pattavayal", "operator": "Kerala Irrigation Department", "waterway": "weir", "id": "osm-way-815185483", "osm_type": "way", "osm_id": 815185483, "category": "weir", "source": "OpenStreetMap (ODbL)"}, "geometry": {"type": "Point", "coordinates": [75.9857492, 11.7141544]}}, {"type": "Feature", "id": 815185484, "properties": {"name": "Check Dam across Valiyapuzha at Kakonikadavu", "operator": "Kerala Irrigation Department", "waterway": "weir", "id": "osm-way-815185484", "osm_type": "way", "osm_id": 815185484, "category": "weir", "source": "OpenStreetMap (ODbL)"}, "geometry": {"type": "Point", "coordinates": [76.0176505, 11.6801619]}}, {"type": "Feature", "id": 815185485, "properties": {"name": "CheckDam across Cherupuzha at Kakanchal", "operator": "Kerala Irrigation Department", "waterway": "weir", "id": "osm-way-815185485", "osm_type": "way", "osm_id": 815185485, "category": "weir", "source": "OpenStreetMap (ODbL)"}, "geometry": {"type": "Point", "coordinates": [76.0500436, 11.6580669]}}, {"type": "Feature", "id": 815185489, "properties": {"name": "Weir at Moothedam", "operator": "Kerala Irrigation Department", "waterway": "weir", "id": "osm-way-815185489", "osm_type": "way", "osm_id": 815185489, "category": "weir", "source": "OpenStreetMap (ODbL)"}, "geometry": {"type": "Point", "coordinates": [76.1290489, 11.6347816]}}, {"type": "Feature", "id": 815185490, "properties": {"name": "Karimath Checkdam", "operator": "Kerala Irrigation Department", "waterway": "weir", "id": "osm-way-815185490", "osm_type": "way", "osm_id": 815185490, "category": "weir", "source": "OpenStreetMap (ODbL)"}, "geometry": {"type": "Point", "coordinates": [76.107649, 11.6388154]}}, {"type": "Feature", "id": 815185492, "properties": {"name": "Cherumoola Checkdam", "operator": "Kerala Irrigation Department", "waterway": "weir", "id": "osm-way-815185492", "osm_type": "way", "osm_id": 815185492, "category": "weir", "source": "OpenStreetMap (ODbL)"}, "geometry": {"type": "Point", "coordinates": [76.1064347, 11.6362207]}}, {"type": "Feature", "id": 815185494, "properties": {"name": "Karimath Checkdam ( Devi )", "operator": "KeralaIrrigation Department", "waterway": "weir", "id": "osm-way-815185494", "osm_type": "way", "osm_id": 815185494, "category": "weir", "source": "OpenStreetMap (ODbL)"}, "geometry": {"type": "Point", "coordinates": [76.1049109, 11.6382789]}}, {"type": "Feature", "id": 815185495, "properties": {"name": "Weir at Karibadakuni", "operator": "Kerala Irrigation Department", "waterway": "weir", "id": "osm-way-815185495", "osm_type": "way", "osm_id": 815185495, "category": "weir", "source": "OpenStreetMap (ODbL)"}, "geometry": {"type": "Point", "coordinates": [76.0688166, 11.6877999]}}, {"type": "Feature", "id": 815194185, "properties": {"name": "Weir at Betherkandam", "operator": "Kerala Irrigation Department", "waterway": "weir", "id": "osm-way-815194185", "osm_type": "way", "osm_id": 815194185, "category": "weir", "source": "OpenStreetMap (ODbL)"}, "geometry": {"type": "Point", "coordinates": [76.1815649, 11.6277035]}}, {"type": "Feature", "id": 815194186, "properties": {"name": "Weir at Kundukolly", "operator": "Kerala Irrigation Department", "waterway": "weir", "id": "osm-way-815194186", "osm_type": "way", "osm_id": 815194186, "category": "weir", "source": "OpenStreetMap (ODbL)"}, "geometry": {"type": "Point", "coordinates": [76.1387037, 11.6575329]}}, {"type": "Feature", "id": 815194187, "properties": {"name": "Weir at Kundukolly", "operator": "Kerala Irrigation Department", "waterway": "weir", "id": "osm-way-815194187", "osm_type": "way", "osm_id": 815194187, "category": "weir", "source": "OpenStreetMap (ODbL)"}, "geometry": {"type": "Point", "coordinates": [76.1370415, 11.6578062]}}, {"type": "Feature", "id": 815194188, "properties": {"name": "Weir at Kolavayal", "operator": "Kerala Irrigation Department", "waterway": "weir", "id": "osm-way-815194188", "osm_type": "way", "osm_id": 815194188, "category": "weir", "source": "OpenStreetMap (ODbL)"}, "geometry": {"type": "Point", "coordinates": [76.1249375, 11.6635986]}}, {"type": "Feature", "id": 815194190, "properties": {"name": "Weir Across Cholapara Thodu", "operator": "Kerala Irrigation Department", "waterway": "weir", "id": "osm-way-815194190", "osm_type": "way", "osm_id": 815194190, "category": "weir", "source": "OpenStreetMap (ODbL)"}, "geometry": {"type": "Point", "coordinates": [76.1213035, 11.6921684]}}, {"type": "Feature", "id": 815194192, "properties": {"name": "Weir across in Kavadam", "operator": "Kerala Irrigation Department", "waterway": "weir", "id": "osm-way-815194192", "osm_type": "way", "osm_id": 815194192, "category": "weir", "source": "OpenStreetMap (ODbL)"}, "geometry": {"type": "Point", "coordinates": [76.0974044, 11.7291914]}}, {"type": "Feature", "id": 815194193, "properties": {"name": "Check Dam across Panamaram River at Mathurvayal.", "operator": "Kerala Irrigation Department", "waterway": "weir", "id": "osm-way-815194193", "osm_type": "way", "osm_id": 815194193, "category": "weir", "source": "OpenStreetMap (ODbL)"}, "geometry": {"type": "Point", "coordinates": [76.0793743, 11.7435239]}}, {"type": "Feature", "id": 815194194, "properties": {"name": "Check dam at Neervaram", "operator": "Kerala Irrigation Depatment", "waterway": "weir", "id": "osm-way-815194194", "osm_type": "way", "osm_id": 815194194, "category": "weir", "source": "OpenStreetMap (ODbL)"}, "geometry": {"type": "Point", "coordinates": [76.0723393, 11.7876191]}}, {"type": "Feature", "id": 815327470, "properties": {"name": "Weir at Kuppamidithodu at Thanivayal", "operator": "Kerala Irrigation Department", "waterway": "weir", "id": "osm-way-815327470", "osm_type": "way", "osm_id": 815327470, "category": "weir", "source": "OpenStreetMap (ODbL)"}, "geometry": {"type": "Point", "coordinates": [76.2158869, 11.6467705]}}, {"type": "Feature", "id": 815327471, "properties": {"name": "Mundunadappu Check dam", "operator": "Kerala Irrigation Department", "waterway": "weir", "id": "osm-way-815327471", "osm_type": "way", "osm_id": 815327471, "category": "weir", "source": "OpenStreetMap (ODbL)"}, "geometry": {"type": "Point", "coordinates": [76.2036387, 11.6567522]}}, {"type": "Feature", "id": 815327476, "properties": {"bridge": "yes", "layer": "1", "name": "Mannundy Check Dam", "operator": "Kerala Irrigation Department", "waterway": "weir", "id": "osm-way-815327476", "osm_type": "way", "osm_id": 815327476, "category": "weir", "source": "OpenStreetMap (ODbL)"}, "geometry": {"type": "Point", "coordinates": [76.2179726, 11.7004318]}}, {"type": "Feature", "id": 815327477, "properties": {"name": "Parakadavu Check Dam", "operator": "Kerala Irrigation Department", "waterway": "weir", "id": "osm-way-815327477", "osm_type": "way", "osm_id": 815327477, "category": "weir", "source": "OpenStreetMap (ODbL)"}, "geometry": {"type": "Point", "coordinates": [76.203941, 11.7013143]}}, {"type": "Feature", "id": 815399395, "properties": {"name": "Weir at Mudikkode", "operator": "Kerala Irrigation Department", "waterway": "weir", "id": "osm-way-815399395", "osm_type": "way", "osm_id": 815399395, "category": "weir", "source": "OpenStreetMap (ODbL)"}, "geometry": {"type": "Point", "coordinates": [76.1567496, 11.7626439]}}, {"type": "Feature", "id": 815399397, "properties": {"name": "Weir at Basavankolly", "operator": "Kerala Irrigation Department", "waterway": "weir", "id": "osm-way-815399397", "osm_type": "way", "osm_id": 815399397, "category": "weir", "source": "OpenStreetMap (ODbL)"}, "geometry": {"type": "Point", "coordinates": [76.1644119, 11.7647948]}}, {"type": "Feature", "id": 815399399, "properties": {"name": "Check Dam at Eriyapally Check Dam", "operator": "Kerala Irrigation Department", "waterway": "weir", "id": "osm-way-815399399", "osm_type": "way", "osm_id": 815399399, "category": "weir", "source": "OpenStreetMap (ODbL)"}, "geometry": {"type": "Point", "coordinates": [76.1681493, 11.7693826]}}, {"type": "Feature", "id": 815399401, "properties": {"name": "Check Dam at Meenamkolly", "operator": "Kerala Irrigation Department", "waterway": "weir", "id": "osm-way-815399401", "osm_type": "way", "osm_id": 815399401, "category": "weir", "source": "OpenStreetMap (ODbL)"}, "geometry": {"type": "Point", "coordinates": [76.1612387, 11.7864003]}}, {"type": "Feature", "id": 815399403, "properties": {"name": "Check Dam at Anappara Check Dam", "operator": "Kerala Irrigation Department", "waterway": "weir", "id": "osm-way-815399403", "osm_type": "way", "osm_id": 815399403, "category": "weir", "source": "OpenStreetMap (ODbL)"}, "geometry": {"type": "Point", "coordinates": [76.1485056, 11.7971075]}}, {"type": "Feature", "id": 815639540, "properties": {"addr:city": "Kalpetta", "amenity": "place_of_worship", "building": "church", "name": "mujahid mosque(jamayathul islam society)", "religion": "muslim", "id": "osm-way-815639540", "osm_type": "way", "osm_id": 815639540, "category": "religious", "source": "OpenStreetMap (ODbL)"}, "geometry": {"type": "Point", "coordinates": [76.0280066, 11.619876]}}, {"type": "Feature", "id": 815639895, "properties": {"amenity": "place_of_worship", "building": "yes", "name": "AP Mosque", "religion": "muslim", "id": "osm-way-815639895", "osm_type": "way", "osm_id": 815639895, "category": "religious", "source": "OpenStreetMap (ODbL)"}, "geometry": {"type": "Point", "coordinates": [76.0286971, 11.618611]}}, {"type": "Feature", "id": 815641227, "properties": {"addr:city": "Kalpetta", "amenity": "place_of_worship", "building": "yes", "name": "Mosque sunni", "religion": "muslim", "id": "osm-way-815641227", "osm_type": "way", "osm_id": 815641227, "category": "religious", "source": "OpenStreetMap (ODbL)"}, "geometry": {"type": "Point", "coordinates": [76.0298777, 11.6188133]}}, {"type": "Feature", "id": 816166972, "properties": {"name": "Kakkamala VCB", "operator": "Kerala Irrigation Department", "waterway": "weir", "id": "osm-way-816166972", "osm_type": "way", "osm_id": 816166972, "category": "weir", "source": "OpenStreetMap (ODbL)"}, "geometry": {"type": "Point", "coordinates": [76.3392439, 11.6405113]}}, {"type": "Feature", "id": 816166973, "properties": {"name": "Mathamangalam VCB", "operator": "Kerala Irrigation Department", "waterway": "weir", "id": "osm-way-816166973", "osm_type": "way", "osm_id": 816166973, "category": "weir", "source": "OpenStreetMap (ODbL)"}, "geometry": {"type": "Point", "coordinates": [76.3104664, 11.6445757]}}, {"type": "Feature", "id": 816166974, "properties": {"name": "VCB at Nambikkolly", "operator": "Kerala Irrigation Department", "waterway": "weir", "id": "osm-way-816166974", "osm_type": "way", "osm_id": 816166974, "category": "weir", "source": "OpenStreetMap (ODbL)"}, "geometry": {"type": "Point", "coordinates": [76.3089189, 11.6377786]}}, {"type": "Feature", "id": 816166975, "properties": {"name": "Nambikkolly VCB", "operator": "Kerala Irrigation Department", "waterway": "weir", "id": "osm-way-816166975", "osm_type": "way", "osm_id": 816166975, "category": "weir", "source": "OpenStreetMap (ODbL)"}, "geometry": {"type": "Point", "coordinates": [76.3003083, 11.6364302]}}, {"type": "Feature", "id": 816166976, "properties": {"name": "Chtoorvayal VCB", "operator": "Kerala Irrigation Department", "waterway": "weir", "id": "osm-way-816166976", "osm_type": "way", "osm_id": 816166976, "category": "weir", "source": "OpenStreetMap (ODbL)"}, "geometry": {"type": "Point", "coordinates": [76.2941261, 11.6353163]}}, {"type": "Feature", "id": 816166977, "properties": {"name": "Battuvadi VCB", "operator": "Kerala Irrigation Department", "waterway": "weir", "id": "osm-way-816166977", "osm_type": "way", "osm_id": 816166977, "category": "weir", "source": "OpenStreetMap (ODbL)"}, "geometry": {"type": "Point", "coordinates": [76.2861026, 11.6580337]}}, {"type": "Feature", "id": 816166978, "properties": {"name": "Thelampetta VCB", "operator": "Kerala Irrigation Department", "waterway": "weir", "id": "osm-way-816166978", "osm_type": "way", "osm_id": 816166978, "category": "weir", "source": "OpenStreetMap (ODbL)"}, "geometry": {"type": "Point", "coordinates": [76.3034998, 11.6472947]}}, {"type": "Feature", "id": 816166979, "properties": {"name": "Chrumadu VCB", "operator": "Kerala Irrigation Department", "waterway": "weir", "id": "osm-way-816166979", "osm_type": "way", "osm_id": 816166979, "category": "weir", "source": "OpenStreetMap (ODbL)"}, "geometry": {"type": "Point", "coordinates": [76.2879951, 11.6254188]}}, {"type": "Feature", "id": 816166980, "properties": {"name": "VCBValiyavattam", "operator": "Kerala Irrigation Department", "waterway": "weir", "id": "osm-way-816166980", "osm_type": "way", "osm_id": 816166980, "category": "weir", "source": "OpenStreetMap (ODbL)"}, "geometry": {"type": "Point", "coordinates": [76.284971, 11.6297215]}}, {"type": "Feature", "id": 816166981, "properties": {"name": "VCB", "operator": "Kerala Irrigation Department", "waterway": "weir", "id": "osm-way-816166981", "osm_type": "way", "osm_id": 816166981, "category": "weir", "source": "OpenStreetMap (ODbL)"}, "geometry": {"type": "Point", "coordinates": [76.2801515, 11.6133736]}}, {"type": "Feature", "id": 816166986, "properties": {"bridge": "yes", "layer": "1", "name": "Kaippenchery VCB", "operator": "Kerala Irrigation Department", "waterway": "weir", "id": "osm-way-816166986", "osm_type": "way", "osm_id": 816166986, "category": "weir", "source": "OpenStreetMap (ODbL)"}, "geometry": {"type": "Point", "coordinates": [76.2715966, 11.6516609]}}, {"type": "Feature", "id": 816166988, "properties": {"name": "Makkutty VCB", "operator": "Kerala Irrigation Department", "waterway": "weir", "id": "osm-way-816166988", "osm_type": "way", "osm_id": 816166988, "category": "weir", "source": "OpenStreetMap (ODbL)"}, "geometry": {"type": "Point", "coordinates": [76.2698883, 11.6505565]}}, {"type": "Feature", "id": 816166997, "properties": {"name": "Kattayattumoola VCB", "operator": "Kerala Irrigation Department", "waterway": "weir", "id": "osm-way-816166997", "osm_type": "way", "osm_id": 816166997, "category": "weir", "source": "OpenStreetMap (ODbL)"}, "geometry": {"type": "Point", "coordinates": [76.2441602, 11.6720728]}}, {"type": "Feature", "id": 816166998, "properties": {"name": "Pazhupathoor VCB", "operator": "Kerala Irrigation Department", "waterway": "weir", "id": "osm-way-816166998", "osm_type": "way", "osm_id": 816166998, "category": "weir", "source": "OpenStreetMap (ODbL)"}, "geometry": {"type": "Point", "coordinates": [76.2305618, 11.6786577]}}, {"type": "Feature", "id": 816166999, "properties": {"name": "Pazhupathoor thazhe VCB", "operator": "Kerala Irrigation Department", "waterway": "weir", "id": "osm-way-816166999", "osm_type": "way", "osm_id": 816166999, "category": "weir", "source": "OpenStreetMap (ODbL)"}, "geometry": {"type": "Point", "coordinates": [76.2270937, 11.6774326]}}, {"type": "Feature", "id": 816167001, "properties": {"bridge": "yes", "layer": "1", "name": "Plakkottam mele VCB", "operator": "Kerala Irrigation Department", "waterway": "weir", "id": "osm-way-816167001", "osm_type": "way", "osm_id": 816167001, "category": "weir", "source": "OpenStreetMap (ODbL)"}, "geometry": {"type": "Point", "coordinates": [76.216457, 11.6821262]}}, {"type": "Feature", "id": 816167002, "properties": {"name": "Plakkootam VCB", "operator": "Kerala Irrigation Department", "waterway": "weir", "id": "osm-way-816167002", "osm_type": "way", "osm_id": 816167002, "category": "weir", "source": "OpenStreetMap (ODbL)"}, "geometry": {"type": "Point", "coordinates": [76.2143396, 11.6839897]}}, {"type": "Feature", "id": 816167003, "properties": {"name": "Palakutty VCB", "operator": "Kerala Irrigation Department", "waterway": "weir", "id": "osm-way-816167003", "osm_type": "way", "osm_id": 816167003, "category": "weir", "source": "OpenStreetMap (ODbL)"}, "geometry": {"type": "Point", "coordinates": [76.2095958, 11.6889451]}}, {"type": "Feature", "id": 816167004, "properties": {"name": "Chembumkolly VCB", "operator": "Kerala Irrigation department", "waterway": "weir", "id": "osm-way-816167004", "osm_type": "way", "osm_id": 816167004, "category": "weir", "source": "OpenStreetMap (ODbL)"}, "geometry": {"type": "Point", "coordinates": [76.2121628, 11.7026766]}}, {"type": "Feature", "id": 816167007, "properties": {"bridge": "yes", "layer": "1", "name": "VCB Kallorkunnu Colony", "operator": "Kerala Irrigation Depatrment", "waterway": "weir", "id": "osm-way-816167007", "osm_type": "way", "osm_id": 816167007, "category": "weir", "source": "OpenStreetMap (ODbL)"}, "geometry": {"type": "Point", "coordinates": [76.2089247, 11.7071448]}}, {"type": "Feature", "id": 816419348, "properties": {"bridge": "yes", "highway": "tertiary", "layer": "1", "id": "osm-way-816419348", "osm_type": "way", "osm_id": 816419348, "category": "bridge", "source": "OpenStreetMap (ODbL)"}, "geometry": {"type": "Point", "coordinates": [75.9405312, 11.7252775]}}, {"type": "Feature", "id": 816419350, "properties": {"bridge": "yes", "highway": "tertiary", "layer": "1", "id": "osm-way-816419350", "osm_type": "way", "osm_id": 816419350, "category": "bridge", "source": "OpenStreetMap (ODbL)"}, "geometry": {"type": "Point", "coordinates": [75.951668, 11.6955933]}}, {"type": "Feature", "id": 816419352, "properties": {"bridge": "yes", "highway": "tertiary", "layer": "1", "id": "osm-way-816419352", "osm_type": "way", "osm_id": 816419352, "category": "bridge", "source": "OpenStreetMap (ODbL)"}, "geometry": {"type": "Point", "coordinates": [75.9487645, 11.6981699]}}, {"type": "Feature", "id": 816419379, "properties": {"bridge": "yes", "highway": "secondary", "layer": "1", "id": "osm-way-816419379", "osm_type": "way", "osm_id": 816419379, "category": "bridge", "source": "OpenStreetMap (ODbL)"}, "geometry": {"type": "Point", "coordinates": [75.9876311, 11.705179]}}, {"type": "Feature", "id": 816455697, "properties": {"bridge": "yes", "highway": "trunk", "layer": "1", "name": "Wayanad Road", "id": "osm-way-816455697", "osm_type": "way", "osm_id": 816455697, "category": "bridge", "source": "OpenStreetMap (ODbL)"}, "geometry": {"type": "Point", "coordinates": [76.0281701, 11.5357089]}}, {"type": "Feature", "id": 816756555, "properties": {"name": "VCB", "operator": "Kerala Irrigation Departement", "waterway": "weir", "id": "osm-way-816756555", "osm_type": "way", "osm_id": 816756555, "category": "weir", "source": "OpenStreetMap (ODbL)"}, "geometry": {"type": "Point", "coordinates": [75.8923458, 11.7519309]}}, {"type": "Feature", "id": 816756556, "properties": {"bridge": "yes", "layer": "1", "name": "VCB", "operator": "Kerala Irrigation Department", "waterway": "weir", "id": "osm-way-816756556", "osm_type": "way", "osm_id": 816756556, "category": "weir", "source": "OpenStreetMap (ODbL)"}, "geometry": {"type": "Point", "coordinates": [75.8976069, 11.7550416]}}, {"type": "Feature", "id": 816756562, "properties": {"name": "VCB", "operator": "Kerala Irrigation Department", "waterway": "weir", "id": "osm-way-816756562", "osm_type": "way", "osm_id": 816756562, "category": "weir", "source": "OpenStreetMap (ODbL)"}, "geometry": {"type": "Point", "coordinates": [75.949009, 11.8459381]}}, {"type": "Feature", "id": 816756563, "properties": {"name": "VCB", "operator": "Kerala Irrigation Department", "waterway": "weir", "id": "osm-way-816756563", "osm_type": "way", "osm_id": 816756563, "category": "weir", "source": "OpenStreetMap (ODbL)"}, "geometry": {"type": "Point", "coordinates": [75.9427551, 11.8536018]}}, {"type": "Feature", "id": 816756564, "properties": {"name": "VCB", "operator": "Kerala Irrigation Department", "waterway": "weir", "id": "osm-way-816756564", "osm_type": "way", "osm_id": 816756564, "category": "weir", "source": "OpenStreetMap (ODbL)"}, "geometry": {"type": "Point", "coordinates": [75.9433533, 11.8648273]}}, {"type": "Feature", "id": 816756565, "properties": {"name": "Kallan thodu VCB", "operator": "Kerala Irrigation Department", "waterway": "weir", "id": "osm-way-816756565", "osm_type": "way", "osm_id": 816756565, "category": "weir", "source": "OpenStreetMap (ODbL)"}, "geometry": {"type": "Point", "coordinates": [75.9281292, 11.7212716]}}, {"type": "Feature", "id": 816756567, "properties": {"name": "Kandathuvayal VCB", "operator": "Kerala Irrigation Department", "waterway": "weir", "id": "osm-way-816756567", "osm_type": "way", "osm_id": 816756567, "category": "weir", "source": "OpenStreetMap (ODbL)"}, "geometry": {"type": "Point", "coordinates": [75.923823, 11.7401157]}}, {"type": "Feature", "id": 816756569, "properties": {"name": "VCB", "operator": "Kerala Irrigation Department", "waterway": "weir", "id": "osm-way-816756569", "osm_type": "way", "osm_id": 816756569, "category": "weir", "source": "OpenStreetMap (ODbL)"}, "geometry": {"type": "Point", "coordinates": [75.9273735, 11.7579317]}}, {"type": "Feature", "id": 816756571, "properties": {"name": "VCB", "operator": "Kerala Irrigation Department", "waterway": "weir", "id": "osm-way-816756571", "osm_type": "way", "osm_id": 816756571, "category": "weir", "source": "OpenStreetMap (ODbL)"}, "geometry": {"type": "Point", "coordinates": [75.9318948, 11.7594428]}}, {"type": "Feature", "id": 816756572, "properties": {"name": "VCB", "operator": "Kerala Irrigation Department", "waterway": "weir", "id": "osm-way-816756572", "osm_type": "way", "osm_id": 816756572, "category": "weir", "source": "OpenStreetMap (ODbL)"}, "geometry": {"type": "Point", "coordinates": [75.9426207, 11.751855]}}, {"type": "Feature", "id": 816756575, "properties": {"name": "VCB at Alamkandy", "operator": "Kerala Irrigation Department", "waterway": "weir", "id": "osm-way-816756575", "osm_type": "way", "osm_id": 816756575, "category": "weir", "source": "OpenStreetMap (ODbL)"}, "geometry": {"type": "Point", "coordinates": [75.9459631, 11.6939947]}}, {"type": "Feature", "id": 816756577, "properties": {"bridge": "yes", "layer": "1", "name": "VCB at Venniyode", "operator": "Kerala Irrigation Department", "waterway": "weir", "id": "osm-way-816756577", "osm_type": "way", "osm_id": 816756577, "category": "weir", "source": "OpenStreetMap (ODbL)"}, "geometry": {"type": "Point", "coordinates": [76.0165501, 11.6726108]}}, {"type": "Feature", "id": 816756578, "properties": {"bridge": "yes", "highway": "secondary", "layer": "1", "name": "VCB cum Bridge at Kottathara", "operator": "Kerala Irrigation Department", "id": "osm-way-816756578", "osm_type": "way", "osm_id": 816756578, "category": "bridge", "source": "OpenStreetMap (ODbL)"}, "geometry": {"type": "Point", "coordinates": [76.0427484, 11.6662717]}}, {"type": "Feature", "id": 816756581, "properties": {"name": "VCB at Ambileri", "operator": "Kerala Irrigation Department", "waterway": "weir", "id": "osm-way-816756581", "osm_type": "way", "osm_id": 816756581, "category": "weir", "source": "OpenStreetMap (ODbL)"}, "geometry": {"type": "Point", "coordinates": [76.0747644, 11.6184426]}}, {"type": "Feature", "id": 816756587, "properties": {"name": "VCB at Kapuvayal", "operator": "Kerala Irrigation Department", "waterway": "weir", "id": "osm-way-816756587", "osm_type": "way", "osm_id": 816756587, "category": "weir", "source": "OpenStreetMap (ODbL)"}, "geometry": {"type": "Point", "coordinates": [75.9896174, 11.6433838]}}, {"type": "Feature", "id": 816756588, "properties": {"name": "VCB at Kapundikal", "operator": "Kerala Irrigation Department", "waterway": "weir", "id": "osm-way-816756588", "osm_type": "way", "osm_id": 816756588, "category": "weir", "source": "OpenStreetMap (ODbL)"}, "geometry": {"type": "Point", "coordinates": [75.9709756, 11.6740613]}}, {"type": "Feature", "id": 816756590, "properties": {"name": "Aruvahil padi VCB", "operator": "Kerala Irrigation Department", "waterway": "weir", "id": "osm-way-816756590", "osm_type": "way", "osm_id": 816756590, "category": "weir", "source": "OpenStreetMap (ODbL)"}, "geometry": {"type": "Point", "coordinates": [76.0045116, 11.7312626]}}, {"type": "Feature", "id": 816756593, "properties": {"name": "Kuzhinilam cheriyathodu VCB", "operator": "Kerala Irrigation Department", "waterway": "weir", "id": "osm-way-816756593", "osm_type": "way", "osm_id": 816756593, "category": "weir", "source": "OpenStreetMap (ODbL)"}, "geometry": {"type": "Point", "coordinates": [75.9840645, 11.8200464]}}, {"type": "Feature", "id": 816756594, "properties": {"name": "Varadimoola thodu VCB", "operator": "Kerala Irrigation Department", "waterway": "weir", "id": "osm-way-816756594", "osm_type": "way", "osm_id": 816756594, "category": "weir", "source": "OpenStreetMap (ODbL)"}, "geometry": {"type": "Point", "coordinates": [76.021604, 11.8054744]}}, {"type": "Feature", "id": 816756596, "properties": {"name": "VCB", "operator": "Kerala Irrigation Department", "waterway": "weir", "id": "osm-way-816756596", "osm_type": "way", "osm_id": 816756596, "category": "weir", "source": "OpenStreetMap (ODbL)"}, "geometry": {"type": "Point", "coordinates": [76.0599625, 11.8156669]}}, {"type": "Feature", "id": 816756598, "properties": {"name": "Cheroor thodu VCB", "operator": "Kerala Irrigation Department", "waterway": "weir", "id": "osm-way-816756598", "osm_type": "way", "osm_id": 816756598, "category": "weir", "source": "OpenStreetMap (ODbL)"}, "geometry": {"type": "Point", "coordinates": [76.0573025, 11.8209298]}}, {"type": "Feature", "id": 816756599, "properties": {"name": "Kakkavayil thodu VCB", "operator": "Kerala Irrigation Department", "waterway": "weir", "id": "osm-way-816756599", "osm_type": "way", "osm_id": 816756599, "category": "weir", "source": "OpenStreetMap (ODbL)"}, "geometry": {"type": "Point", "coordinates": [76.0483641, 11.8481645]}}, {"type": "Feature", "id": 816756601, "properties": {"name": "VCB at Chekadi", "operator": "Kerala Irrigation Department", "waterway": "weir", "id": "osm-way-816756601", "osm_type": "way", "osm_id": 816756601, "category": "weir", "source": "OpenStreetMap (ODbL)"}, "geometry": {"type": "Point", "coordinates": [76.1064827, 11.8237541]}}, {"type": "Feature", "id": 816756602, "properties": {"name": "Palakkolly VCB", "operator": "Kerala Irrigation Department", "waterway": "weir", "id": "osm-way-816756602", "osm_type": "way", "osm_id": 816756602, "category": "weir", "source": "OpenStreetMap (ODbL)"}, "geometry": {"type": "Point", "coordinates": [76.1467152, 11.8181127]}}, {"type": "Feature", "id": 816756604, "properties": {"name": "VCB at Sasimala", "operator": "Kerala Irrigation Department", "waterway": "weir", "id": "osm-way-816756604", "osm_type": "way", "osm_id": 816756604, "category": "weir", "source": "OpenStreetMap (ODbL)"}, "geometry": {"type": "Point", "coordinates": [76.1916423, 11.8148701]}}, {"type": "Feature", "id": 816756606, "properties": {"name": "Chettappalam VCB", "operator": "Kerala Irrigation Department", "waterway": "weir", "id": "osm-way-816756606", "osm_type": "way", "osm_id": 816756606, "category": "weir", "source": "OpenStreetMap (ODbL)"}, "geometry": {"type": "Point", "coordinates": [76.1950231, 11.8012377]}}, {"type": "Feature", "id": 816756608, "properties": {"name": "VCB across Kannarampuzha", "operator": "Kerala Irrigation Department", "waterway": "weir", "id": "osm-way-816756608", "osm_type": "way", "osm_id": 816756608, "category": "weir", "source": "OpenStreetMap (ODbL)"}, "geometry": {"type": "Point", "coordinates": [76.2205913, 11.7879522]}}, {"type": "Feature", "id": 816756609, "properties": {"name": "VCB at Kalluvayal", "operator": "Kerala Irrigation Department", "waterway": "weir", "id": "osm-way-816756609", "osm_type": "way", "osm_id": 816756609, "category": "weir", "source": "OpenStreetMap (ODbL)"}, "geometry": {"type": "Point", "coordinates": [76.1712996, 11.7677763]}}, {"type": "Feature", "id": 816756611, "properties": {"name": "VCB - across veliyambam Thodu", "operator": "Kerala Irrigation Department", "waterway": "weir", "id": "osm-way-816756611", "osm_type": "way", "osm_id": 816756611, "category": "weir", "source": "OpenStreetMap (ODbL)"}, "geometry": {"type": "Point", "coordinates": [76.1314294, 11.7844101]}}, {"type": "Feature", "id": 816756612, "properties": {"name": "VCB at Kurichipatta", "operator": "Kerala Irrigation Department", "waterway": "weir", "id": "osm-way-816756612", "osm_type": "way", "osm_id": 816756612, "category": "weir", "source": "OpenStreetMap (ODbL)"}, "geometry": {"type": "Point", "coordinates": [76.1263005, 11.7951342]}}, {"type": "Feature", "id": 816756614, "properties": {"name": "Pakkam VCB", "operator": "Kerala Irrigation Department", "waterway": "weir", "id": "osm-way-816756614", "osm_type": "way", "osm_id": 816756614, "category": "weir", "source": "OpenStreetMap (ODbL)"}, "geometry": {"type": "Point", "coordinates": [76.1004158, 11.7990887]}}, {"type": "Feature", "id": 816756615, "properties": {"name": "VCB at Dasanakkara", "operator": "Kerala Irrigation Department", "waterway": "weir", "id": "osm-way-816756615", "osm_type": "way", "osm_id": 816756615, "category": "weir", "source": "OpenStreetMap (ODbL)"}, "geometry": {"type": "Point", "coordinates": [76.0789616, 11.7927631]}}, {"type": "Feature", "id": 816756616, "properties": {"name": "V C B at Choikkolly", "operator": "Kerala Irrigation Department", "waterway": "weir", "id": "osm-way-816756616", "osm_type": "way", "osm_id": 816756616, "category": "weir", "source": "OpenStreetMap (ODbL)"}, "geometry": {"type": "Point", "coordinates": [76.080707, 11.7411434]}}, {"type": "Feature", "id": 816756618, "properties": {"name": "Chundakara VCB", "operator": "Kerala Irrigation Department", "waterway": "weir", "id": "osm-way-816756618", "osm_type": "way", "osm_id": 816756618, "category": "weir", "source": "OpenStreetMap (ODbL)"}, "geometry": {"type": "Point", "coordinates": [76.0666748, 11.6930287]}}, {"type": "Feature", "id": 816756619, "properties": {"name": "Kozhinjangadu VCB", "operator": "Kerala Irrigation Department", "waterway": "weir", "id": "osm-way-816756619", "osm_type": "way", "osm_id": 816756619, "category": "weir", "source": "OpenStreetMap (ODbL)"}, "geometry": {"type": "Point", "coordinates": [76.0878424, 11.6783637]}}, {"type": "Feature", "id": 816756620, "properties": {"name": "Kallanchira VCB", "operator": "Kerala Irrigation Department", "waterway": "weir", "id": "osm-way-816756620", "osm_type": "way", "osm_id": 816756620, "category": "weir", "source": "OpenStreetMap (ODbL)"}, "geometry": {"type": "Point", "coordinates": [76.1001558, 11.6807535]}}, {"type": "Feature", "id": 816756622, "properties": {"name": "Cheranallur VCB", "operator": "Kerala Irrigation Department", "waterway": "weir", "id": "osm-way-816756622", "osm_type": "way", "osm_id": 816756622, "category": "weir", "source": "OpenStreetMap (ODbL)"}, "geometry": {"type": "Point", "coordinates": [76.0987653, 11.6653372]}}, {"type": "Feature", "id": 816764481, "properties": {"name": "Anapara VCB", "operator": "Kerala Irrigation Department", "waterway": "weir", "id": "osm-way-816764481", "osm_type": "way", "osm_id": 816764481, "category": "weir", "source": "OpenStreetMap (ODbL)"}, "geometry": {"type": "Point", "coordinates": [76.1127926, 11.6401168]}}, {"type": "Feature", "id": 816764482, "properties": {"name": "VCB Across Kakkavayal thodu", "operator": "Kerala Irrigation Department", "waterway": "weir", "id": "osm-way-816764482", "osm_type": "way", "osm_id": 816764482, "category": "weir", "source": "OpenStreetMap (ODbL)"}, "geometry": {"type": "Point", "coordinates": [76.1181401, 11.648548]}}, {"type": "Feature", "id": 816764484, "properties": {"name": "VCB at Kattancheri", "operator": "Kerala Irrigation Department", "waterway": "weir", "id": "osm-way-816764484", "osm_type": "way", "osm_id": 816764484, "category": "weir", "source": "OpenStreetMap (ODbL)"}, "geometry": {"type": "Point", "coordinates": [76.1449336, 11.6301055]}}, {"type": "Feature", "id": 816764489, "properties": {"name": "Kuzhivayal VCB", "operator": "Kerala Irrigation Department", "waterway": "weir", "id": "osm-way-816764489", "osm_type": "way", "osm_id": 816764489, "category": "weir", "source": "OpenStreetMap (ODbL)"}, "geometry": {"type": "Point", "coordinates": [76.1468125, 11.598839]}}, {"type": "Feature", "id": 816764493, "properties": {"name": "Karimakkunnu VCB", "operator": "Kerala Irrigation Department", "waterway": "weir", "id": "osm-way-816764493", "osm_type": "way", "osm_id": 816764493, "category": "weir", "source": "OpenStreetMap (ODbL)"}, "geometry": {"type": "Point", "coordinates": [76.1858231, 11.6198169]}}, {"type": "Feature", "id": 816764496, "properties": {"name": "Mepperikunnu VCB", "operator": "Kerala Irrigation Department", "waterway": "weir", "id": "osm-way-816764496", "osm_type": "way", "osm_id": 816764496, "category": "weir", "source": "OpenStreetMap (ODbL)"}, "geometry": {"type": "Point", "coordinates": [76.1876553, 11.6490753]}}, {"type": "Feature", "id": 816764497, "properties": {"name": "VCB at Kottambam - Murani", "operator": "Kerala Irrigation Department", "waterway": "weir", "id": "osm-way-816764497", "osm_type": "way", "osm_id": 816764497, "category": "weir", "source": "OpenStreetMap (ODbL)"}, "geometry": {"type": "Point", "coordinates": [76.1698167, 11.6423113]}}, {"type": "Feature", "id": 816764498, "properties": {"name": "VCB across Arumad thodu", "operator": "Kerala Irrigation Department", "waterway": "weir", "id": "osm-way-816764498", "osm_type": "way", "osm_id": 816764498, "category": "weir", "source": "OpenStreetMap (ODbL)"}, "geometry": {"type": "Point", "coordinates": [76.1642585, 11.6366769]}}, {"type": "Feature", "id": 816764500, "properties": {"name": "VCB at Vengoor", "operator": "Kerala Irrigation Department", "waterway": "weir", "id": "osm-way-816764500", "osm_type": "way", "osm_id": 816764500, "category": "weir", "source": "OpenStreetMap (ODbL)"}, "geometry": {"type": "Point", "coordinates": [76.1724268, 11.6679069]}}, {"type": "Feature", "id": 816764502, "properties": {"name": "Annamvayal VCB", "operator": "Kerala Irrigation Department", "waterway": "weir", "id": "osm-way-816764502", "osm_type": "way", "osm_id": 816764502, "category": "weir", "source": "OpenStreetMap (ODbL)"}, "geometry": {"type": "Point", "coordinates": [76.1499612, 11.7031799]}}, {"type": "Feature", "id": 816764504, "properties": {"bridge": "yes", "highway": "unclassified", "layer": "1", "name": "Annamvayal VCB", "operator": "Kerala Irrigation Department", "waterway": "weir", "id": "osm-way-816764504", "osm_type": "way", "osm_id": 816764504, "category": "weir", "source": "OpenStreetMap (ODbL)"}, "geometry": {"type": "Point", "coordinates": [76.1452254, 11.69781]}}, {"type": "Feature", "id": 816764505, "properties": {"name": "Olarangad VCB", "operator": "Kerala Irrigation Department", "waterway": "weir", "id": "osm-way-816764505", "osm_type": "way", "osm_id": 816764505, "category": "weir", "source": "OpenStreetMap (ODbL)"}, "geometry": {"type": "Point", "coordinates": [76.1317856, 11.7020766]}}, {"type": "Feature", "id": 816764506, "properties": {"name": "VCB Madathumpadi", "operator": "Kerala Irrigation Department", "waterway": "weir", "id": "osm-way-816764506", "osm_type": "way", "osm_id": 816764506, "category": "weir", "source": "OpenStreetMap (ODbL)"}, "geometry": {"type": "Point", "coordinates": [76.1286094, 11.703228]}}, {"type": "Feature", "id": 816764507, "properties": {"name": "VCB Vattavadi pt", "operator": "Kerala Irrigation Department", "waterway": "weir", "id": "osm-way-816764507", "osm_type": "way", "osm_id": 816764507, "category": "weir", "source": "OpenStreetMap (ODbL)"}, "geometry": {"type": "Point", "coordinates": [76.1217323, 11.7061348]}}, {"type": "Feature", "id": 816764508, "properties": {"name": "Arimula-Ponnankara VCB", "operator": "Kerala Irrigation Department", "waterway": "weir", "id": "osm-way-816764508", "osm_type": "way", "osm_id": 816764508, "category": "weir", "source": "OpenStreetMap (ODbL)"}, "geometry": {"type": "Point", "coordinates": [76.1117391, 11.7050686]}}, {"type": "Feature", "id": 816764509, "properties": {"name": "VCB at Kavadam", "operator": "Kerala Irrigation Department", "waterway": "weir", "id": "osm-way-816764509", "osm_type": "way", "osm_id": 816764509, "category": "weir", "source": "OpenStreetMap (ODbL)"}, "geometry": {"type": "Point", "coordinates": [76.0985819, 11.7251177]}}, {"type": "Feature", "id": 816764511, "properties": {"bridge": "yes", "layer": "1", "name": "Pulachikuni VCB", "operator": "Kerala Irrigation Department", "waterway": "weir", "id": "osm-way-816764511", "osm_type": "way", "osm_id": 816764511, "category": "weir", "source": "OpenStreetMap (ODbL)"}, "geometry": {"type": "Point", "coordinates": [76.1131276, 11.7233973]}}, {"type": "Feature", "id": 816764513, "properties": {"name": "Erumathari VCB", "operator": "Kerala Irrigation Department", "waterway": "weir", "id": "osm-way-816764513", "osm_type": "way", "osm_id": 816764513, "category": "weir", "source": "OpenStreetMap (ODbL)"}, "geometry": {"type": "Point", "coordinates": [76.1254599, 11.7135922]}}, {"type": "Feature", "id": 816764515, "properties": {"waterway": "weir", "id": "osm-way-816764515", "osm_type": "way", "osm_id": 816764515, "category": "weir", "source": "OpenStreetMap (ODbL)"}, "geometry": {"type": "Point", "coordinates": [76.1437422, 11.7161827]}}, {"type": "Feature", "id": 816764517, "properties": {"name": "VCB Iruthulottu", "operator": "Kerala Irrigation department", "waterway": "weir", "id": "osm-way-816764517", "osm_type": "way", "osm_id": 816764517, "category": "weir", "source": "OpenStreetMap (ODbL)"}, "geometry": {"type": "Point", "coordinates": [76.1407508, 11.7128849]}}, {"type": "Feature", "id": 816764518, "properties": {"name": "VCB Vellimala", "operator": "Kerala Irrigation Department", "waterway": "weir", "id": "osm-way-816764518", "osm_type": "way", "osm_id": 816764518, "category": "weir", "source": "OpenStreetMap (ODbL)"}, "geometry": {"type": "Point", "coordinates": [76.1789443, 11.7256415]}}, {"type": "Feature", "id": 816841553, "properties": {"name": "Kottanadu Check Dam", "operator": "Kerala Irrigation Department", "waterway": "weir", "id": "osm-way-816841553", "osm_type": "way", "osm_id": 816841553, "category": "weir", "source": "OpenStreetMap (ODbL)"}, "geometry": {"type": "Point", "coordinates": [76.1201343, 11.5801567]}}, {"type": "Feature", "id": 817124475, "properties": {"name": "Check dam at Parakkadavu", "operator": "Kerala Irrigation Department", "waterway": "weir", "id": "osm-way-817124475", "osm_type": "way", "osm_id": 817124475, "category": "weir", "source": "OpenStreetMap (ODbL)"}, "geometry": {"type": "Point", "coordinates": [76.0209479, 11.707952]}}, {"type": "Feature", "id": 817124476, "properties": {"name": "Check dam at Kavum mattam", "operator": "Kerala Irrigation Department", "waterway": "weir", "id": "osm-way-817124476", "osm_type": "way", "osm_id": 817124476, "category": "weir", "source": "OpenStreetMap (ODbL)"}, "geometry": {"type": "Point", "coordinates": [76.0175187, 11.7251276]}}, {"type": "Feature", "id": 817138747, "properties": {"bridge": "yes", "highway": "primary", "layer": "1", "name": "Kalpetta-Padinjarethara Road", "id": "osm-way-817138747", "osm_type": "way", "osm_id": 817138747, "category": "bridge", "source": "OpenStreetMap (ODbL)"}, "geometry": {"type": "Point", "coordinates": [76.0588316, 11.6150259]}}, {"type": "Feature", "id": 817138750, "properties": {"bridge": "yes", "highway": "trunk", "layer": "1", "name": "Wayanad Road", "id": "osm-way-817138750", "osm_type": "way", "osm_id": 817138750, "category": "bridge", "source": "OpenStreetMap (ODbL)"}, "geometry": {"type": "Point", "coordinates": [76.0804907, 11.5982476]}}, {"type": "Feature", "id": 817138755, "properties": {"bridge": "yes", "highway": "primary", "layer": "1", "id": "osm-way-817138755", "osm_type": "way", "osm_id": 817138755, "category": "bridge", "source": "OpenStreetMap (ODbL)"}, "geometry": {"type": "Point", "coordinates": [76.0827415, 11.6130893]}}, {"type": "Feature", "id": 817138768, "properties": {"bridge": "yes", "highway": "secondary", "layer": "1", "name": "Munderi Road", "id": "osm-way-817138768", "osm_type": "way", "osm_id": 817138768, "category": "bridge", "source": "OpenStreetMap (ODbL)"}, "geometry": {"type": "Point", "coordinates": [76.0741454, 11.6212226]}}, {"type": "Feature", "id": 817138777, "properties": {"bridge": "yes", "highway": "primary", "layer": "1", "id": "osm-way-817138777", "osm_type": "way", "osm_id": 817138777, "category": "bridge", "source": "OpenStreetMap (ODbL)"}, "geometry": {"type": "Point", "coordinates": [76.0843041, 11.6178393]}}, {"type": "Feature", "id": 817138779, "properties": {"bridge": "yes", "highway": "tertiary", "layer": "1", "id": "osm-way-817138779", "osm_type": "way", "osm_id": 817138779, "category": "bridge", "source": "OpenStreetMap (ODbL)"}, "geometry": {"type": "Point", "coordinates": [76.0830136, 11.6179783]}}, {"type": "Feature", "id": 817138795, "properties": {"bridge": "yes", "highway": "primary", "layer": "1", "name": "Gudalur-Sultan Bathery Rd", "id": "osm-way-817138795", "osm_type": "way", "osm_id": 817138795, "category": "bridge", "source": "OpenStreetMap (ODbL)"}, "geometry": {"type": "Point", "coordinates": [76.2862412, 11.6549827]}}, {"type": "Feature", "id": 817138802, "properties": {"bridge": "yes", "highway": "secondary", "layer": "1", "name": "Sulthan BatheryChulliyode Road", "id": "osm-way-817138802", "osm_type": "way", "osm_id": 817138802, "category": "bridge", "source": "OpenStreetMap (ODbL)"}, "geometry": {"type": "Point", "coordinates": [76.2641384, 11.6449058]}}, {"type": "Feature", "id": 817888374, "properties": {"bridge": "yes", "highway": "primary", "layer": "1", "name": "Kalpetta-Padinjarethara Road", "id": "osm-way-817888374", "osm_type": "way", "osm_id": 817888374, "category": "bridge", "source": "OpenStreetMap (ODbL)"}, "geometry": {"type": "Point", "coordinates": [76.0168616, 11.632502]}}, {"type": "Feature", "id": 818291719, "properties": {"name": "Check Dam at Madakundu", "operator": "Kerala Irrigation Department", "waterway": "weir", "id": "osm-way-818291719", "osm_type": "way", "osm_id": 818291719, "category": "weir", "source": "OpenStreetMap (ODbL)"}, "geometry": {"type": "Point", "coordinates": [76.2948813, 11.7124318]}}, {"type": "Feature", "id": 821809295, "properties": {"bridge": "yes", "highway": "unclassified", "name": "Mavelippalam", "id": "osm-way-821809295", "osm_type": "way", "osm_id": 821809295, "category": "bridge", "source": "OpenStreetMap (ODbL)"}, "geometry": {"type": "Point", "coordinates": [76.0401083, 11.5538023]}}, {"type": "Feature", "id": 822074644, "properties": {"bridge": "yes", "highway": "trunk", "layer": "1", "name": "Kalpetta-Sulthan Bathery Road", "id": "osm-way-822074644", "osm_type": "way", "osm_id": 822074644, "category": "bridge", "source": "OpenStreetMap (ODbL)"}, "geometry": {"type": "Point", "coordinates": [76.1187106, 11.6475303]}}, {"type": "Feature", "id": 822081493, "properties": {"bridge": "yes", "highway": "secondary", "id": "osm-way-822081493", "osm_type": "way", "osm_id": 822081493, "category": "bridge", "source": "OpenStreetMap (ODbL)"}, "geometry": {"type": "Point", "coordinates": [76.1579789, 11.6495076]}}, {"type": "Feature", "id": 822452232, "properties": {"bridge": "yes", "highway": "secondary", "layer": "1", "name": "Periya - Valad Road", "id": "osm-way-822452232", "osm_type": "way", "osm_id": 822452232, "category": "bridge", "source": "OpenStreetMap (ODbL)"}, "geometry": {"type": "Point", "coordinates": [75.86818, 11.8078372]}}, {"type": "Feature", "id": 822478881, "properties": {"bridge": "yes", "highway": "tertiary", "layer": "1", "id": "osm-way-822478881", "osm_type": "way", "osm_id": 822478881, "category": "bridge", "source": "OpenStreetMap (ODbL)"}, "geometry": {"type": "Point", "coordinates": [75.8933843, 11.7717248]}}, {"type": "Feature", "id": 822478884, "properties": {"bridge": "yes", "highway": "primary", "layer": "1", "name": "Valad - Kunjome Road", "id": "osm-way-822478884", "osm_type": "way", "osm_id": 822478884, "category": "bridge", "source": "OpenStreetMap (ODbL)"}, "geometry": {"type": "Point", "coordinates": [75.8800371, 11.7802611]}}, {"type": "Feature", "id": 822478891, "properties": {"bridge": "yes", "highway": "tertiary", "layer": "1", "id": "osm-way-822478891", "osm_type": "way", "osm_id": 822478891, "category": "bridge", "source": "OpenStreetMap (ODbL)"}, "geometry": {"type": "Point", "coordinates": [75.8816314, 11.7453088]}}, {"type": "Feature", "id": 822478894, "properties": {"bridge": "yes", "highway": "primary", "layer": "1", "name": "Mananthavady-Pakramthalam Road", "id": "osm-way-822478894", "osm_type": "way", "osm_id": 822478894, "category": "bridge", "source": "OpenStreetMap (ODbL)"}, "geometry": {"type": "Point", "coordinates": [75.8865231, 11.743574]}}, {"type": "Feature", "id": 823725786, "properties": {"bridge": "yes", "highway": "primary", "layer": "1", "id": "osm-way-823725786", "osm_type": "way", "osm_id": 823725786, "category": "bridge", "source": "OpenStreetMap (ODbL)"}, "geometry": {"type": "Point", "coordinates": [75.8553183, 11.7538808]}}, {"type": "Feature", "id": 823725790, "properties": {"bridge": "yes", "highway": "primary", "layer": "1", "id": "osm-way-823725790", "osm_type": "way", "osm_id": 823725790, "category": "bridge", "source": "OpenStreetMap (ODbL)"}, "geometry": {"type": "Point", "coordinates": [75.8507935, 11.7613204]}}, {"type": "Feature", "id": 823765518, "properties": {"bridge": "yes", "highway": "primary", "layer": "1", "id": "osm-way-823765518", "osm_type": "way", "osm_id": 823765518, "category": "bridge", "source": "OpenStreetMap (ODbL)"}, "geometry": {"type": "Point", "coordinates": [75.8539453, 11.7424898]}}, {"type": "Feature", "id": 823765522, "properties": {"bridge": "yes", "highway": "primary", "layer": "1", "name": "Mananthavady-Pakramthalam Road", "id": "osm-way-823765522", "osm_type": "way", "osm_id": 823765522, "category": "bridge", "source": "OpenStreetMap (ODbL)"}, "geometry": {"type": "Point", "coordinates": [75.8442267, 11.7420491]}}, {"type": "Feature", "id": 824098614, "properties": {"bridge": "yes", "highway": "service", "name": "Banasurasagar Dam project", "operator": "Kerala Irrigation Department", "waterway": "dam", "wikidata": "Q3532983", "wikipedia": "en:Banasura Sagar Dam", "id": "osm-way-824098614", "osm_type": "way", "osm_id": 824098614, "category": "dam", "source": "OpenStreetMap (ODbL)"}, "geometry": {"type": "Point", "coordinates": [75.9599525, 11.6717282]}}, {"type": "Feature", "id": 824098615, "properties": {"highway": "service", "name": "Banasurasagar Project", "operator": "Kerala Irrigation Department", "waterway": "dam", "wikidata": "Q3532983", "wikipedia": "en:Banasura Sagar Dam", "id": "osm-way-824098615", "osm_type": "way", "osm_id": 824098615, "category": "dam", "source": "OpenStreetMap (ODbL)"}, "geometry": {"type": "Point", "coordinates": [75.9603334, 11.6714911]}}, {"type": "Feature", "id": 826905647, "properties": {"bridge": "yes", "highway": "secondary", "layer": "1", "name": "Vengappally Pozhuthana Road", "id": "osm-way-826905647", "osm_type": "way", "osm_id": 826905647, "category": "bridge", "source": "OpenStreetMap (ODbL)"}, "geometry": {"type": "Point", "coordinates": [76.0246129, 11.5878204]}}, {"type": "Feature", "id": 827554972, "properties": {"amenity": "hospital", "healthcare": "hospital", "name": "Ayush Ayurveda Hospital, Parakkal", "id": "osm-way-827554972", "osm_type": "way", "osm_id": 827554972, "category": "hospital", "source": "OpenStreetMap (ODbL)"}, "geometry": {"type": "Point", "coordinates": [76.1016819, 11.6374143]}}, {"type": "Feature", "id": 827554976, "properties": {"amenity": "clinic", "building": "yes", "healthcare": "clinic", "name": "Vythiri Clinic, Vythiri", "id": "osm-way-827554976", "osm_type": "way", "osm_id": 827554976, "category": "clinic", "source": "OpenStreetMap (ODbL)"}, "geometry": {"type": "Point", "coordinates": [76.0392875, 11.5533839]}}, {"type": "Feature", "id": 827554999, "properties": {"amenity": "hospital", "healthcare": "hospital", "name": "Santhigiri Ayurveda & Siddha Hospital", "id": "osm-way-827554999", "osm_type": "way", "osm_id": 827554999, "category": "hospital", "source": "OpenStreetMap (ODbL)"}, "geometry": {"type": "Point", "coordinates": [76.0791152, 11.5973804]}}, {"type": "Feature", "id": 828362684, "properties": {"bridge": "yes", "highway": "secondary", "layer": "1", "id": "osm-way-828362684", "osm_type": "way", "osm_id": 828362684, "category": "bridge", "source": "OpenStreetMap (ODbL)"}, "geometry": {"type": "Point", "coordinates": [76.0307949, 11.6428866]}}, {"type": "Feature", "id": 828374619, "properties": {"bridge": "yes", "highway": "unclassified", "layer": "1", "name": "Kenichira Pulpally Road", "id": "osm-way-828374619", "osm_type": "way", "osm_id": 828374619, "category": "bridge", "source": "OpenStreetMap (ODbL)"}, "geometry": {"type": "Point", "coordinates": [76.1733194, 11.736544]}}, {"type": "Feature", "id": 828374621, "properties": {"bridge": "yes", "highway": "unclassified", "layer": "1", "name": "Kenichira - Pulpally Road", "id": "osm-way-828374621", "osm_type": "way", "osm_id": 828374621, "category": "bridge", "source": "OpenStreetMap (ODbL)"}, "geometry": {"type": "Point", "coordinates": [76.1656483, 11.7292367]}}, {"type": "Feature", "id": 828382476, "properties": {"bridge": "yes", "highway": "secondary", "layer": "1", "name": "CC - Vakery Road", "id": "osm-way-828382476", "osm_type": "way", "osm_id": 828382476, "category": "bridge", "source": "OpenStreetMap (ODbL)"}, "geometry": {"type": "Point", "coordinates": [76.2063084, 11.7015]}}, {"type": "Feature", "id": 829117876, "properties": {"bridge": "yes", "highway": "tertiary", "id": "osm-way-829117876", "osm_type": "way", "osm_id": 829117876, "category": "bridge", "source": "OpenStreetMap (ODbL)"}, "geometry": {"type": "Point", "coordinates": [76.06081, 11.6895578]}}, {"type": "Feature", "id": 831296465, "properties": {"amenity": "university", "name": "Kerala Veterinary and Animal Sciences University, Lakkidi", "name:ml": "\u0d15\u0d47\u0d30\u0d33 \u0d35\u0d46\u0d31\u0d4d\u0d31\u0d31\u0d3f\u0d28\u0d31\u0d3f \u0d06\u0d28\u0d4d\u0d31\u0d4d \u0d05\u0d28\u0d3f\u0d2e\u0d7d \u0d38\u0d2f\u0d7b\u0d38\u0d4d \u0d38\u0d7c\u0d35\u0d15\u0d32\u0d3e\u0d36\u0d3e\u0d32", "operator": "Govt. of Kerala", "operator:type": "government", "website": "https://www.kvasu.ac.in/", "wikidata": "Q6393501", "wikipedia": "en:Kerala Veterinary and Animal Sciences University", "id": "osm-way-831296465", "osm_type": "way", "osm_id": 831296465, "category": "college", "source": "OpenStreetMap (ODbL)"}, "geometry": {"type": "Point", "coordinates": [76.0214826, 11.5414838]}}, {"type": "Feature", "id": 835982421, "properties": {"amenity": "police", "building": "yes", "name": "Police Station, Vythiri", "id": "osm-way-835982421", "osm_type": "way", "osm_id": 835982421, "category": "police", "source": "OpenStreetMap (ODbL)"}, "geometry": {"type": "Point", "coordinates": [76.0392886, 11.5490094]}}, {"type": "Feature", "id": 835985741, "properties": {"amenity": "place_of_worship", "building": "yes", "name": "St Joseph's Church ,Vythiri", "religion": "christian", "id": "osm-way-835985741", "osm_type": "way", "osm_id": 835985741, "category": "religious", "source": "OpenStreetMap (ODbL)"}, "geometry": {"type": "Point", "coordinates": [76.0383582, 11.5566194]}}, {"type": "Feature", "id": 835986243, "properties": {"building": "yes", "government": "panchayath_office", "name": "Vythiri Grama Panchayat office, Vythiri", "office": "government", "phone": "+914936255223", "id": "osm-way-835986243", "osm_type": "way", "osm_id": 835986243, "category": "government", "source": "OpenStreetMap (ODbL)"}, "geometry": {"type": "Point", "coordinates": [76.0388383, 11.5570918]}}, {"type": "Feature", "id": 836007628, "properties": {"building": "yes", "name": "Taluk Office, Vythiri", "office": "government", "id": "osm-way-836007628", "osm_type": "way", "osm_id": 836007628, "category": "government", "source": "OpenStreetMap (ODbL)"}, "geometry": {"type": "Point", "coordinates": [76.0395006, 11.5497948]}}, {"type": "Feature", "id": 836015002, "properties": {"amenity": "school", "name": "Holy Infant Mary's Upper Primary School,Chelode", "religion": "christian", "id": "osm-way-836015002", "osm_type": "way", "osm_id": 836015002, "category": "school", "source": "OpenStreetMap (ODbL)"}, "geometry": {"type": "Point", "coordinates": [76.0402563, 11.5604698]}}, {"type": "Feature", "id": 836016354, "properties": {"amenity": "place_of_worship", "building": "yes", "name": "Holy Infant Mary's Convent Church", "religion": "christian", "id": "osm-way-836016354", "osm_type": "way", "osm_id": 836016354, "category": "religious", "source": "OpenStreetMap (ODbL)"}, "geometry": {"type": "Point", "coordinates": [76.041147, 11.5618507]}}, {"type": "Feature", "id": 836029238, "properties": {"addr:district": "Wayanad", "addr:village": "Kunnathidavaka", "amenity": "school", "name": "St. Claret Public School, Charity", "operator:type": "private", "religion": "christian", "wikidata": "Q64522461", "id": "osm-way-836029238", "osm_type": "way", "osm_id": 836029238, "category": "school", "source": "OpenStreetMap (ODbL)"}, "geometry": {"type": "Point", "coordinates": [76.0409278, 11.5378783]}}, {"type": "Feature", "id": 836037500, "properties": {"amenity": "place_of_worship", "building": "yes", "name": "St Claret Church", "religion": "christian", "id": "osm-way-836037500", "osm_type": "way", "osm_id": 836037500, "category": "religious", "source": "OpenStreetMap (ODbL)"}, "geometry": {"type": "Point", "coordinates": [76.0415318, 11.5375988]}}, {"type": "Feature", "id": 836059197, "properties": {"building": "yes", "name": "Kerala State Electricity Board Office, Vythiri", "office": "government", "id": "osm-way-836059197", "osm_type": "way", "osm_id": 836059197, "category": "government", "source": "OpenStreetMap (ODbL)"}, "geometry": {"type": "Point", "coordinates": [76.0393834, 11.5453296]}}, {"type": "Feature", "id": 836060559, "properties": {"bridge": "yes", "highway": "trunk", "layer": "1", "name": "Wayanad Road", "id": "osm-way-836060559", "osm_type": "way", "osm_id": 836060559, "category": "bridge", "source": "OpenStreetMap (ODbL)"}, "geometry": {"type": "Point", "coordinates": [76.0388014, 11.5417376]}}, {"type": "Feature", "id": 836071703, "properties": {"building": "yes", "government": "public_service", "name": "Department of Fisheries, Pookode", "office": "government", "id": "osm-way-836071703", "osm_type": "way", "osm_id": 836071703, "category": "government", "source": "OpenStreetMap (ODbL)"}, "geometry": {"type": "Point", "coordinates": [76.0291429, 11.5352314]}}, {"type": "Feature", "id": 836075411, "properties": {"bridge": "yes", "highway": "trunk", "layer": "1", "name": "Wayanad Road", "id": "osm-way-836075411", "osm_type": "way", "osm_id": 836075411, "category": "bridge", "source": "OpenStreetMap (ODbL)"}, "geometry": {"type": "Point", "coordinates": [76.0444148, 11.5720287]}}, {"type": "Feature", "id": 837528873, "properties": {"bridge": "yes", "highway": "trunk", "layer": "1", "name": "Kalpetta-Sulthan Bathery Road", "id": "osm-way-837528873", "osm_type": "way", "osm_id": 837528873, "category": "bridge", "source": "OpenStreetMap (ODbL)"}, "geometry": {"type": "Point", "coordinates": [76.1280694, 11.6489409]}}, {"type": "Feature", "id": 837528875, "properties": {"bridge": "yes", "highway": "trunk", "layer": "1", "name": "Kalpetta-Sulthan Bathery Road", "id": "osm-way-837528875", "osm_type": "way", "osm_id": 837528875, "category": "bridge", "source": "OpenStreetMap (ODbL)"}, "geometry": {"type": "Point", "coordinates": [76.1286867, 11.648962]}}, {"type": "Feature", "id": 837528877, "properties": {"bridge": "yes", "highway": "trunk", "layer": "1", "name": "Kalpetta-Sulthan Bathery Road", "id": "osm-way-837528877", "osm_type": "way", "osm_id": 837528877, "category": "bridge", "source": "OpenStreetMap (ODbL)"}, "geometry": {"type": "Point", "coordinates": [76.1308782, 11.6490691]}}, {"type": "Feature", "id": 837528879, "properties": {"bridge": "yes", "highway": "trunk", "layer": "1", "name": "Kalpetta-Sulthan Bathery Road", "id": "osm-way-837528879", "osm_type": "way", "osm_id": 837528879, "category": "bridge", "source": "OpenStreetMap (ODbL)"}, "geometry": {"type": "Point", "coordinates": [76.1351983, 11.6492967]}}, {"type": "Feature", "id": 838056675, "properties": {"addr:city": "Kommayad", "addr:district": "Wayanad", "addr:village": "Porunnanoor", "amenity": "school", "name": "Saint Sebastian Upper Primary School Kommayad", "wikidata": "Q64522579", "id": "osm-way-838056675", "osm_type": "way", "osm_id": 838056675, "category": "school", "source": "OpenStreetMap (ODbL)"}, "geometry": {"type": "Point", "coordinates": [76.0104961, 11.7327746]}}, {"type": "Feature", "id": 838056677, "properties": {"amenity": "place_of_worship", "building": "yes", "name": "St.Sebastian Church Kommayad", "religion": "christian", "id": "osm-way-838056677", "osm_type": "way", "osm_id": 838056677, "category": "religious", "source": "OpenStreetMap (ODbL)"}, "geometry": {"type": "Point", "coordinates": [76.0096722, 11.7325922]}}, {"type": "Feature", "id": 838803607, "properties": {"addr:district": "Wayanad", "addr:village": "Achooranam", "amenity": "school", "name": "Government High School, Achoor", "operator": "Department of Education", "id": "osm-way-838803607", "osm_type": "way", "osm_id": 838803607, "category": "school", "source": "OpenStreetMap (ODbL)"}, "geometry": {"type": "Point", "coordinates": [76.0158327, 11.5995981]}}, {"type": "Feature", "id": 838809971, "properties": {"addr:district": "Wayanad", "addr:village": "Pozhuthana", "amenity": "school", "name": "Government Lower Primary School, Achooranam", "id": "osm-way-838809971", "osm_type": "way", "osm_id": 838809971, "category": "school", "source": "OpenStreetMap (ODbL)"}, "geometry": {"type": "Point", "coordinates": [76.0190958, 11.587199]}}, {"type": "Feature", "id": 838815133, "properties": {"addr:district": "Wayanad", "addr:village": "Pozhuthana", "amenity": "school", "name": "Love Shore SP School, Pozhuthana", "wikidata": "Q64522398", "id": "osm-way-838815133", "osm_type": "way", "osm_id": 838815133, "category": "school", "source": "OpenStreetMap (ODbL)"}, "geometry": {"type": "Point", "coordinates": [76.023266, 11.5881048]}}, {"type": "Feature", "id": 839052835, "properties": {"addr:city": "Kappiset", "addr:village": "Pulpally", "amenity": "school", "name": "Sree Narayana Aided Lower Primary School Ground (SNALPS)  Kappiset", "operator": "Government", "operator:type": "private", "id": "osm-way-839052835", "osm_type": "way", "osm_id": 839052835, "category": "school", "source": "OpenStreetMap (ODbL)"}, "geometry": {"type": "Point", "coordinates": [76.2088667, 11.8005821]}}, {"type": "Feature", "id": 839053959, "properties": {"addr:village": "Padichira", "amenity": "school", "name": "Government High School Kappiset", "operator": "government", "operator:type": "government", "id": "osm-way-839053959", "osm_type": "way", "osm_id": 839053959, "category": "school", "source": "OpenStreetMap (ODbL)"}, "geometry": {"type": "Point", "coordinates": [76.2007394, 11.8019213]}}, {"type": "Feature", "id": 839058108, "properties": {"addr:village": "Padichira", "amenity": "school", "name": "Government Upper Primary School Sasimala", "operator": "government", "operator:type": "government", "id": "osm-way-839058108", "osm_type": "way", "osm_id": 839058108, "category": "school", "source": "OpenStreetMap (ODbL)"}, "geometry": {"type": "Point", "coordinates": [76.1970429, 11.8150483]}}, {"type": "Feature", "id": 839247642, "properties": {"addr:district": "Wayanad", "addr:village": "Padichira", "amenity": "school", "name": "Government Lower Primary School Kolavally", "id": "osm-way-839247642", "osm_type": "way", "osm_id": 839247642, "category": "school", "source": "OpenStreetMap (ODbL)"}, "geometry": {"type": "Point", "coordinates": [76.2012166, 11.844023]}}, {"type": "Feature", "id": 839253682, "properties": {"addr:city": "Pulppally", "addr:district": "wayanad", "addr:village": "Padichira", "amenity": "school", "name": "Government Lower Primary School Marakkadavu", "religion": "none", "website": "glpsmarakkadavu@gmail.com", "id": "osm-way-839253682", "osm_type": "way", "osm_id": 839253682, "category": "school", "source": "OpenStreetMap (ODbL)"}, "geometry": {"type": "Point", "coordinates": [76.1831785, 11.8685259]}}, {"type": "Feature", "id": 839258731, "properties": {"addr:district": "Wayanad", "addr:village": "Pulpally", "amenity": "school", "name": "St Thomas Upper Primary School Perikkalloor", "id": "osm-way-839258731", "osm_type": "way", "osm_id": 839258731, "category": "school", "source": "OpenStreetMap (ODbL)"}, "geometry": {"type": "Point", "coordinates": [76.1524652, 11.8570826]}}, {"type": "Feature", "id": 839261534, "properties": {"addr:district": "Wayanad", "addr:village": "Pulpally", "amenity": "school", "name": "Government High School Perikkallur", "id": "osm-way-839261534", "osm_type": "way", "osm_id": 839261534, "category": "school", "source": "OpenStreetMap (ODbL)"}, "geometry": {"type": "Point", "coordinates": [76.1507584, 11.8608605]}}, {"type": "Feature", "id": 839387814, "properties": {"addr:district": "Wayanad", "addr:village": "Thrissilery", "amenity": "school", "name": "Government Upper Primary School Bavali", "id": "osm-way-839387814", "osm_type": "way", "osm_id": 839387814, "category": "school", "source": "OpenStreetMap (ODbL)"}, "geometry": {"type": "Point", "coordinates": [76.1099844, 11.8480902]}}, {"type": "Feature", "id": 839390595, "properties": {"addr:district": "Wayanad", "addr:village": "Thrissilery", "amenity": "school", "name": "Assisi Lower Primary School Cheloor", "id": "osm-way-839390595", "osm_type": "way", "osm_id": 839390595, "category": "school", "source": "OpenStreetMap (ODbL)"}, "geometry": {"type": "Point", "coordinates": [76.0773667, 11.8577035]}}, {"type": "Feature", "id": 839408501, "properties": {"addr:district": "Wayanad", "addr:village": "Padichira", "amenity": "school", "name": "St.Marys English Medium School Chettappalam", "id": "osm-way-839408501", "osm_type": "way", "osm_id": 839408501, "category": "school", "source": "OpenStreetMap (ODbL)"}, "geometry": {"type": "Point", "coordinates": [76.1929102, 11.7994955]}}, {"type": "Feature", "id": 839412030, "properties": {"addr:district": "Wayanad", "addr:village": "Pulpally", "amenity": "school", "name": "Devamatha Aided Lower Primary School Adikolly", "id": "osm-way-839412030", "osm_type": "way", "osm_id": 839412030, "category": "school", "source": "OpenStreetMap (ODbL)"}, "geometry": {"type": "Point", "coordinates": [76.1893459, 11.7808722]}}, {"type": "Feature", "id": 839414958, "properties": {"addr:district": "Wayanad", "addr:village": "Padichira", "amenity": "school", "name": "Government Lower Primary School Channothukally", "id": "osm-way-839414958", "osm_type": "way", "osm_id": 839414958, "category": "school", "source": "OpenStreetMap (ODbL)"}, "geometry": {"type": "Point", "coordinates": [76.2050499, 11.8389318]}}, {"type": "Feature", "id": 839417338, "properties": {"addr:district": "Wayanad", "addr:village": "Kunnathidavaka", "amenity": "school", "name": "Government Lower Primary School, Lakkidi", "id": "osm-way-839417338", "osm_type": "way", "osm_id": 839417338, "category": "school", "source": "OpenStreetMap (ODbL)"}, "geometry": {"type": "Point", "coordinates": [76.0213093, 11.516801]}}, {"type": "Feature", "id": 839421627, "properties": {"addr:district": "Wayanad", "addr:village": "Pulpally", "amenity": "school", "name": "J Higher Secondary School Kaluvayal", "id": "osm-way-839421627", "osm_type": "way", "osm_id": 839421627, "category": "school", "source": "OpenStreetMap (ODbL)"}, "geometry": {"type": "Point", "coordinates": [76.1784738, 11.7670265]}}, {"type": "Feature", "id": 839421843, "properties": {"addr:district": "Wayanad", "addr:village": "Pozhuthana", "amenity": "school", "name": "Government Upper Primary School, Sugadigiri", "id": "osm-way-839421843", "osm_type": "way", "osm_id": 839421843, "category": "school", "source": "OpenStreetMap (ODbL)"}, "geometry": {"type": "Point", "coordinates": [76.0308021, 11.5383708]}}, {"type": "Feature", "id": 839424946, "properties": {"addr:district": "Wayanad", "addr:village": "Pulpally", "amenity": "school", "name": "Sree Valmeeki Vidya Nikethan", "wikidata": "Q64522127", "id": "osm-way-839424946", "osm_type": "way", "osm_id": 839424946, "category": "school", "source": "OpenStreetMap (ODbL)"}, "geometry": {"type": "Point", "coordinates": [76.1791966, 11.7841258]}}, {"type": "Feature", "id": 839424951, "properties": {"addr:district": "Wayanad", "addr:village": "Pozhuthana", "amenity": "school", "name": "Government Upper Primary School, Vrindavan", "id": "osm-way-839424951", "osm_type": "way", "osm_id": 839424951, "category": "school", "source": "OpenStreetMap (ODbL)"}, "geometry": {"type": "Point", "coordinates": [76.0240024, 11.5509711]}}, {"type": "Feature", "id": 839428998, "properties": {"addr:district": "Wayanad", "addr:village": "Chundale", "amenity": "school", "name": "ST. Thomas Marthoma School, Chundale", "id": "osm-way-839428998", "osm_type": "way", "osm_id": 839428998, "category": "school", "source": "OpenStreetMap (ODbL)"}, "geometry": {"type": "Point", "coordinates": [76.0558445, 11.5742351]}}, {"type": "Feature", "id": 839432718, "properties": {"addr:district": "Wayanad", "addr:village": "Padichira", "amenity": "school", "name": "St.Thomas A Upper Primary School Mulankolly", "id": "osm-way-839432718", "osm_type": "way", "osm_id": 839432718, "category": "school", "source": "OpenStreetMap (ODbL)"}, "geometry": {"type": "Point", "coordinates": [76.1628216, 11.8181728]}}, {"type": "Feature", "id": 839458574, "properties": {"addr:district": "Wayanad", "addr:village": "Kalpetta", "amenity": "school", "name": "Alternate School, Padapuram - I", "wikidata": "Q64522804", "id": "osm-way-839458574", "osm_type": "way", "osm_id": 839458574, "category": "school", "source": "OpenStreetMap (ODbL)"}, "geometry": {"type": "Point", "coordinates": [76.0483655, 11.6071742]}}, {"type": "Feature", "id": 839458717, "properties": {"addr:district": "Wayanad", "addr:village": "Pulpally", "amenity": "school", "name": "St.George Upper Primary School Pulpally", "id": "osm-way-839458717", "osm_type": "way", "osm_id": 839458717, "category": "school", "source": "OpenStreetMap (ODbL)"}, "geometry": {"type": "Point", "coordinates": [76.160513, 11.7928583]}}, {"type": "Feature", "id": 839460488, "properties": {"addr:district": "Wayanad", "addr:village": "Pulpally", "amenity": "school", "name": "St.George English Medium Pulpally", "id": "osm-way-839460488", "osm_type": "way", "osm_id": 839460488, "category": "school", "source": "OpenStreetMap (ODbL)"}, "geometry": {"type": "Point", "coordinates": [76.1555509, 11.7942476]}}, {"type": "Feature", "id": 839463655, "properties": {"addr:district": "Wayanad", "addr:village": "Nadavayal", "amenity": "school", "name": "DEVIVVILASAM VOCATIONALHIGHER SECONDARY SCHOOLVeliyambam", "id": "osm-way-839463655", "osm_type": "way", "osm_id": 839463655, "category": "school", "source": "OpenStreetMap (ODbL)"}, "geometry": {"type": "Point", "coordinates": [76.1355497, 11.7863908]}}, {"type": "Feature", "id": 839464050, "properties": {"amenity": "place_of_worship", "building": "yes", "name": "De Paul Church", "religion": "christian", "id": "osm-way-839464050", "osm_type": "way", "osm_id": 839464050, "category": "religious", "source": "OpenStreetMap (ODbL)"}, "geometry": {"type": "Point", "coordinates": [76.080708, 11.6006511]}}, {"type": "Feature", "id": 839464277, "properties": {"addr:district": "Wayanad", "addr:village": "Pulpally", "amenity": "school", "name": "Government Lower School Chegadi", "id": "osm-way-839464277", "osm_type": "way", "osm_id": 839464277, "category": "school", "source": "OpenStreetMap (ODbL)"}, "geometry": {"type": "Point", "coordinates": [76.1121761, 11.8353685]}}, {"type": "Feature", "id": 839465088, "properties": {"addr:district": "Wayanad", "addr:village": "Kalpetta", "amenity": "school", "name": "Kendriya Vidyalaya, Kalpetta", "operator:type": "government_non_profit", "wikidata": "Q64522799", "id": "osm-way-839465088", "osm_type": "way", "osm_id": 839465088, "category": "school", "source": "OpenStreetMap (ODbL)"}, "geometry": {"type": "Point", "coordinates": [76.0707976, 11.6130632]}}, {"type": "Feature", "id": 839465107, "properties": {"addr:district": "Wayanad", "addr:village": "Pulpally", "amenity": "school", "name": "Government Lower Primary School Pakkam", "id": "osm-way-839465107", "osm_type": "way", "osm_id": 839465107, "category": "school", "source": "OpenStreetMap (ODbL)"}, "geometry": {"type": "Point", "coordinates": [76.1004066, 11.8023919]}}, {"type": "Feature", "id": 839466178, "properties": {"addr:district": "Wayanad", "addr:village": "Panamaram", "amenity": "school", "name": "Government Lower Primary School Kuppathode", "id": "osm-way-839466178", "osm_type": "way", "osm_id": 839466178, "category": "school", "source": "OpenStreetMap (ODbL)"}, "geometry": {"type": "Point", "coordinates": [76.0988569, 11.7652328]}}, {"type": "Feature", "id": 839466850, "properties": {"addr:district": "Wayanad", "addr:village": "Panamaram", "amenity": "school", "name": "Government Higher Secondary School Neervaram", "id": "osm-way-839466850", "osm_type": "way", "osm_id": 839466850, "category": "school", "source": "OpenStreetMap (ODbL)"}, "geometry": {"type": "Point", "coordinates": [76.081229, 11.7745763]}}, {"type": "Feature", "id": 839468865, "properties": {"addr:district": "Wayanad", "addr:village": "Kalpetta", "amenity": "school", "name": "HIM Upper Primary School, Kalpetta", "id": "osm-way-839468865", "osm_type": "way", "osm_id": 839468865, "category": "school", "source": "OpenStreetMap (ODbL)"}, "geometry": {"type": "Point", "coordinates": [76.0824092, 11.6118916]}}, {"type": "Feature", "id": 839473130, "properties": {"addr:district": "Wayanad", "addr:village": "Kalpetta", "amenity": "school", "name": "Azar Lower Primary School, Pulpara", "id": "osm-way-839473130", "osm_type": "way", "osm_id": 839473130, "category": "school", "source": "OpenStreetMap (ODbL)"}, "geometry": {"type": "Point", "coordinates": [76.0920369, 11.6028975]}}, {"type": "Feature", "id": 839475628, "properties": {"addr:district": "Wayanad", "addr:village": "Kottappadi", "amenity": "school", "name": "Government Upper Primary School, Cottanad", "id": "osm-way-839475628", "osm_type": "way", "osm_id": 839475628, "category": "school", "source": "OpenStreetMap (ODbL)"}, "geometry": {"type": "Point", "coordinates": [76.1092344, 11.5713702]}}, {"type": "Feature", "id": 839481204, "properties": {"addr:district": "Wayanad", "addr:village": "Kottappadi", "amenity": "school", "name": "Government Upper Primary School, Erumakkoly", "wikidata": "Q64522354", "id": "osm-way-839481204", "osm_type": "way", "osm_id": 839481204, "category": "school", "source": "OpenStreetMap (ODbL)"}, "geometry": {"type": "Point", "coordinates": [76.1061902, 11.5517485]}}, {"type": "Feature", "id": 839598743, "properties": {"addr:district": "Wayanad", "addr:village": "Vellarimala", "amenity": "school", "name": "Government Vocational Higher Secondary School, Vellarmala", "id": "osm-way-839598743", "osm_type": "way", "osm_id": 839598743, "category": "school", "source": "OpenStreetMap (ODbL)"}, "geometry": {"type": "Point", "coordinates": [76.1600211, 11.4981578]}}, {"type": "Feature", "id": 839600581, "properties": {"addr:district": "Wayanad", "addr:village": "Moppainad", "amenity": "school", "name": "Alternate School Kadachikkunnu - I", "id": "osm-way-839600581", "osm_type": "way", "osm_id": 839600581, "category": "school", "source": "OpenStreetMap (ODbL)"}, "geometry": {"type": "Point", "coordinates": [76.1816431, 11.5243392]}}, {"type": "Feature", "id": 839606610, "properties": {"addr:district": "Wayanad", "addr:village": "Mooppainad", "amenity": "school", "name": "Alternate Jaihind Colony - I", "wikidata": "Q64522500", "id": "osm-way-839606610", "osm_type": "way", "osm_id": 839606610, "category": "school", "source": "OpenStreetMap (ODbL)"}, "geometry": {"type": "Point", "coordinates": [76.1432272, 11.5829185]}}, {"type": "Feature", "id": 839607214, "properties": {"addr:district": "Wayanad", "addr:village": "Thrikkaippetta", "amenity": "school", "name": "S Lakshmi V Nikethan,Thrikkaippetta", "wikidata": "Q64522642", "id": "osm-way-839607214", "osm_type": "way", "osm_id": 839607214, "category": "school", "source": "OpenStreetMap (ODbL)"}, "geometry": {"type": "Point", "coordinates": [76.1320213, 11.5982382]}}, {"type": "Feature", "id": 839645866, "properties": {"addr:district": "Wayanad", "addr:village": "Thrissilery", "amenity": "school", "name": "Government Higher Secondary School Kartikulam", "id": "osm-way-839645866", "osm_type": "way", "osm_id": 839645866, "category": "school", "source": "OpenStreetMap (ODbL)"}, "geometry": {"type": "Point", "coordinates": [76.0620334, 11.8463298]}}, {"type": "Feature", "id": 839648497, "properties": {"addr:district": "Wayanad", "addr:village": "Thrissilery", "amenity": "school", "name": "Govt Lower Primary School, Edayoorkunnu Thirunelly Grama Panchayath Manandavady", "operator:type": "government", "id": "osm-way-839648497", "osm_type": "way", "osm_id": 839648497, "category": "school", "source": "OpenStreetMap (ODbL)"}, "geometry": {"type": "Point", "coordinates": [76.0454225, 11.8564594]}}, {"type": "Feature", "id": 839651977, "properties": {"addr:district": "Wayanad", "addr:village": "Mananthavady", "amenity": "school", "name": "Cherakara Estate Lower Primary School", "id": "osm-way-839651977", "osm_type": "way", "osm_id": 839651977, "category": "school", "source": "OpenStreetMap (ODbL)"}, "geometry": {"type": "Point", "coordinates": [75.9667197, 11.8532039]}}, {"type": "Feature", "id": 839653727, "properties": {"addr:city": "Thalappuzha", "addr:district": "Wayanad", "addr:village": "Thavinhal", "amenity": "school", "name": "Government Higher Secondary School Thalappuzha", "operator": "Goverment", "operator:type": "government", "id": "osm-way-839653727", "osm_type": "way", "osm_id": 839653727, "category": "school", "source": "OpenStreetMap (ODbL)"}, "geometry": {"type": "Point", "coordinates": [75.9456828, 11.8432829]}}, {"type": "Feature", "id": 839654829, "properties": {"addr:district": "Wayanad", "addr:village": "Thavinhal", "amenity": "school", "name": "Kusumagiri Lower Primary School Puthiyidom", "id": "osm-way-839654829", "osm_type": "way", "osm_id": 839654829, "category": "school", "source": "OpenStreetMap (ODbL)"}, "geometry": {"type": "Point", "coordinates": [75.9502193, 11.8585056]}}, {"type": "Feature", "id": 839655659, "properties": {"addr:district": "Wayanad", "addr:village": "Thavinhal", "amenity": "school", "name": "Government Lower Primary School Kaithakkolly", "id": "osm-way-839655659", "osm_type": "way", "osm_id": 839655659, "category": "school", "source": "OpenStreetMap (ODbL)"}, "geometry": {"type": "Point", "coordinates": [75.9431244, 11.8623738]}}, {"type": "Feature", "id": 839657003, "properties": {"addr:district": "Wayanad", "addr:village": "Thavinhal", "amenity": "school", "name": "Government Lower Primary School Makkimala", "id": "osm-way-839657003", "osm_type": "way", "osm_id": 839657003, "category": "school", "source": "OpenStreetMap (ODbL)"}, "geometry": {"type": "Point", "coordinates": [75.9503522, 11.8682478]}}, {"type": "Feature", "id": 839681974, "properties": {"addr:district": "Wayanad", "addr:village": "Thirunelli", "amenity": "school", "name": "Government Ashram School Thirunelly", "id": "osm-way-839681974", "osm_type": "way", "osm_id": 839681974, "category": "school", "source": "OpenStreetMap (ODbL)"}, "geometry": {"type": "Point", "coordinates": [75.992194, 11.9072886]}}, {"type": "Feature", "id": 839685685, "properties": {"addr:district": "Wayanad", "addr:village": "Thirunelli", "amenity": "school", "name": "S A Upper Primary School Thirunelly", "id": "osm-way-839685685", "osm_type": "way", "osm_id": 839685685, "category": "school", "source": "OpenStreetMap (ODbL)"}, "geometry": {"type": "Point", "coordinates": [75.9992018, 11.9063515]}}, {"type": "Feature", "id": 839688023, "properties": {"addr:district": "Wayanad", "addr:village": "Thirunelli", "amenity": "school", "name": "Government Lower Primary School Chekady", "id": "osm-way-839688023", "osm_type": "way", "osm_id": 839688023, "category": "school", "source": "OpenStreetMap (ODbL)"}, "geometry": {"type": "Point", "coordinates": [76.0378054, 11.908617]}}, {"type": "Feature", "id": 839688502, "properties": {"addr:district": "Wayanad", "addr:village": "Thirunelli", "amenity": "school", "name": "Government Lower Primary School Aranappara", "id": "osm-way-839688502", "osm_type": "way", "osm_id": 839688502, "category": "school", "source": "OpenStreetMap (ODbL)"}, "geometry": {"type": "Point", "coordinates": [76.0418358, 11.9187507]}}, {"type": "Feature", "id": 839689728, "properties": {"addr:district": "Wayanad", "addr:village": "Thirunelli", "amenity": "school", "name": "Government high School Tholpetty", "id": "osm-way-839689728", "osm_type": "way", "osm_id": 839689728, "category": "school", "source": "OpenStreetMap (ODbL)"}, "geometry": {"type": "Point", "coordinates": [76.0581151, 11.9448442]}}, {"type": "Feature", "id": 839690367, "properties": {"addr:district": "Wayanad", "addr:village": "Tholpetty", "amenity": "school", "name": "C A Lower Primary School Tholpetty", "id": "osm-way-839690367", "osm_type": "way", "osm_id": 839690367, "category": "school", "source": "OpenStreetMap (ODbL)"}, "geometry": {"type": "Point", "coordinates": [76.0579703, 11.9484386]}}, {"type": "Feature", "id": 839713330, "properties": {"addr:district": "Wayanad", "addr:village": "Noolpuzha", "amenity": "school", "name": "Alternate School Kumizhi", "wikidata": "Q64522826", "id": "osm-way-839713330", "osm_type": "way", "osm_id": 839713330, "category": "school", "source": "OpenStreetMap (ODbL)"}, "geometry": {"type": "Point", "coordinates": [76.3667503, 11.6547906]}}, {"type": "Feature", "id": 839714418, "properties": {"addr:district": "Wayanad", "addr:village": "Thrikkaipatta", "amenity": "school", "name": "Government High School, Thrikkaipatta", "id": "osm-way-839714418", "osm_type": "way", "osm_id": 839714418, "category": "school", "source": "OpenStreetMap (ODbL)"}, "geometry": {"type": "Point", "coordinates": [76.1321886, 11.603072]}}, {"type": "Feature", "id": 839714656, "properties": {"addr:district": "Wayanad", "addr:village": "Noolpuzha", "amenity": "school", "name": "Gandhi Memorial Residential High School", "id": "osm-way-839714656", "osm_type": "way", "osm_id": 839714656, "category": "school", "source": "OpenStreetMap (ODbL)"}, "geometry": {"type": "Point", "coordinates": [76.3426386, 11.6624913]}}, {"type": "Feature", "id": 839717275, "properties": {"addr:district": "Wayanad", "addr:village": "Noolpuzha", "amenity": "school", "name": "Sree Rama Vidya Nikethan", "wikidata": "Q64522023", "id": "osm-way-839717275", "osm_type": "way", "osm_id": 839717275, "category": "school", "source": "OpenStreetMap (ODbL)"}, "geometry": {"type": "Point", "coordinates": [76.3282605, 11.6623236]}}, {"type": "Feature", "id": 839718765, "properties": {"addr:city": "WAYANAD", "addr:district": "Wayanad", "addr:village": "Noolpuzha", "amenity": "school", "name": "Govt Higher Secondary School Kalloor", "name:ml": "\u0d1c\u0d3f\u0d0e\u0d1a\u0d4d\u0d1a\u0d4d\u0d0e\u0d38\u0d4d \u0d0e\u0d38\u0d4d \u0d15\u0d32\u0d4d\u0d32\u0d42\u0d30\u0d4d\u200d", "operator": "EDUCATION DEPARTMENT", "operator:type": "government", "id": "osm-way-839718765", "osm_type": "way", "osm_id": 839718765, "category": "school", "source": "OpenStreetMap (ODbL)"}, "geometry": {"type": "Point", "coordinates": [76.3271593, 11.6631015]}}, {"type": "Feature", "id": 839721712, "properties": {"addr:district": "Wayanad", "addr:village": "Muttil South", "amenity": "school", "name": "AUPS Vazhavatta", "wikidata": "Q64522252", "id": "osm-way-839721712", "osm_type": "way", "osm_id": 839721712, "category": "school", "source": "OpenStreetMap (ODbL)"}, "geometry": {"type": "Point", "coordinates": [76.1531226, 11.6125343]}}, {"type": "Feature", "id": 839722614, "properties": {"addr:district": "Wayanad", "addr:village": "Muttil South", "amenity": "school", "name": "St Sebastian's Lower Primary School, Vazhavatta", "id": "osm-way-839722614", "osm_type": "way", "osm_id": 839722614, "category": "school", "source": "OpenStreetMap (ODbL)"}, "geometry": {"type": "Point", "coordinates": [76.1641894, 11.6177784]}}, {"type": "Feature", "id": 839723354, "properties": {"addr:district": "Wayanad", "addr:village": "Thomattuchal", "amenity": "school", "name": "Government High School, Nellarchal", "id": "osm-way-839723354", "osm_type": "way", "osm_id": 839723354, "category": "school", "source": "OpenStreetMap (ODbL)"}, "geometry": {"type": "Point", "coordinates": [76.1821011, 11.5961513]}}, {"type": "Feature", "id": 839737572, "properties": {"addr:district": "Wayanad", "addr:village": "Thomattuchal", "amenity": "school", "name": "Government Lower Primary School, Puttad", "id": "osm-way-839737572", "osm_type": "way", "osm_id": 839737572, "category": "school", "source": "OpenStreetMap (ODbL)"}, "geometry": {"type": "Point", "coordinates": [76.1887933, 11.5757023]}}, {"type": "Feature", "id": 839742128, "properties": {"addr:district": "Wayanad", "addr:village": "Thomattuchal", "amenity": "school", "name": "Government Lower Primary School, Kadalmad", "wikidata": "Q64522164", "id": "osm-way-839742128", "osm_type": "way", "osm_id": 839742128, "category": "school", "source": "OpenStreetMap (ODbL)"}, "geometry": {"type": "Point", "coordinates": [76.2004313, 11.5635623]}}, {"type": "Feature", "id": 839743560, "properties": {"addr:district": "Wayanad", "addr:village": "Thomattuchal", "amenity": "school", "name": "Alternate School, Kambalakolly", "wikidata": "Q64521975", "id": "osm-way-839743560", "osm_type": "way", "osm_id": 839743560, "category": "school", "source": "OpenStreetMap (ODbL)"}, "geometry": {"type": "Point", "coordinates": [76.2089936, 11.5578139]}}, {"type": "Feature", "id": 839747954, "properties": {"addr:city": "Vaduvanchal", "addr:district": "Wayanad", "addr:village": "Mooppainad", "amenity": "school", "name": "Government Lower Primary School, Kallukeni", "id": "osm-way-839747954", "osm_type": "way", "osm_id": 839747954, "category": "school", "source": "OpenStreetMap (ODbL)"}, "geometry": {"type": "Point", "coordinates": [76.2245318, 11.5434575]}}, {"type": "Feature", "id": 839749156, "properties": {"addr:district": "Wayanad", "addr:village": "Thomattuchal", "amenity": "school", "name": "Auxilium School, Vaduvanchal", "wikidata": "Q64522091", "id": "osm-way-839749156", "osm_type": "way", "osm_id": 839749156, "category": "school", "source": "OpenStreetMap (ODbL)"}, "geometry": {"type": "Point", "coordinates": [76.223066, 11.5591368]}}, {"type": "Feature", "id": 839750809, "properties": {"addr:district": "Wayanad", "addr:village": "Thomattuchal", "amenity": "school", "name": "Government High School, Vaduvanchal", "id": "osm-way-839750809", "osm_type": "way", "osm_id": 839750809, "category": "school", "source": "OpenStreetMap (ODbL)"}, "geometry": {"type": "Point", "coordinates": [76.2186752, 11.5695677]}}, {"type": "Feature", "id": 839751194, "properties": {"addr:district": "Wayanad", "addr:village": "Thomattuchal", "amenity": "school", "name": "Sree Chinmaya Vidhya Mandiram", "id": "osm-way-839751194", "osm_type": "way", "osm_id": 839751194, "category": "school", "source": "OpenStreetMap (ODbL)"}, "geometry": {"type": "Point", "coordinates": [76.2204143, 11.5712925]}}, {"type": "Feature", "id": 839753319, "properties": {"addr:district": "Wayanad", "addr:village": "Ambalavayal", "amenity": "school", "name": "Alternate School, Pambala", "wikidata": "Q64522263", "id": "osm-way-839753319", "osm_type": "way", "osm_id": 839753319, "category": "school", "source": "OpenStreetMap (ODbL)"}, "geometry": {"type": "Point", "coordinates": [76.2286362, 11.5700209]}}, {"type": "Feature", "id": 839754370, "properties": {"addr:district": "Wayanad", "addr:village": "Thomattuchal", "amenity": "school", "name": "Government Lower Primary School, Andoor", "id": "osm-way-839754370", "osm_type": "way", "osm_id": 839754370, "category": "school", "source": "OpenStreetMap (ODbL)"}, "geometry": {"type": "Point", "coordinates": [76.2202094, 11.5911779]}}, {"type": "Feature", "id": 839755912, "properties": {"addr:district": "Wayanad", "addr:village": "Ambalavayal", "amenity": "school", "name": "Isma Crescent Public School", "wikidata": "Q64522267", "id": "osm-way-839755912", "osm_type": "way", "osm_id": 839755912, "category": "school", "source": "OpenStreetMap (ODbL)"}, "geometry": {"type": "Point", "coordinates": [76.2012521, 11.6177105]}}, {"type": "Feature", "id": 839757081, "properties": {"addr:district": "Wayanad", "addr:village": "Ambalavayal", "amenity": "school", "name": "Sree Vyasa Vidya Mandiram", "operator:type": "Pvt. Unaided", "wikidata": "Q64522270", "id": "osm-way-839757081", "osm_type": "way", "osm_id": 839757081, "category": "school", "source": "OpenStreetMap (ODbL)"}, "geometry": {"type": "Point", "coordinates": [76.2167436, 11.6184667]}}, {"type": "Feature", "id": 839834731, "properties": {"addr:district": "Wayanad", "addr:village": "Kuppady", "amenity": "school", "name": "Government High School Mathamangalam", "id": "osm-way-839834731", "osm_type": "way", "osm_id": 839834731, "category": "school", "source": "OpenStreetMap (ODbL)"}, "geometry": {"type": "Point", "coordinates": [76.3166121, 11.6517173]}}, {"type": "Feature", "id": 839837710, "properties": {"addr:district": "Wayanad", "addr:village": "Nenmeni", "amenity": "school", "name": "Aided Lower Primary School Puthenkunnu", "id": "osm-way-839837710", "osm_type": "way", "osm_id": 839837710, "category": "school", "source": "OpenStreetMap (ODbL)"}, "geometry": {"type": "Point", "coordinates": [76.2858346, 11.6497865]}}, {"type": "Feature", "id": 839855809, "properties": {"addr:district": "Wayanad", "addr:village": "Cherukattoor", "amenity": "school", "name": "Government Lower Primary School Kaithakkal", "id": "osm-way-839855809", "osm_type": "way", "osm_id": 839855809, "category": "school", "source": "OpenStreetMap (ODbL)"}, "geometry": {"type": "Point", "coordinates": [76.060361, 11.7597175]}}, {"type": "Feature", "id": 839857388, "properties": {"addr:district": "Wayanad", "addr:village": "Cherukattoor", "amenity": "school", "name": "St.Joseph's School, Cherukattoor", "id": "osm-way-839857388", "osm_type": "way", "osm_id": 839857388, "category": "school", "source": "OpenStreetMap (ODbL)"}, "geometry": {"type": "Point", "coordinates": [76.0595454, 11.7712462]}}, {"type": "Feature", "id": 839858289, "properties": {"addr:district": "Wayanad", "addr:village": "Nalloornad", "amenity": "school", "name": "N Lower Primary School Kammana", "id": "osm-way-839858289", "osm_type": "way", "osm_id": 839858289, "category": "school", "source": "OpenStreetMap (ODbL)"}, "geometry": {"type": "Point", "coordinates": [76.0383806, 11.7827784]}}, {"type": "Feature", "id": 839858295, "properties": {"addr:district": "Wayanad", "addr:village": "Nenmeni", "amenity": "school", "name": "Govrnment Lower Primary School, Malika", "wikidata": "Q64522521", "id": "osm-way-839858295", "osm_type": "way", "osm_id": 839858295, "category": "school", "source": "OpenStreetMap (ODbL)"}, "geometry": {"type": "Point", "coordinates": [76.2280846, 11.6007638]}}, {"type": "Feature", "id": 839858906, "properties": {"addr:city": "WAYANAD", "addr:district": "Wayanad", "addr:village": "Payyampally", "amenity": "school", "name": "Government Higher Secondary School Arattuthara", "operator": "OMANA T M", "operator:type": "government", "id": "osm-way-839858906", "osm_type": "way", "osm_id": 839858906, "category": "school", "source": "OpenStreetMap (ODbL)"}, "geometry": {"type": "Point", "coordinates": [76.0466317, 11.7953827]}}, {"type": "Feature", "id": 839859757, "properties": {"addr:district": "Wayanad", "addr:village": "Payyampally", "amenity": "school", "name": "St. Catherine's Higher Secondary School", "id": "osm-way-839859757", "osm_type": "way", "osm_id": 839859757, "category": "school", "source": "OpenStreetMap (ODbL)"}, "geometry": {"type": "Point", "coordinates": [76.0581823, 11.8066362]}}, {"type": "Feature", "id": 839859786, "properties": {"addr:district": "Wayanad", "addr:village": "Nenmeni", "amenity": "school", "name": "Government Lower Primary School, Ambukuthy", "id": "osm-way-839859786", "osm_type": "way", "osm_id": 839859786, "category": "school", "source": "OpenStreetMap (ODbL)"}, "geometry": {"type": "Point", "coordinates": [76.2433001, 11.6215016]}}, {"type": "Feature", "id": 839860335, "properties": {"addr:district": "Wayanad", "addr:village": "Payyampally", "amenity": "school", "name": "St.Marys English School Cheroor", "wikidata": "Q64522624", "id": "osm-way-839860335", "osm_type": "way", "osm_id": 839860335, "category": "school", "source": "OpenStreetMap (ODbL)"}, "geometry": {"type": "Point", "coordinates": [76.0621421, 11.8191895]}}, {"type": "Feature", "id": 839863666, "properties": {"addr:district": "WAYANAD", "addr:village": "Nenmeni", "amenity": "school", "name": "GLPS, Chulliyode", "operator": "Government", "operator:type": "government", "id": "osm-way-839863666", "osm_type": "way", "osm_id": 839863666, "category": "school", "source": "OpenStreetMap (ODbL)"}, "geometry": {"type": "Point", "coordinates": [76.2649105, 11.5998646]}}, {"type": "Feature", "id": 839864443, "properties": {"addr:district": "Wayanad", "addr:village": "Mananthavady", "amenity": "school", "name": "NM Upper Primary School, Valliyoorkavu", "id": "osm-way-839864443", "osm_type": "way", "osm_id": 839864443, "category": "school", "source": "OpenStreetMap (ODbL)"}, "geometry": {"type": "Point", "coordinates": [76.0286134, 11.8051531]}}, {"type": "Feature", "id": 839865694, "properties": {"addr:district": "Wayanad", "addr:village": "Nalloornadu", "amenity": "school", "name": "Dwarka A Upper Primary School Nalloornadu", "id": "osm-way-839865694", "osm_type": "way", "osm_id": 839865694, "category": "school", "source": "OpenStreetMap (ODbL)"}, "geometry": {"type": "Point", "coordinates": [76.0072572, 11.7594197]}}, {"type": "Feature", "id": 839869656, "properties": {"addr:district": "Wayanad", "addr:village": "Nalloornad", "amenity": "school", "name": "Sacred Heart Higher Secondary School Dwaraka", "id": "osm-way-839869656", "osm_type": "way", "osm_id": 839869656, "category": "school", "source": "OpenStreetMap (ODbL)"}, "geometry": {"type": "Point", "coordinates": [76.0104152, 11.7596465]}}, {"type": "Feature", "id": 839870932, "properties": {"addr:district": "Wayanad", "addr:village": "Cheeral", "amenity": "school", "name": "Government Upper Primary School, Kalinkkara", "id": "osm-way-839870932", "osm_type": "way", "osm_id": 839870932, "category": "school", "source": "OpenStreetMap (ODbL)"}, "geometry": {"type": "Point", "coordinates": [76.2925262, 11.5956942]}}, {"type": "Feature", "id": 839872065, "properties": {"addr:district": "Wayanad", "addr:village": "Mananthavady", "amenity": "school", "name": "St.Patricks School Mananthavady", "wikidata": "Q64522610", "id": "osm-way-839872065", "osm_type": "way", "osm_id": 839872065, "category": "school", "source": "OpenStreetMap (ODbL)"}, "geometry": {"type": "Point", "coordinates": [76.0161595, 11.8122446]}}, {"type": "Feature", "id": 839872785, "properties": {"addr:district": "Wayanad", "addr:village": "Mananthavady", "amenity": "school", "name": "St.Joseph Lower Primary School Pilakkave", "id": "osm-way-839872785", "osm_type": "way", "osm_id": 839872785, "category": "school", "source": "OpenStreetMap (ODbL)"}, "geometry": {"type": "Point", "coordinates": [75.9939514, 11.84345]}}, {"type": "Feature", "id": 839873939, "properties": {"addr:district": "Wayanad", "addr:village": "Mananthavady", "amenity": "school", "name": "St.Joseph TTI Mananthavady", "wikidata": "Q64522740", "id": "osm-way-839873939", "osm_type": "way", "osm_id": 839873939, "category": "school", "source": "OpenStreetMap (ODbL)"}, "geometry": {"type": "Point", "coordinates": [75.9991773, 11.8097594]}}, {"type": "Feature", "id": 839874413, "properties": {"addr:district": "Wayanad", "addr:village": "Mananthavady", "amenity": "school", "name": "FR. GKM High School Kaniyaram", "id": "osm-way-839874413", "osm_type": "way", "osm_id": 839874413, "category": "school", "source": "OpenStreetMap (ODbL)"}, "geometry": {"type": "Point", "coordinates": [75.9972383, 11.8069796]}}, {"type": "Feature", "id": 839874535, "properties": {"addr:district": "Wayanad", "addr:village": "Cheeral", "amenity": "school", "name": "Government Lower Primary School, Nambiarkunnu", "id": "osm-way-839874535", "osm_type": "way", "osm_id": 839874535, "category": "school", "source": "OpenStreetMap (ODbL)"}, "geometry": {"type": "Point", "coordinates": [76.3150746, 11.5864059]}}, {"type": "Feature", "id": 839879163, "properties": {"addr:district": "Wayanad", "addr:village": "Kuppady", "amenity": "school", "name": "Nirmal Jyothi Central School", "id": "osm-way-839879163", "osm_type": "way", "osm_id": 839879163, "category": "school", "source": "OpenStreetMap (ODbL)"}, "geometry": {"type": "Point", "coordinates": [76.2833818, 11.6563575]}}, {"type": "Feature", "id": 839881923, "properties": {"addr:district": "Wayanad", "addr:village": "Mooppainad", "amenity": "school", "name": "St. Joseph's Upper Primary School, Meppadi", "wikidata": "Q64522346", "id": "osm-way-839881923", "osm_type": "way", "osm_id": 839881923, "category": "school", "source": "OpenStreetMap (ODbL)"}, "geometry": {"type": "Point", "coordinates": [76.1370873, 11.5526326]}}, {"type": "Feature", "id": 839882452, "properties": {"addr:district": "Wayanad", "addr:village": "Kottappadi", "amenity": "school", "name": "St.Joseph Girls High School, Meppadi", "id": "osm-way-839882452", "osm_type": "way", "osm_id": 839882452, "category": "school", "source": "OpenStreetMap (ODbL)"}, "geometry": {"type": "Point", "coordinates": [76.1380475, 11.5523619]}}, {"type": "Feature", "id": 839882734, "properties": {"addr:district": "Wayanad", "addr:village": "Kottappadi", "amenity": "school", "name": "Mount Tabor English School, Meppadi", "id": "osm-way-839882734", "osm_type": "way", "osm_id": 839882734, "category": "school", "source": "OpenStreetMap (ODbL)"}, "geometry": {"type": "Point", "coordinates": [76.1383747, 11.5533789]}}, {"type": "Feature", "id": 839884005, "properties": {"addr:district": "Wayanad", "addr:village": "Kottappadi", "amenity": "school", "name": "WMO English Medium School, Meppadi", "wikidata": "Q64522368", "id": "osm-way-839884005", "osm_type": "way", "osm_id": 839884005, "category": "school", "source": "OpenStreetMap (ODbL)"}, "geometry": {"type": "Point", "coordinates": [76.1301269, 11.5546627]}}, {"type": "Feature", "id": 839885501, "properties": {"addr:district": "Wayanad", "addr:village": "Kottappadi", "amenity": "school", "name": "Government Lower Primary School, Chulikka", "wikidata": "Q64522352", "id": "osm-way-839885501", "osm_type": "way", "osm_id": 839885501, "category": "school", "source": "OpenStreetMap (ODbL)"}, "geometry": {"type": "Point", "coordinates": [76.1355597, 11.5307876]}}, {"type": "Feature", "id": 839891096, "properties": {"addr:city": "Puthumala P O", "addr:district": "Wayanad", "addr:village": "Vellarmala", "amenity": "school", "building:levels": "4", "name": "Meenakshi estatte pady", "operator": "Department of Education", "operator:type": "government", "id": "osm-way-839891096", "osm_type": "way", "osm_id": 839891096, "category": "school", "source": "OpenStreetMap (ODbL)"}, "geometry": {"type": "Point", "coordinates": [76.1287789, 11.5219024]}}, {"type": "Feature", "id": 839911667, "properties": {"addr:district": "Wayanad", "addr:village": "Kottappadi", "amenity": "school", "name": "Government Higher Secondary School, Meppadi", "wikidata": "Q64522360", "id": "osm-way-839911667", "osm_type": "way", "osm_id": 839911667, "category": "school", "source": "OpenStreetMap (ODbL)"}, "geometry": {"type": "Point", "coordinates": [76.1307309, 11.5602607]}}, {"type": "Feature", "id": 839912278, "properties": {"addr:district": "Wayanad", "addr:village": "Kottappadi", "amenity": "school", "name": "Government Lower Primary Scool, Meppadi", "wikidata": "Q64522355", "id": "osm-way-839912278", "osm_type": "way", "osm_id": 839912278, "category": "school", "source": "OpenStreetMap (ODbL)"}, "geometry": {"type": "Point", "coordinates": [76.1303808, 11.5611753]}}, {"type": "Feature", "id": 840011592, "properties": {"addr:district": "Wayanad", "addr:village": "Kuppady", "amenity": "school", "name": "St Mary's Higher Secondary School", "id": "osm-way-840011592", "osm_type": "way", "osm_id": 840011592, "category": "school", "source": "OpenStreetMap (ODbL)"}, "geometry": {"type": "Point", "coordinates": [76.2650474, 11.6817545]}}, {"type": "Feature", "id": 840014526, "properties": {"addr:district": "Wayanad", "addr:village": "Kuppady", "amenity": "school", "name": "Technical High School Bathery", "id": "osm-way-840014526", "osm_type": "way", "osm_id": 840014526, "category": "school", "source": "OpenStreetMap (ODbL)"}, "geometry": {"type": "Point", "coordinates": [76.2751447, 11.6664156]}}, {"type": "Feature", "id": 840016268, "properties": {"addr:district": "Wayanad", "addr:village": "Kuppady", "amenity": "school", "name": "St.Josephs E.H.S.S Bathery", "wikidata": "Q64522157", "id": "osm-way-840016268", "osm_type": "way", "osm_id": 840016268, "category": "school", "source": "OpenStreetMap (ODbL)"}, "geometry": {"type": "Point", "coordinates": [76.2709983, 11.6633232]}}, {"type": "Feature", "id": 840019004, "properties": {"addr:city": "SULTHAN BATHERY", "addr:district": "Wayanad", "addr:village": "Kuppady", "amenity": "school", "name": "Government Lower Primary School Kaipanchery", "phone": "+91-4936221810", "id": "osm-way-840019004", "osm_type": "way", "osm_id": 840019004, "category": "school", "source": "OpenStreetMap (ODbL)"}, "geometry": {"type": "Point", "coordinates": [76.2696004, 11.6615247]}}, {"type": "Feature", "id": 840021808, "properties": {"addr:district": "Wayanad", "addr:village": "Sulthan Bathery", "amenity": "school", "name": "W M O English School Bathery", "id": "osm-way-840021808", "osm_type": "way", "osm_id": 840021808, "category": "school", "source": "OpenStreetMap (ODbL)"}, "geometry": {"type": "Point", "coordinates": [76.2584198, 11.6608204]}}, {"type": "Feature", "id": 840029315, "properties": {"addr:district": "Wayanad", "addr:village": "Nalloornad", "amenity": "school", "name": "Government Lower Primary School Pingatteri", "id": "osm-way-840029315", "osm_type": "way", "osm_id": 840029315, "category": "school", "source": "OpenStreetMap (ODbL)"}, "geometry": {"type": "Point", "coordinates": [75.9900762, 11.7729829]}}, {"type": "Feature", "id": 840029936, "properties": {"amenity": "school", "id": "osm-way-840029936", "osm_type": "way", "osm_id": 840029936, "category": "school", "source": "OpenStreetMap (ODbL)"}, "geometry": {"type": "Point", "coordinates": [75.9827569, 11.7688337]}}, {"type": "Feature", "id": 840031489, "properties": {"addr:district": "Wayanad", "addr:village": "Mananthavady", "amenity": "school", "name": "Government Vocational Higher Secondary School Mananthavady", "id": "osm-way-840031489", "osm_type": "way", "osm_id": 840031489, "category": "school", "source": "OpenStreetMap (ODbL)"}, "geometry": {"type": "Point", "coordinates": [76.0031894, 11.7893406]}}, {"type": "Feature", "id": 840032334, "properties": {"addr:district": "Wayanad", "addr:village": "Mananthavady", "amenity": "school", "name": "Amritha Vidyalayam", "id": "osm-way-840032334", "osm_type": "way", "osm_id": 840032334, "category": "school", "source": "OpenStreetMap (ODbL)"}, "geometry": {"type": "Point", "coordinates": [76.0122438, 11.7978002]}}, {"type": "Feature", "id": 840033261, "properties": {"addr:district": "Wayanad", "addr:village": "Mananthavady", "amenity": "school", "name": "Little Flower English Medium Lower Primary School Mananthavady", "id": "osm-way-840033261", "osm_type": "way", "osm_id": 840033261, "category": "school", "source": "OpenStreetMap (ODbL)"}, "geometry": {"type": "Point", "coordinates": [76.0073843, 11.8013178]}}, {"type": "Feature", "id": 840034854, "properties": {"addr:district": "Wayanad", "addr:village": "Mananthavady", "amenity": "school", "name": "Government Upper Primary School Mananthavady", "id": "osm-way-840034854", "osm_type": "way", "osm_id": 840034854, "category": "school", "source": "OpenStreetMap (ODbL)"}, "geometry": {"type": "Point", "coordinates": [76.0020332, 11.8012234]}}, {"type": "Feature", "id": 840086367, "properties": {"addr:district": "Wayanad", "addr:village": "Sulthan Bathery", "amenity": "school", "name": "Ideal English School Bathery", "wikidata": "Q64522060", "id": "osm-way-840086367", "osm_type": "way", "osm_id": 840086367, "category": "school", "source": "OpenStreetMap (ODbL)"}, "geometry": {"type": "Point", "coordinates": [76.2444385, 11.6577857]}}, {"type": "Feature", "id": 840088014, "properties": {"addr:district": "Wayanad", "addr:village": "Sulthan Bathery", "amenity": "school", "name": "Government Lower Primary School Poomala", "operator": "government", "operator:type": "government", "id": "osm-way-840088014", "osm_type": "way", "osm_id": 840088014, "category": "school", "source": "OpenStreetMap (ODbL)"}, "geometry": {"type": "Point", "coordinates": [76.2499269, 11.6499922]}}, {"type": "Feature", "id": 840093764, "properties": {"addr:district": "Kerala", "addr:village": "Sulthan Bathery", "amenity": "school", "name": "St Rossello's Central School", "id": "osm-way-840093764", "osm_type": "way", "osm_id": 840093764, "category": "school", "source": "OpenStreetMap (ODbL)"}, "geometry": {"type": "Point", "coordinates": [76.2498788, 11.6453355]}}, {"type": "Feature", "id": 840095656, "properties": {"addr:district": "Wayanad", "addr:village": "Sulthan Bathery", "amenity": "school", "name": "St.Rosello's School For S And H Poomala", "id": "osm-way-840095656", "osm_type": "way", "osm_id": 840095656, "category": "school", "source": "OpenStreetMap (ODbL)"}, "geometry": {"type": "Point", "coordinates": [76.250181, 11.6445583]}}, {"type": "Feature", "id": 841259205, "properties": {"addr:city": "Mananthavady", "amenity": "college", "name": "Government Engineering College Wayanad", "operator": "government", "operator:type": "government", "website": "https://www.gecwyd.ac.in", "wikidata": "Q5588822", "id": "osm-way-841259205", "osm_type": "way", "osm_id": 841259205, "category": "college", "source": "OpenStreetMap (ODbL)"}, "geometry": {"type": "Point", "coordinates": [75.9702093, 11.8339858]}}, {"type": "Feature", "id": 841346003, "properties": {"addr:district": "Wayanad", "addr:village": "Edavaka", "amenity": "school", "name": "Government High School Valeri", "religion": "all", "id": "osm-way-841346003", "osm_type": "way", "osm_id": 841346003, "category": "school", "source": "OpenStreetMap (ODbL)"}, "geometry": {"type": "Point", "coordinates": [75.9329605, 11.7622955]}}, {"type": "Feature", "id": 841350965, "properties": {"addr:district": "Wayanad", "addr:village": "Kanjirangad", "amenity": "school", "name": "Government Lower Primary School Puthusseri", "id": "osm-way-841350965", "osm_type": "way", "osm_id": 841350965, "category": "school", "source": "OpenStreetMap (ODbL)"}, "geometry": {"type": "Point", "coordinates": [75.9186891, 11.7730186]}}, {"type": "Feature", "id": 841350966, "properties": {"addr:district": "Wayanad", "addr:village": "Thondarnadu", "amenity": "school", "name": "Government Lower Primary School Karimbil", "id": "osm-way-841350966", "osm_type": "way", "osm_id": 841350966, "category": "school", "source": "OpenStreetMap (ODbL)"}, "geometry": {"type": "Point", "coordinates": [75.8794247, 11.7678915]}}, {"type": "Feature", "id": 841353013, "properties": {"addr:district": "Wayanad", "addr:village": "Thondarnadu", "amenity": "school", "name": "Government Higher School Kunhome", "id": "osm-way-841353013", "osm_type": "way", "osm_id": 841353013, "category": "school", "source": "OpenStreetMap (ODbL)"}, "geometry": {"type": "Point", "coordinates": [75.8793418, 11.7760309]}}, {"type": "Feature", "id": 841354941, "properties": {"addr:district": "Wayanad", "addr:village": "Periya", "amenity": "school", "name": "Nirmala Lower Primary School Alattil", "id": "osm-way-841354941", "osm_type": "way", "osm_id": 841354941, "category": "school", "source": "OpenStreetMap (ODbL)"}, "geometry": {"type": "Point", "coordinates": [75.8636015, 11.8084033]}}, {"type": "Feature", "id": 841358112, "properties": {"addr:city": "Varayal", "addr:district": "Wayanad", "addr:village": "Periya", "amenity": "school", "name": "SNM Lower primary school Varayal", "id": "osm-way-841358112", "osm_type": "way", "osm_id": 841358112, "category": "school", "source": "OpenStreetMap (ODbL)"}, "geometry": {"type": "Point", "coordinates": [75.9013224, 11.8389194]}}, {"type": "Feature", "id": 841361290, "properties": {"addr:city": "valad", "addr:district": "Wayanad", "addr:village": "Valat", "amenity": "school", "name": "Government Higher Secondary school Valad", "id": "osm-way-841361290", "osm_type": "way", "osm_id": 841361290, "category": "school", "source": "OpenStreetMap (ODbL)"}, "geometry": {"type": "Point", "coordinates": [75.8863889, 11.7969533]}}, {"type": "Feature", "id": 841366504, "properties": {"addr:city": "porur po", "addr:district": "Wayanad", "addr:village": "Valat", "amenity": "school", "name": "St.Sebastins  Lower Primary School Poroor", "id": "osm-way-841366504", "osm_type": "way", "osm_id": 841366504, "category": "school", "source": "OpenStreetMap (ODbL)"}, "geometry": {"type": "Point", "coordinates": [75.9272708, 11.8009883]}}, {"type": "Feature", "id": 841367179, "properties": {"addr:district": "Wayanad", "addr:village": "Thavinhal", "amenity": "place_of_worship", "name": "Venmany A Lower Primary School", "religion": "christian", "id": "osm-way-841367179", "osm_type": "way", "osm_id": 841367179, "category": "religious", "source": "OpenStreetMap (ODbL)"}, "geometry": {"type": "Point", "coordinates": [75.9290625, 11.8218253]}}, {"type": "Feature", "id": 841368631, "properties": {"addr:city": "thavinjal po", "addr:district": "Wayanad", "addr:village": "Valat", "amenity": "school", "name": "Sarvodayam Upper Primary School Porur", "id": "osm-way-841368631", "osm_type": "way", "osm_id": 841368631, "category": "school", "source": "OpenStreetMap (ODbL)"}, "geometry": {"type": "Point", "coordinates": [75.9418461, 11.79714]}}, {"type": "Feature", "id": 841369076, "properties": {"addr:district": "Wayanad", "addr:village": "Thavinhal", "amenity": "school", "name": "Government Lower Primary School porur", "id": "osm-way-841369076", "osm_type": "way", "osm_id": 841369076, "category": "school", "source": "OpenStreetMap (ODbL)"}, "geometry": {"type": "Point", "coordinates": [75.9412798, 11.7976023]}}, {"type": "Feature", "id": 841374425, "properties": {"addr:city": "thavinjal", "addr:district": "Wayanad", "addr:village": "Thavinhal", "amenity": "school", "name": "St.Thomas Upper Primary School Thavinhal", "id": "osm-way-841374425", "osm_type": "way", "osm_id": 841374425, "category": "school", "source": "OpenStreetMap (ODbL)"}, "geometry": {"type": "Point", "coordinates": [75.9641466, 11.810331]}}, {"type": "Feature", "id": 841377471, "properties": {"addr:city": "Thalappuzha, Wayanad", "addr:district": "Wayanad", "addr:village": "Thavinhal", "amenity": "school", "name": "Government Upper Primary School Thalappuzha", "operator": "Government School", "operator:type": "government", "website": "https://schoolwiki.in/Gupsthalappuzha", "id": "osm-way-841377471", "osm_type": "way", "osm_id": 841377471, "category": "school", "source": "OpenStreetMap (ODbL)"}, "geometry": {"type": "Point", "coordinates": [75.9562545, 11.8385755]}}, {"type": "Feature", "id": 841380981, "properties": {"addr:district": "Wayanad", "addr:village": "Mananthavady", "amenity": "school", "name": "Lower Primary School Kaniyaram", "id": "osm-way-841380981", "osm_type": "way", "osm_id": 841380981, "category": "school", "source": "OpenStreetMap (ODbL)"}, "geometry": {"type": "Point", "coordinates": [75.9910279, 11.8222374]}}, {"type": "Feature", "id": 841384685, "properties": {"addr:district": "Wayanad", "addr:village": "Edavaka", "amenity": "school", "name": "PRM Lower Primary School Pandikkadavu", "id": "osm-way-841384685", "osm_type": "way", "osm_id": 841384685, "category": "school", "source": "OpenStreetMap (ODbL)"}, "geometry": {"type": "Point", "coordinates": [75.9928242, 11.7940722]}}, {"type": "Feature", "id": 841583658, "properties": {"addr:district": "Wayanad", "addr:village": "Nenmeni", "amenity": "school", "name": "Government Lower Primary School Edakkal", "id": "osm-way-841583658", "osm_type": "way", "osm_id": 841583658, "category": "school", "source": "OpenStreetMap (ODbL)"}, "geometry": {"type": "Point", "coordinates": [76.2284763, 11.623194]}}, {"type": "Feature", "id": 841588781, "properties": {"addr:district": "Wayanad", "addr:village": "Ambalavayal", "amenity": "school", "name": "Government Lower Primary school Cheengeri", "id": "osm-way-841588781", "osm_type": "way", "osm_id": 841588781, "category": "school", "source": "OpenStreetMap (ODbL)"}, "geometry": {"type": "Point", "coordinates": [76.2146472, 11.6430086]}}, {"type": "Feature", "id": 841591440, "properties": {"addr:district": "Wayanad", "addr:village": "Krishnagiri", "amenity": "school", "name": "Government Upper Primary School Kolagappara", "operator": "Government", "id": "osm-way-841591440", "osm_type": "way", "osm_id": 841591440, "category": "school", "source": "OpenStreetMap (ODbL)"}, "geometry": {"type": "Point", "coordinates": [76.2092356, 11.6582543]}}, {"type": "Feature", "id": 841603234, "properties": {"addr:district": "Wayanad", "addr:village": "Krishnagiri", "amenity": "school", "name": "A N M Upper primary School Gokalenagar", "id": "osm-way-841603234", "osm_type": "way", "osm_id": 841603234, "category": "school", "source": "OpenStreetMap (ODbL)"}, "geometry": {"type": "Point", "coordinates": [76.1827058, 11.6807479]}}, {"type": "Feature", "id": 841604264, "properties": {"addr:district": "Wayanad", "addr:village": "Ambalavayal", "amenity": "school", "name": "Mor Basil English School Cheengeri", "id": "osm-way-841604264", "osm_type": "way", "osm_id": 841604264, "category": "school", "source": "OpenStreetMap (ODbL)"}, "geometry": {"type": "Point", "coordinates": [76.1875766, 11.6391891]}}, {"type": "Feature", "id": 841606172, "properties": {"addr:district": "Wayanad", "addr:village": "Ambalavayal", "amenity": "school", "name": "St.Mary's A Upper Primary School Cheengeri", "id": "osm-way-841606172", "osm_type": "way", "osm_id": 841606172, "category": "school", "source": "OpenStreetMap (ODbL)"}, "geometry": {"type": "Point", "coordinates": [76.1871608, 11.640259]}}, {"type": "Feature", "id": 841609187, "properties": {"addr:district": "Wayanad", "addr:village": "Krishnagiri", "amenity": "school", "name": "Ann's English Medium School, Meenangadi", "id": "osm-way-841609187", "osm_type": "way", "osm_id": 841609187, "category": "school", "source": "OpenStreetMap (ODbL)"}, "geometry": {"type": "Point", "coordinates": [76.1731199, 11.6537345]}}, {"type": "Feature", "id": 841678477, "properties": {"addr:district": "Wayanad", "addr:village": "Purakkadi", "amenity": "school", "name": "Government Higher Secondary School Meenangadi", "wikidata": "Q30590097", "id": "osm-way-841678477", "osm_type": "way", "osm_id": 841678477, "category": "school", "source": "OpenStreetMap (ODbL)"}, "geometry": {"type": "Point", "coordinates": [76.1675888, 11.6639416]}}, {"type": "Feature", "id": 841684932, "properties": {"addr:district": "Wayanad", "addr:village": "Muttil South", "amenity": "school", "name": "Government Lower Primary School, Kallupadi", "operator:type": "government", "id": "osm-way-841684932", "osm_type": "way", "osm_id": 841684932, "category": "school", "source": "OpenStreetMap (ODbL)"}, "geometry": {"type": "Point", "coordinates": [76.1498199, 11.6340938]}}, {"type": "Feature", "id": 841690555, "properties": {"amenity": "place_of_worship", "building": "yes", "name": "MATTILAYAM CHURCH", "religion": "christian", "id": "osm-way-841690555", "osm_type": "way", "osm_id": 841690555, "category": "religious", "source": "OpenStreetMap (ODbL)"}, "geometry": {"type": "Point", "coordinates": [75.8529242, 11.7428754]}}, {"type": "Feature", "id": 841690558, "properties": {"addr:district": "Wayanad", "addr:village": "Thondarnadu", "amenity": "place_of_worship", "building": "yes", "name": "National Institute Of Open Schooling,Tribal", "religion": "christian", "wikidata": "Q64522626", "id": "osm-way-841690558", "osm_type": "way", "osm_id": 841690558, "category": "religious", "source": "OpenStreetMap (ODbL)"}, "geometry": {"type": "Point", "coordinates": [75.8529189, 11.7428529]}}, {"type": "Feature", "id": 841697659, "properties": {"addr:district": "Wayanadu", "addr:village": "Thondarnadu", "amenity": "school", "name": "A Upper Primary School Kunhome", "id": "osm-way-841697659", "osm_type": "way", "osm_id": 841697659, "category": "school", "source": "OpenStreetMap (ODbL)"}, "geometry": {"type": "Point", "coordinates": [75.8556175, 11.7417572]}}, {"type": "Feature", "id": 841701510, "properties": {"addr:city": "Thondernadu", "addr:district": "Wayanadu", "addr:village": "Thondarnadu", "amenity": "school", "name": "Government Lower Primary School Korome", "operator": "Department of education", "operator:type": "government", "website": "glpschoolkorome@gmail.com", "id": "osm-way-841701510", "osm_type": "way", "osm_id": 841701510, "category": "school", "source": "OpenStreetMap (ODbL)"}, "geometry": {"type": "Point", "coordinates": [75.8765557, 11.7438426]}}, {"type": "Feature", "id": 841799576, "properties": {"addr:district": "Wayanad", "addr:village": "Muttil South", "amenity": "school", "name": "Government Lower Primary School, Mandad", "id": "osm-way-841799576", "osm_type": "way", "osm_id": 841799576, "category": "school", "source": "OpenStreetMap (ODbL)"}, "geometry": {"type": "Point", "coordinates": [76.1289284, 11.6305266]}}, {"type": "Feature", "id": 841800555, "properties": {"addr:city": "Karyambadi", "addr:district": "Wayanad", "addr:village": "Muttil South", "amenity": "school", "name": "Government Lower Primary School, Kariampadi", "operator:type": "government", "id": "osm-way-841800555", "osm_type": "way", "osm_id": 841800555, "category": "school", "source": "OpenStreetMap (ODbL)"}, "geometry": {"type": "Point", "coordinates": [76.1343831, 11.6782847]}}, {"type": "Feature", "id": 841802094, "properties": {"addr:district": "Wayanad", "addr:village": "Muttil South", "amenity": "school", "name": "St.Mary's English Medium School Chomady", "id": "osm-way-841802094", "osm_type": "way", "osm_id": 841802094, "category": "school", "source": "OpenStreetMap (ODbL)"}, "geometry": {"type": "Point", "coordinates": [76.1284455, 11.6786227]}}, {"type": "Feature", "id": 841803544, "properties": {"addr:district": "Wayanad", "addr:village": "Muttil South", "amenity": "school", "name": "Government Higher Secondary School, Panamkandy", "operator:type": "government", "id": "osm-way-841803544", "osm_type": "way", "osm_id": 841803544, "category": "school", "source": "OpenStreetMap (ODbL)"}, "geometry": {"type": "Point", "coordinates": [76.1226064, 11.6741392]}}, {"type": "Feature", "id": 841807210, "properties": {"addr:district": "Wayanad", "addr:village": "Muttil South", "amenity": "school", "name": "W.M.O English Academy Senior Secondary School, Muttil", "id": "osm-way-841807210", "osm_type": "way", "osm_id": 841807210, "category": "school", "source": "OpenStreetMap (ODbL)"}, "geometry": {"type": "Point", "coordinates": [76.1176581, 11.6350406]}}, {"type": "Feature", "id": 841809172, "properties": {"addr:district": "Wayanad", "addr:village": "Muttil South", "amenity": "school", "name": "W M O English Academy Muttil", "wikidata": "Q30590080", "id": "osm-way-841809172", "osm_type": "way", "osm_id": 841809172, "category": "school", "source": "OpenStreetMap (ODbL)"}, "geometry": {"type": "Point", "coordinates": [76.1158134, 11.635165]}}, {"type": "Feature", "id": 841951353, "properties": {"addr:district": "Wayanad", "addr:village": "Muttil South", "amenity": "school", "name": "Brains Public School Muttil", "wikidata": "Q64522006", "id": "osm-way-841951353", "osm_type": "way", "osm_id": 841951353, "category": "school", "source": "OpenStreetMap (ODbL)"}, "geometry": {"type": "Point", "coordinates": [76.1179815, 11.6403984]}}, {"type": "Feature", "id": 841958853, "properties": {"addr:city": "Muttil", "addr:district": "Wayanad", "addr:village": "Muttil South", "amenity": "school", "name": "W O Upper Primary School, Muttil", "id": "osm-way-841958853", "osm_type": "way", "osm_id": 841958853, "category": "school", "source": "OpenStreetMap (ODbL)"}, "geometry": {"type": "Point", "coordinates": [76.1203973, 11.63212]}}, {"type": "Feature", "id": 841960865, "properties": {"addr:district": "Wayanad", "addr:village": "Muttil South", "amenity": "school", "name": "W. O School For The Blind And Deaf Muttil", "wikidata": "Q64522003", "id": "osm-way-841960865", "osm_type": "way", "osm_id": 841960865, "category": "school", "source": "OpenStreetMap (ODbL)"}, "geometry": {"type": "Point", "coordinates": [76.1199526, 11.6328625]}}, {"type": "Feature", "id": 841961720, "properties": {"addr:district": "Wayanad", "addr:village": "Muttil south", "amenity": "school", "name": "Government Lower Primary School Edapetty", "id": "osm-way-841961720", "osm_type": "way", "osm_id": 841961720, "category": "school", "source": "OpenStreetMap (ODbL)"}, "geometry": {"type": "Point", "coordinates": [76.099494, 11.6363472]}}, {"type": "Feature", "id": 841963052, "properties": {"addr:district": "Wayanad", "addr:village": "Muttil South", "amenity": "school", "name": "Government High School, Pariyaram", "id": "osm-way-841963052", "osm_type": "way", "osm_id": 841963052, "category": "school", "source": "OpenStreetMap (ODbL)"}, "geometry": {"type": "Point", "coordinates": [76.1033809, 11.6518328]}}, {"type": "Feature", "id": 841970459, "properties": {"addr:district": "Wayanad", "addr:village": "Kaniyambetta", "amenity": "school", "name": "Ansariya Public School", "id": "osm-way-841970459", "osm_type": "way", "osm_id": 841970459, "category": "school", "source": "OpenStreetMap (ODbL)"}, "geometry": {"type": "Point", "coordinates": [76.0780936, 11.672387]}}, {"type": "Feature", "id": 841973762, "properties": {"addr:city": "Kottathara", "addr:district": "Wayanad", "addr:village": "Kottathara", "amenity": "school", "name": "S A Lower Primary School Veniyode", "id": "osm-way-841973762", "osm_type": "way", "osm_id": 841973762, "category": "school", "source": "OpenStreetMap (ODbL)"}, "geometry": {"type": "Point", "coordinates": [76.0254264, 11.6801559]}}, {"type": "Feature", "id": 841974524, "properties": {"addr:city": "Madakkunnu", "addr:district": "Wayanad", "addr:village": "Kottathara", "amenity": "school", "name": "Valal Upper Primary School Kottathara", "id": "osm-way-841974524", "osm_type": "way", "osm_id": 841974524, "category": "school", "source": "OpenStreetMap (ODbL)"}, "geometry": {"type": "Point", "coordinates": [76.0135964, 11.6683772]}}, {"type": "Feature", "id": 841975209, "properties": {"addr:district": "Wayanad", "addr:village": "Vengappally", "amenity": "school", "name": "St.Antonies Upper Primary School Kottathara", "id": "osm-way-841975209", "osm_type": "way", "osm_id": 841975209, "category": "school", "source": "OpenStreetMap (ODbL)"}, "geometry": {"type": "Point", "coordinates": [76.0192693, 11.6511981]}}, {"type": "Feature", "id": 841976774, "properties": {"addr:district": "Wayanad", "addr:village": "Thariode", "amenity": "school", "name": "Government Higher Secondary School Thariode", "id": "osm-way-841976774", "osm_type": "way", "osm_id": 841976774, "category": "school", "source": "OpenStreetMap (ODbL)"}, "geometry": {"type": "Point", "coordinates": [76.0062336, 11.6450405]}}, {"type": "Feature", "id": 841977572, "properties": {"addr:district": "Wayanad", "addr:village": "Thariode", "amenity": "school", "name": "Government Lower primary School Thariode", "id": "osm-way-841977572", "osm_type": "way", "osm_id": 841977572, "category": "school", "source": "OpenStreetMap (ODbL)"}, "geometry": {"type": "Point", "coordinates": [75.9999272, 11.6436412]}}, {"type": "Feature", "id": 841978698, "properties": {"addr:district": "Wayanad", "addr:village": "Thariode", "amenity": "school", "name": "Nirmala High School Thariode", "id": "osm-way-841978698", "osm_type": "way", "osm_id": 841978698, "category": "school", "source": "OpenStreetMap (ODbL)"}, "geometry": {"type": "Point", "coordinates": [75.9921648, 11.6290313]}}, {"type": "Feature", "id": 841979239, "properties": {"addr:district": "Wayanad", "addr:village": "Thariode", "amenity": "school", "name": "St.Mary's Upper Primary School Thariode", "id": "osm-way-841979239", "osm_type": "way", "osm_id": 841979239, "category": "school", "source": "OpenStreetMap (ODbL)"}, "geometry": {"type": "Point", "coordinates": [75.990997, 11.6291633]}}, {"type": "Feature", "id": 841980468, "properties": {"addr:district": "Wayanad", "addr:village": "Thariode", "amenity": "school", "name": "Serve Adivasi Lower Primary School Thariode", "id": "osm-way-841980468", "osm_type": "way", "osm_id": 841980468, "category": "school", "source": "OpenStreetMap (ODbL)"}, "geometry": {"type": "Point", "coordinates": [75.9812219, 11.6421156]}}, {"type": "Feature", "id": 841982802, "properties": {"addr:district": "Wayanad", "addr:village": "Padinharathara", "amenity": "school", "name": "W M O Green Mount School", "id": "osm-way-841982802", "osm_type": "way", "osm_id": 841982802, "category": "school", "source": "OpenStreetMap (ODbL)"}, "geometry": {"type": "Point", "coordinates": [75.980145, 11.6778909]}}, {"type": "Feature", "id": 842384714, "properties": {"addr:district": "Wayanad", "addr:village": "Thondarnadu", "amenity": "school", "name": "Holy Face School Makkiyad", "wikidata": "Q64522581", "id": "osm-way-842384714", "osm_type": "way", "osm_id": 842384714, "category": "school", "source": "OpenStreetMap (ODbL)"}, "geometry": {"type": "Point", "coordinates": [75.8980045, 11.7396912]}}, {"type": "Feature", "id": 842388110, "properties": {"addr:district": "Wayanad", "addr:village": "Vellamunda", "amenity": "school", "name": "Government Lower Primary School Kadathuvayal", "operator": "Department of education", "operator:type": "government", "wikidata": "Q64522695", "id": "osm-way-842388110", "osm_type": "way", "osm_id": 842388110, "category": "school", "source": "OpenStreetMap (ODbL)"}, "geometry": {"type": "Point", "coordinates": [75.9243457, 11.7378816]}}, {"type": "Feature", "id": 842389705, "properties": {"addr:district": "Wayanad", "addr:village": "Kanjirangad", "amenity": "school", "name": "Government High School Thettamala", "operator": "Department of education", "operator:type": "government", "id": "osm-way-842389705", "osm_type": "way", "osm_id": 842389705, "category": "school", "source": "OpenStreetMap (ODbL)"}, "geometry": {"type": "Point", "coordinates": [75.9327582, 11.7468565]}}, {"type": "Feature", "id": 842398474, "properties": {"addr:city": "Moolithodu", "addr:district": "Wayanad", "addr:village": "Edavaka", "amenity": "school", "name": "National A Lower Primary School , Edavaka", "wikidata": "Q64522720", "id": "osm-way-842398474", "osm_type": "way", "osm_id": 842398474, "category": "school", "source": "OpenStreetMap (ODbL)"}, "geometry": {"type": "Point", "coordinates": [75.9469115, 11.7587061]}}, {"type": "Feature", "id": 842410852, "properties": {"amenity": "place_of_worship", "building": "mosque", "building:levels": "2", "name": "Juma Masjid", "name:ml": "\u0d1c\u0d41\u0d2e\u0d3e\u0d2e\u0d38\u0d4d\u0d1c\u0d3f\u0d26\u0d4d", "religion": "muslim", "id": "osm-way-842410852", "osm_type": "way", "osm_id": 842410852, "category": "religious", "source": "OpenStreetMap (ODbL)"}, "geometry": {"type": "Point", "coordinates": [75.940754, 11.7159231]}}, {"type": "Feature", "id": 842412395, "properties": {"addr:district": "Wayanad", "addr:village": "Vellamunda", "amenity": "school", "name": "Government Lower Primary School Mothakkara", "operator": "Department of Education", "id": "osm-way-842412395", "osm_type": "way", "osm_id": 842412395, "category": "school", "source": "OpenStreetMap (ODbL)"}, "geometry": {"type": "Point", "coordinates": [75.9496932, 11.7047236]}}, {"type": "Feature", "id": 842415707, "properties": {"addr:district": "Wayanad", "addr:village": "Vellamunda", "amenity": "school", "name": "Government High School, Varambetta", "operator": "Department of education", "operator:type": "government", "id": "osm-way-842415707", "osm_type": "way", "osm_id": 842415707, "category": "school", "source": "OpenStreetMap (ODbL)"}, "geometry": {"type": "Point", "coordinates": [75.9574871, 11.6902091]}}, {"type": "Feature", "id": 842418527, "properties": {"addr:city": "vellamunda", "addr:district": "Wayanad", "addr:village": "Porunnanoor", "amenity": "school", "name": "Aided Lower Primary School Kokkadavil", "wikidata": "Q64522566", "id": "osm-way-842418527", "osm_type": "way", "osm_id": 842418527, "category": "school", "source": "OpenStreetMap (ODbL)"}, "geometry": {"type": "Point", "coordinates": [75.9693548, 11.7417169]}}, {"type": "Feature", "id": 842421772, "properties": {"addr:district": "Wayanad", "addr:village": "Porunnanoor", "amenity": "school", "name": "Government Higher Secondary School Tharuvana", "operator": "Department of education", "operator:type": "government", "wikidata": "Q64522567", "id": "osm-way-842421772", "osm_type": "way", "osm_id": 842421772, "category": "school", "source": "OpenStreetMap (ODbL)"}, "geometry": {"type": "Point", "coordinates": [75.9833963, 11.7378209]}}, {"type": "Feature", "id": 842423240, "properties": {"addr:district": "Wayanad", "addr:village": "Porunnanoor", "amenity": "school", "name": "Government Upper Primary School Tharuvana", "operator": "Department of education", "operator:type": "government", "wikidata": "Q64522705", "id": "osm-way-842423240", "osm_type": "way", "osm_id": 842423240, "category": "school", "source": "OpenStreetMap (ODbL)"}, "geometry": {"type": "Point", "coordinates": [75.9838489, 11.7368271]}}, {"type": "Feature", "id": 842425077, "properties": {"addr:district": "Wayanad", "addr:village": "Porunnanoor", "amenity": "school", "name": "A Lower Primary School Cherukara", "id": "osm-way-842425077", "osm_type": "way", "osm_id": 842425077, "category": "school", "source": "OpenStreetMap (ODbL)"}, "geometry": {"type": "Point", "coordinates": [75.976995, 11.7158995]}}, {"type": "Feature", "id": 842428788, "properties": {"addr:district": "Wayanad", "addr:village": "Kuppadithara", "amenity": "school", "name": "V Lower Primary School Puthussery", "id": "osm-way-842428788", "osm_type": "way", "osm_id": 842428788, "category": "school", "source": "OpenStreetMap (ODbL)"}, "geometry": {"type": "Point", "coordinates": [75.9766425, 11.6897547]}}, {"type": "Feature", "id": 842433280, "properties": {"addr:district": "Wayanad", "addr:village": "Kuppadithara", "amenity": "school", "name": "Government High School, Kurumbala", "operator": "Department of education", "operator:type": "government", "id": "osm-way-842433280", "osm_type": "way", "osm_id": 842433280, "category": "school", "source": "OpenStreetMap (ODbL)"}, "geometry": {"type": "Point", "coordinates": [75.9966718, 11.6936099]}}, {"type": "Feature", "id": 842434448, "properties": {"addr:district": "Wayanad", "addr:village": "Porunnanoor", "amenity": "school", "name": "Government Lower Primary School Paliana", "operator": "Department of education", "operator:type": "government", "id": "osm-way-842434448", "osm_type": "way", "osm_id": 842434448, "category": "school", "source": "OpenStreetMap (ODbL)"}, "geometry": {"type": "Point", "coordinates": [75.9964454, 11.7192547]}}, {"type": "Feature", "id": 842437458, "properties": {"addr:district": "Wayanad", "addr:village": "Porunnanoor", "amenity": "school", "name": "Government Upper Primary School Karingari", "operator": "Department of education", "operator:type": "government", "id": "osm-way-842437458", "osm_type": "way", "osm_id": 842437458, "category": "school", "source": "OpenStreetMap (ODbL)"}, "geometry": {"type": "Point", "coordinates": [75.9949726, 11.7353207]}}, {"type": "Feature", "id": 842938194, "properties": {"addr:district": "Wayanad", "addr:village": "Porunnanoor", "amenity": "school", "name": "Government Upper Primary School Nalloornadu", "operator": "Department of education", "operator:type": "government", "id": "osm-way-842938194", "osm_type": "way", "osm_id": 842938194, "category": "school", "source": "OpenStreetMap (ODbL)"}, "geometry": {"type": "Point", "coordinates": [76.0076716, 11.7485025]}}, {"type": "Feature", "id": 842943732, "properties": {"addr:district": "Wayanad", "addr:village": "Porunnanoor", "amenity": "school", "name": "Government Lower Primary School Kelloor", "operator": "Department of education", "operator:type": "government", "id": "osm-way-842943732", "osm_type": "way", "osm_id": 842943732, "category": "school", "source": "OpenStreetMap (ODbL)"}, "geometry": {"type": "Point", "coordinates": [76.0208274, 11.7523689]}}, {"type": "Feature", "id": 842945239, "properties": {"addr:district": "Wayanad", "addr:village": "Anjukunnu", "amenity": "school", "name": "Government Model Upper Primary School Anjukunnu", "operator": "Department of education", "operator:type": "government", "id": "osm-way-842945239", "osm_type": "way", "osm_id": 842945239, "category": "school", "source": "OpenStreetMap (ODbL)"}, "geometry": {"type": "Point", "coordinates": [76.0397823, 11.7524929]}}, {"type": "Feature", "id": 842948269, "properties": {"addr:district": "Wayanad", "addr:village": "Anjukunnu", "amenity": "school", "name": "R C Upper Primary School Pallikunnu", "id": "osm-way-842948269", "osm_type": "way", "osm_id": 842948269, "category": "school", "source": "OpenStreetMap (ODbL)"}, "geometry": {"type": "Point", "coordinates": [76.0546208, 11.6828141]}}, {"type": "Feature", "id": 842949885, "properties": {"addr:district": "Wayanad", "addr:village": "Panamaram", "amenity": "school", "name": "St Thomas Lower Primary School Arinchermala", "id": "osm-way-842949885", "osm_type": "way", "osm_id": 842949885, "category": "school", "source": "OpenStreetMap (ODbL)"}, "geometry": {"type": "Point", "coordinates": [76.0654934, 11.7062683]}}, {"type": "Feature", "id": 842950738, "properties": {"addr:district": "Wayanad", "addr:village": "Anjukunnu", "amenity": "school", "name": "Government Lower Primary School Palukunnu", "operator": "Department of education", "operator:type": "government", "id": "osm-way-842950738", "osm_type": "way", "osm_id": 842950738, "category": "school", "source": "OpenStreetMap (ODbL)"}, "geometry": {"type": "Point", "coordinates": [76.0582265, 11.7395543]}}, {"type": "Feature", "id": 842952332, "properties": {"addr:district": "Wayanad", "addr:village": "Kaniyambetta", "amenity": "school", "name": "Apple Day Oriental School", "wikidata": "Q64522324", "id": "osm-way-842952332", "osm_type": "way", "osm_id": 842952332, "category": "school", "source": "OpenStreetMap (ODbL)"}, "geometry": {"type": "Point", "coordinates": [76.077039, 11.6999289]}}, {"type": "Feature", "id": 842953060, "properties": {"addr:district": "Wayanad", "addr:village": "Kaniyambetta", "amenity": "school", "name": "Government Upper Primary School Kaniyambetta", "operator:type": "government", "id": "osm-way-842953060", "osm_type": "way", "osm_id": 842953060, "category": "school", "source": "OpenStreetMap (ODbL)"}, "geometry": {"type": "Point", "coordinates": [76.0805251, 11.694659]}}, {"type": "Feature", "id": 842960059, "properties": {"addr:district": "Wayanad", "addr:village": "Cherukattoor", "amenity": "school", "name": "St Marys Public School Panamaram", "wikidata": "Q64522676", "id": "osm-way-842960059", "osm_type": "way", "osm_id": 842960059, "category": "school", "source": "OpenStreetMap (ODbL)"}, "geometry": {"type": "Point", "coordinates": [76.0693099, 11.7496067]}}, {"type": "Feature", "id": 842965226, "properties": {"addr:district": "Wayanad", "addr:village": "Panamaram", "amenity": "school", "name": "Government Higher Secondary School Panamaram", "operator": "Department of General and Higher Education", "operator:type": "government", "id": "osm-way-842965226", "osm_type": "way", "osm_id": 842965226, "category": "school", "source": "OpenStreetMap (ODbL)"}, "geometry": {"type": "Point", "coordinates": [76.0694659, 11.7380761]}}, {"type": "Feature", "id": 842970454, "properties": {"addr:district": "Wayanad", "addr:village": "Panamaram", "amenity": "school", "name": "Government Lower Primary School Panamaram", "operator": "Department of education", "operator:type": "government", "id": "osm-way-842970454", "osm_type": "way", "osm_id": 842970454, "category": "school", "source": "OpenStreetMap (ODbL)"}, "geometry": {"type": "Point", "coordinates": [76.0721733, 11.7375518]}}, {"type": "Feature", "id": 842975143, "properties": {"addr:district": "Wayanad", "addr:village": "Panamaram", "amenity": "school", "name": "Peripatatic Tr School Pariyaram", "wikidata": "Q64522677", "id": "osm-way-842975143", "osm_type": "way", "osm_id": 842975143, "category": "school", "source": "OpenStreetMap (ODbL)"}, "geometry": {"type": "Point", "coordinates": [76.0851625, 11.7442839]}}, {"type": "Feature", "id": 842982213, "properties": {"addr:district": "Wayanad", "addr:village": "Kaniyambetta", "amenity": "school", "name": "Government Lower Primary School Cheekkalloor", "operator": "Department of General and Higher Education", "operator:type": "government", "id": "osm-way-842982213", "osm_type": "way", "osm_id": 842982213, "category": "school", "source": "OpenStreetMap (ODbL)"}, "geometry": {"type": "Point", "coordinates": [76.0959314, 11.7213643]}}, {"type": "Feature", "id": 842984109, "properties": {"addr:city": "Nelliyambam", "addr:district": "Wayanad", "addr:village": "Nadavayal", "amenity": "school", "name": "Government Lower Primary School Nelliyambam", "operator": "Department of education", "operator:type": "government", "id": "osm-way-842984109", "osm_type": "way", "osm_id": 842984109, "category": "school", "source": "OpenStreetMap (ODbL)"}, "geometry": {"type": "Point", "coordinates": [76.1025335, 11.7397762]}}, {"type": "Feature", "id": 843218961, "properties": {"bridge": "yes", "highway": "tertiary", "layer": "1", "id": "osm-way-843218961", "osm_type": "way", "osm_id": 843218961, "category": "bridge", "source": "OpenStreetMap (ODbL)"}, "geometry": {"type": "Point", "coordinates": [76.0501622, 11.6608345]}}, {"type": "Feature", "id": 843567798, "properties": {"addr:district": "Wayanad", "addr:village": "Poothadi", "amenity": "school", "name": "Government Upper Primary School Poothadi", "id": "osm-way-843567798", "osm_type": "way", "osm_id": 843567798, "category": "school", "source": "OpenStreetMap (ODbL)"}, "geometry": {"type": "Point", "coordinates": [76.1267996, 11.7204637]}}, {"type": "Feature", "id": 843570454, "properties": {"addr:district": "Wayanad", "addr:village": "Poothadi", "amenity": "school", "name": "A Upper Primary School Arimula", "id": "osm-way-843570454", "osm_type": "way", "osm_id": 843570454, "category": "school", "source": "OpenStreetMap (ODbL)"}, "geometry": {"type": "Point", "coordinates": [76.133515, 11.7007734]}}, {"type": "Feature", "id": 843571244, "properties": {"addr:district": "Wayanad", "addr:village": "Purakkadi", "amenity": "school", "name": "N A A Upper School Manikavu", "operator": "Government", "id": "osm-way-843571244", "osm_type": "way", "osm_id": 843571244, "category": "school", "source": "OpenStreetMap (ODbL)"}, "geometry": {"type": "Point", "coordinates": [76.1555864, 11.6917033]}}, {"type": "Feature", "id": 843573426, "properties": {"addr:city": "MEENANGADI", "addr:district": "Wayanad", "addr:village": "Krishnagiri", "amenity": "school", "name": "S A Lower Primary School Gokhale Nagar", "operator": "HM", "operator:type": "private_aided", "religion": "none", "id": "osm-way-843573426", "osm_type": "way", "osm_id": 843573426, "category": "school", "source": "OpenStreetMap (ODbL)"}, "geometry": {"type": "Point", "coordinates": [76.1827561, 11.6822088]}}, {"type": "Feature", "id": 843745041, "properties": {"addr:district": "Wayanad", "addr:village": "Poothadi", "amenity": "school", "name": "K V A Upper Primary School Koleri", "id": "osm-way-843745041", "osm_type": "way", "osm_id": 843745041, "category": "school", "source": "OpenStreetMap (ODbL)"}, "geometry": {"type": "Point", "coordinates": [76.1645138, 11.7150258]}}, {"type": "Feature", "id": 843775772, "properties": {"addr:district": "Wayanad", "addr:village": "Irualam", "amenity": "school", "name": "A Lower Primary School Marianad Pambra", "id": "osm-way-843775772", "osm_type": "way", "osm_id": 843775772, "category": "school", "source": "OpenStreetMap (ODbL)"}, "geometry": {"type": "Point", "coordinates": [76.1946163, 11.7321934]}}, {"type": "Feature", "id": 843782495, "properties": {"addr:district": "Wayanad", "addr:village": "Irualam", "amenity": "school", "name": "Christ English Medium School Irulam", "id": "osm-way-843782495", "osm_type": "way", "osm_id": 843782495, "category": "school", "source": "OpenStreetMap (ODbL)"}, "geometry": {"type": "Point", "coordinates": [76.1964741, 11.7500786]}}, {"type": "Feature", "id": 843798543, "properties": {"addr:district": "Wayanad", "amenity": "school", "operator:type": "government", "id": "osm-way-843798543", "osm_type": "way", "osm_id": 843798543, "category": "school", "source": "OpenStreetMap (ODbL)"}, "geometry": {"type": "Point", "coordinates": [76.1990379, 11.7506348]}}, {"type": "Feature", "id": 843799169, "properties": {"addr:district": "Wayanad", "addr:village": "Irualam", "amenity": "school", "name": "S N Balavihar Irulam", "wikidata": "Q64522172", "id": "osm-way-843799169", "osm_type": "way", "osm_id": 843799169, "category": "school", "source": "OpenStreetMap (ODbL)"}, "geometry": {"type": "Point", "coordinates": [76.1924621, 11.7487489]}}, {"type": "Feature", "id": 843800793, "properties": {"addr:district": "Wayanad", "addr:village": "Poothadi", "amenity": "school", "name": "Crescent Public School Vakery", "id": "osm-way-843800793", "osm_type": "way", "osm_id": 843800793, "category": "school", "source": "OpenStreetMap (ODbL)"}, "geometry": {"type": "Point", "coordinates": [76.207187, 11.6953696]}}, {"type": "Feature", "id": 843802867, "properties": {"addr:district": "Wayanad", "addr:village": "Irualam", "amenity": "school", "name": "Government Vocational Higher Secondary School Vakery", "id": "osm-way-843802867", "osm_type": "way", "osm_id": 843802867, "category": "school", "source": "OpenStreetMap (ODbL)"}, "geometry": {"type": "Point", "coordinates": [76.2059205, 11.6957552]}}, {"type": "Feature", "id": 843805452, "properties": {"addr:district": "Wayanad", "addr:village": "Irualam", "amenity": "school", "name": "S N A Lower Primary School Narayanpuram", "id": "osm-way-843805452", "osm_type": "way", "osm_id": 843805452, "category": "school", "source": "OpenStreetMap (ODbL)"}, "geometry": {"type": "Point", "coordinates": [76.213043, 11.7112245]}}, {"type": "Feature", "id": 843807265, "properties": {"addr:district": "Wayanad", "addr:village": "Kidanganad", "amenity": "school", "name": "Government High School Chenad", "operator": "Department of General and Higher Education", "operator:type": "government", "id": "osm-way-843807265", "osm_type": "way", "osm_id": 843807265, "category": "school", "source": "OpenStreetMap (ODbL)"}, "geometry": {"type": "Point", "coordinates": [76.2441662, 11.734822]}}, {"type": "Feature", "id": 843815459, "properties": {"addr:district": "Wayanad", "addr:village": "Kuppady", "amenity": "school", "name": "Nirmala Matha Public School", "wikidata": "Q64522140", "id": "osm-way-843815459", "osm_type": "way", "osm_id": 843815459, "category": "school", "source": "OpenStreetMap (ODbL)"}, "geometry": {"type": "Point", "coordinates": [76.2643093, 11.6852281]}}, {"type": "Feature", "id": 843817694, "properties": {"addr:district": "Wayanad", "addr:village": "Kuppady", "amenity": "school", "name": "Government High School Kuppadi", "operator": "Department of General and Higher Education", "operator:type": "government", "id": "osm-way-843817694", "osm_type": "way", "osm_id": 843817694, "category": "school", "source": "OpenStreetMap (ODbL)"}, "geometry": {"type": "Point", "coordinates": [76.2677431, 11.6824907]}}, {"type": "Feature", "id": 843820978, "properties": {"amenity": "school", "name": "Government High School Odappallam", "id": "osm-way-843820978", "osm_type": "way", "osm_id": 843820978, "category": "school", "source": "OpenStreetMap (ODbL)"}, "geometry": {"type": "Point", "coordinates": [76.287183, 11.6964074]}}, {"type": "Feature", "id": 843820979, "properties": {"addr:city": "Sulthan Bathery", "addr:district": "Wayanad", "addr:village": "Kuppady", "amenity": "school", "name": "Government High School Odappallam", "operator": "Department of education", "operator:type": "government", "website": "http://ghsodappallam.blogspot.com/", "id": "osm-way-843820979", "osm_type": "way", "osm_id": 843820979, "category": "school", "source": "OpenStreetMap (ODbL)"}, "geometry": {"type": "Point", "coordinates": [76.287183, 11.6964074]}}, {"type": "Feature", "id": 845416543, "properties": {"bridge": "yes", "highway": "secondary", "layer": "1", "id": "osm-way-845416543", "osm_type": "way", "osm_id": 845416543, "category": "bridge", "source": "OpenStreetMap (ODbL)"}, "geometry": {"type": "Point", "coordinates": [75.9994858, 11.7011008]}}, {"type": "Feature", "id": 845416547, "properties": {"bridge": "yes", "highway": "secondary", "layer": "1", "id": "osm-way-845416547", "osm_type": "way", "osm_id": 845416547, "category": "bridge", "source": "OpenStreetMap (ODbL)"}, "geometry": {"type": "Point", "coordinates": [75.9907985, 11.7029174]}}, {"type": "Feature", "id": 845416550, "properties": {"bridge": "yes", "highway": "secondary", "layer": "1", "id": "osm-way-845416550", "osm_type": "way", "osm_id": 845416550, "category": "bridge", "source": "OpenStreetMap (ODbL)"}, "geometry": {"type": "Point", "coordinates": [75.9918559, 11.7024136]}}, {"type": "Feature", "id": 845658255, "properties": {"bridge": "yes", "highway": "secondary", "layer": "1", "name": "Munderi Road", "id": "osm-way-845658255", "osm_type": "way", "osm_id": 845658255, "category": "bridge", "source": "OpenStreetMap (ODbL)"}, "geometry": {"type": "Point", "coordinates": [76.0684577, 11.6296601]}}, {"type": "Feature", "id": 845788119, "properties": {"bridge": "yes", "highway": "secondary", "layer": "1", "name": "Kalloor - Nambikolly Road", "id": "osm-way-845788119", "osm_type": "way", "osm_id": 845788119, "category": "bridge", "source": "OpenStreetMap (ODbL)"}, "geometry": {"type": "Point", "coordinates": [76.3330588, 11.6470853]}}, {"type": "Feature", "id": 845788121, "properties": {"bridge": "yes", "highway": "secondary", "layer": "1", "name": "Kalloor - Nambikolly Road", "id": "osm-way-845788121", "osm_type": "way", "osm_id": 845788121, "category": "bridge", "source": "OpenStreetMap (ODbL)"}, "geometry": {"type": "Point", "coordinates": [76.3375562, 11.6517638]}}, {"type": "Feature", "id": 845806190, "properties": {"bridge": "yes", "highway": "secondary", "layer": "1", "name": "Kalloor - Nambikolly Road", "id": "osm-way-845806190", "osm_type": "way", "osm_id": 845806190, "category": "bridge", "source": "OpenStreetMap (ODbL)"}, "geometry": {"type": "Point", "coordinates": [76.3246112, 11.6406659]}}, {"type": "Feature", "id": 845806192, "properties": {"bridge": "yes", "highway": "secondary", "layer": "1", "name": "Kalloor - Nambikolly Road", "id": "osm-way-845806192", "osm_type": "way", "osm_id": 845806192, "category": "bridge", "source": "OpenStreetMap (ODbL)"}, "geometry": {"type": "Point", "coordinates": [76.3267083, 11.6413725]}}, {"type": "Feature", "id": 845950263, "properties": {"bridge": "yes", "highway": "tertiary", "layer": "1", "id": "osm-way-845950263", "osm_type": "way", "osm_id": 845950263, "category": "bridge", "source": "OpenStreetMap (ODbL)"}, "geometry": {"type": "Point", "coordinates": [76.2995516, 11.7135641]}}, {"type": "Feature", "id": 845966794, "properties": {"bridge": "yes", "highway": "secondary", "layer": "1", "id": "osm-way-845966794", "osm_type": "way", "osm_id": 845966794, "category": "bridge", "source": "OpenStreetMap (ODbL)"}, "geometry": {"type": "Point", "coordinates": [76.305423, 11.6618633]}}, {"type": "Feature", "id": 845969815, "properties": {"bridge": "yes", "highway": "tertiary", "layer": "1", "id": "osm-way-845969815", "osm_type": "way", "osm_id": 845969815, "category": "bridge", "source": "OpenStreetMap (ODbL)"}, "geometry": {"type": "Point", "coordinates": [76.3054094, 11.6355076]}}, {"type": "Feature", "id": 845986858, "properties": {"bridge": "yes", "highway": "secondary", "layer": "1", "id": "osm-way-845986858", "osm_type": "way", "osm_id": 845986858, "category": "bridge", "source": "OpenStreetMap (ODbL)"}, "geometry": {"type": "Point", "coordinates": [76.3072082, 11.5781564]}}, {"type": "Feature", "id": 846358977, "properties": {"bridge": "yes", "highway": "tertiary", "layer": "1", "id": "osm-way-846358977", "osm_type": "way", "osm_id": 846358977, "category": "bridge", "source": "OpenStreetMap (ODbL)"}, "geometry": {"type": "Point", "coordinates": [76.2723433, 11.6540509]}}, {"type": "Feature", "id": 846358979, "properties": {"bridge": "yes", "highway": "tertiary", "layer": "1", "id": "osm-way-846358979", "osm_type": "way", "osm_id": 846358979, "category": "bridge", "source": "OpenStreetMap (ODbL)"}, "geometry": {"type": "Point", "coordinates": [76.2741976, 11.6533823]}}, {"type": "Feature", "id": 846373964, "properties": {"bridge": "yes", "highway": "secondary", "layer": "1", "name": "Sulthan BatheryChulliyode Road", "id": "osm-way-846373964", "osm_type": "way", "osm_id": 846373964, "category": "bridge", "source": "OpenStreetMap (ODbL)"}, "geometry": {"type": "Point", "coordinates": [76.2770561, 11.6244107]}}, {"type": "Feature", "id": 846399973, "properties": {"bridge": "yes", "highway": "secondary", "layer": "1", "name": "Arimula Bridge", "name:ml": "\u0d05\u0d30\u0d3f\u0d2e\u0d41\u0d33 \u0d2a\u0d3e\u0d32\u0d02", "id": "osm-way-846399973", "osm_type": "way", "osm_id": 846399973, "category": "bridge", "source": "OpenStreetMap (ODbL)"}, "geometry": {"type": "Point", "coordinates": [76.130205, 11.6954828]}}, {"type": "Feature", "id": 846674090, "properties": {"amenity": "hospital", "healthcare": "hospital", "name": "Community Health Centre Thariyode", "id": "osm-way-846674090", "osm_type": "way", "osm_id": 846674090, "category": "hospital", "source": "OpenStreetMap (ODbL)"}, "geometry": {"type": "Point", "coordinates": [75.9958546, 11.6553728]}}, {"type": "Feature", "id": 846879652, "properties": {"building": "yes", "government": "village_office", "name": "Village Office, Thariode", "office": "government", "id": "osm-way-846879652", "osm_type": "way", "osm_id": 846879652, "category": "government", "source": "OpenStreetMap (ODbL)"}, "geometry": {"type": "Point", "coordinates": [76.0078528, 11.6382077]}}, {"type": "Feature", "id": 847939652, "properties": {"building": "yes", "government": "administrative", "name": "Legal Metrology", "office": "government", "id": "osm-way-847939652", "osm_type": "way", "osm_id": 847939652, "category": "government", "source": "OpenStreetMap (ODbL)"}, "geometry": {"type": "Point", "coordinates": [76.1624844, 11.6609367]}}, {"type": "Feature", "id": 847955972, "properties": {"building": "yes", "government": "government", "name": "Krishi bhavan", "office": "government", "id": "osm-way-847955972", "osm_type": "way", "osm_id": 847955972, "category": "government", "source": "OpenStreetMap (ODbL)"}, "geometry": {"type": "Point", "coordinates": [76.1575122, 11.6558963]}}, {"type": "Feature", "id": 848428377, "properties": {"building": "yes", "government": "government", "name": "DTPC  Dormitory", "office": "government", "id": "osm-way-848428377", "osm_type": "way", "osm_id": 848428377, "category": "government", "source": "OpenStreetMap (ODbL)"}, "geometry": {"type": "Point", "coordinates": [76.15753, 11.6549337]}}, {"type": "Feature", "id": 848429015, "properties": {"building": "yes", "government": "government", "name": "Department of mining and geology", "office": "government", "id": "osm-way-848429015", "osm_type": "way", "osm_id": 848429015, "category": "government", "source": "OpenStreetMap (ODbL)"}, "geometry": {"type": "Point", "coordinates": [76.1586099, 11.6557624]}}, {"type": "Feature", "id": 848435251, "properties": {"building": "yes", "healthcare": "hospital", "name": "Purnayoo Arogya Nikethanam", "id": "osm-way-848435251", "osm_type": "way", "osm_id": 848435251, "category": "hospital", "source": "OpenStreetMap (ODbL)"}, "geometry": {"type": "Point", "coordinates": [76.1659339, 11.6623136]}}, {"type": "Feature", "id": 848435765, "properties": {"building": "yes", "government": "government", "name": "Office of the circle inspector excise", "office": "government", "id": "osm-way-848435765", "osm_type": "way", "osm_id": 848435765, "category": "government", "source": "OpenStreetMap (ODbL)"}, "geometry": {"type": "Point", "coordinates": [76.159692, 11.6565119]}}, {"type": "Feature", "id": 848443148, "properties": {"building": "yes", "government": "government", "name": "Kerala state backward classes development corporation", "office": "government", "id": "osm-way-848443148", "osm_type": "way", "osm_id": 848443148, "category": "government", "source": "OpenStreetMap (ODbL)"}, "geometry": {"type": "Point", "coordinates": [76.1635644, 11.6596225]}}, {"type": "Feature", "id": 848798344, "properties": {"bridge": "yes", "highway": "secondary", "layer": "1", "name": "Kattikulam-Tholpetty Road", "id": "osm-way-848798344", "osm_type": "way", "osm_id": 848798344, "category": "bridge", "source": "OpenStreetMap (ODbL)"}, "geometry": {"type": "Point", "coordinates": [76.0727656, 11.863694]}}, {"type": "Feature", "id": 850743996, "properties": {"highway": "service", "name": "Banasurasagar Dam project", "operator": "Kerala Irrigation Department", "waterway": "dam", "wikidata": "Q3532983", "wikipedia": "en:Banasura Sagar Dam", "id": "osm-way-850743996", "osm_type": "way", "osm_id": 850743996, "category": "dam", "source": "OpenStreetMap (ODbL)"}, "geometry": {"type": "Point", "coordinates": [75.9596533, 11.6718241]}}, {"type": "Feature", "id": 851739024, "properties": {"bridge": "yes", "highway": "tertiary", "layer": "1", "id": "osm-way-851739024", "osm_type": "way", "osm_id": 851739024, "category": "bridge", "source": "OpenStreetMap (ODbL)"}, "geometry": {"type": "Point", "coordinates": [76.2603736, 11.6587132]}}, {"type": "Feature", "id": 851745989, "properties": {"bridge": "yes", "highway": "tertiary", "layer": "1", "name": "Brahmagiri Rd", "id": "osm-way-851745989", "osm_type": "way", "osm_id": 851745989, "category": "bridge", "source": "OpenStreetMap (ODbL)"}, "geometry": {"type": "Point", "coordinates": [76.250499, 11.6250416]}}, {"type": "Feature", "id": 851773185, "properties": {"bridge": "yes", "highway": "secondary", "layer": "1", "id": "osm-way-851773185", "osm_type": "way", "osm_id": 851773185, "category": "bridge", "source": "OpenStreetMap (ODbL)"}, "geometry": {"type": "Point", "coordinates": [76.223369, 11.6154851]}}, {"type": "Feature", "id": 851774762, "properties": {"bridge": "yes", "highway": "tertiary", "layer": "1", "id": "osm-way-851774762", "osm_type": "way", "osm_id": 851774762, "category": "bridge", "source": "OpenStreetMap (ODbL)"}, "geometry": {"type": "Point", "coordinates": [76.2271425, 11.6471996]}}, {"type": "Feature", "id": 852961554, "properties": {"bridge": "yes", "highway": "primary", "id": "osm-way-852961554", "osm_type": "way", "osm_id": 852961554, "category": "bridge", "source": "OpenStreetMap (ODbL)"}, "geometry": {"type": "Point", "coordinates": [75.8537319, 11.742472]}}, {"type": "Feature", "id": 853726017, "properties": {"bridge": "yes", "highway": "tertiary", "layer": "1", "id": "osm-way-853726017", "osm_type": "way", "osm_id": 853726017, "category": "bridge", "source": "OpenStreetMap (ODbL)"}, "geometry": {"type": "Point", "coordinates": [76.0458408, 11.795742]}}, {"type": "Feature", "id": 856226237, "properties": {"amenity": "school", "id": "osm-way-856226237", "osm_type": "way", "osm_id": 856226237, "category": "school", "source": "OpenStreetMap (ODbL)"}, "geometry": {"type": "Point", "coordinates": [75.9896212, 11.6291072]}}, {"type": "Feature", "id": 856374580, "properties": {"bridge": "yes", "highway": "secondary", "layer": "1", "name": "Mysore - Kozhikode bypass", "id": "osm-way-856374580", "osm_type": "way", "osm_id": 856374580, "category": "bridge", "source": "OpenStreetMap (ODbL)"}, "geometry": {"type": "Point", "coordinates": [76.0261756, 11.8049239]}}, {"type": "Feature", "id": 857068370, "properties": {"amenity": "hospital", "building:levels": "2", "healthcare": "hospital", "height": "10", "name": "Noolpuzha Family Health Centre", "id": "osm-way-857068370", "osm_type": "way", "osm_id": 857068370, "category": "hospital", "source": "OpenStreetMap (ODbL)"}, "geometry": {"type": "Point", "coordinates": [76.3183017, 11.6672489]}}, {"type": "Feature", "id": 857251118, "properties": {"bridge": "yes", "highway": "unclassified", "layer": "1", "name": "minor unclassified road", "id": "osm-way-857251118", "osm_type": "way", "osm_id": 857251118, "category": "bridge", "source": "OpenStreetMap (ODbL)"}, "geometry": {"type": "Point", "coordinates": [76.0859125, 11.672526]}}, {"type": "Feature", "id": 857443559, "properties": {"bridge": "yes", "highway": "trunk", "layer": "1", "name": "Wayanad Road", "id": "osm-way-857443559", "osm_type": "way", "osm_id": 857443559, "category": "bridge", "source": "OpenStreetMap (ODbL)"}, "geometry": {"type": "Point", "coordinates": [76.0233124, 11.5266222]}}, {"type": "Feature", "id": 857446638, "properties": {"amenity": "place_of_worship", "building": "yes", "name": "Sree Thirunelly Gulikan Kavu", "religion": "hindu", "id": "osm-way-857446638", "osm_type": "way", "osm_id": 857446638, "category": "religious", "source": "OpenStreetMap (ODbL)"}, "geometry": {"type": "Point", "coordinates": [76.2783035, 11.6678913]}}, {"type": "Feature", "id": 857476005, "properties": {"building": "yes", "name": "Family Welfare Centre (Health Centre))", "office": "government", "id": "osm-way-857476005", "osm_type": "way", "osm_id": 857476005, "category": "government", "source": "OpenStreetMap (ODbL)"}, "geometry": {"type": "Point", "coordinates": [76.2814864, 11.6645989]}}, {"type": "Feature", "id": 857476006, "properties": {"building": "yes", "government": "government", "name": "Quarters Junior Public Health Nurse Manju Sreekanth", "office": "government", "id": "osm-way-857476006", "osm_type": "way", "osm_id": 857476006, "category": "government", "source": "OpenStreetMap (ODbL)"}, "geometry": {"type": "Point", "coordinates": [76.2815398, 11.6645986]}}, {"type": "Feature", "id": 857561511, "properties": {"addr:city": "vellamunda", "amenity": "school", "name": "alpskokkadavil ground", "id": "osm-way-857561511", "osm_type": "way", "osm_id": 857561511, "category": "school", "source": "OpenStreetMap (ODbL)"}, "geometry": {"type": "Point", "coordinates": [75.9691251, 11.7418654]}}, {"type": "Feature", "id": 857574446, "properties": {"amenity": "school", "name": "Upper Primary School, Padinjarathara", "id": "osm-way-857574446", "osm_type": "way", "osm_id": 857574446, "category": "school", "source": "OpenStreetMap (ODbL)"}, "geometry": {"type": "Point", "coordinates": [75.9750197, 11.6827714]}}, {"type": "Feature", "id": 857576969, "properties": {"amenity": "school", "government": "education", "name": "Government Higher Secondary School, Padinharathara", "phone": "+91-4936273548", "id": "osm-way-857576969", "osm_type": "way", "osm_id": 857576969, "category": "school", "source": "OpenStreetMap (ODbL)"}, "geometry": {"type": "Point", "coordinates": [75.9758044, 11.6844121]}}, {"type": "Feature", "id": 857716406, "properties": {"addr:city": "chennalode", "amenity": "school", "name": "gups chennalode school ground", "id": "osm-way-857716406", "osm_type": "way", "osm_id": 857716406, "category": "school", "source": "OpenStreetMap (ODbL)"}, "geometry": {"type": "Point", "coordinates": [75.9863557, 11.6626848]}}, {"type": "Feature", "id": 857772211, "properties": {"amenity": "school", "name": "Government Lower Primary School, Madakkimala", "operator:type": "government", "id": "osm-way-857772211", "osm_type": "way", "osm_id": 857772211, "category": "school", "source": "OpenStreetMap (ODbL)"}, "geometry": {"type": "Point", "coordinates": [76.0848581, 11.6595915]}}, {"type": "Feature", "id": 858007565, "properties": {"addr:city": "Sulthan's Bathery", "amenity": "hospital", "emergency": "no", "healthcare": "hospital", "name": "Homoeo Dispensary", "operator": "Directorate of Health Services (Homoeo)", "operator:type": "government", "id": "osm-way-858007565", "osm_type": "way", "osm_id": 858007565, "category": "hospital", "source": "OpenStreetMap (ODbL)"}, "geometry": {"type": "Point", "coordinates": [76.2640268, 11.6588627]}}, {"type": "Feature", "id": 858033838, "properties": {"addr:city": "Sulthan Bathery", "amenity": "fire_station", "building": "yes", "building:levels": "2", "name": "Fire and Rescue Station, Sulthan Bathery", "id": "osm-way-858033838", "osm_type": "way", "osm_id": 858033838, "category": "fire_station", "source": "OpenStreetMap (ODbL)"}, "geometry": {"type": "Point", "coordinates": [76.2620381, 11.6695485]}}, {"type": "Feature", "id": 858051516, "properties": {"addr:city": "Ambalavayal", "amenity": "police", "building": "yes", "government": "Police", "name": "Police Station ,Ambalavayal", "wikidata": "Q133275105", "id": "osm-way-858051516", "osm_type": "way", "osm_id": 858051516, "category": "police", "source": "OpenStreetMap (ODbL)"}, "geometry": {"type": "Point", "coordinates": [76.2107912, 11.6184067]}}, {"type": "Feature", "id": 858052753, "properties": {"addr:city": "Ambalavayal", "building": "yes", "government": "government", "office": "yes", "id": "osm-way-858052753", "osm_type": "way", "osm_id": 858052753, "category": "government", "source": "OpenStreetMap (ODbL)"}, "geometry": {"type": "Point", "coordinates": [76.2108906, 11.6191715]}}, {"type": "Feature", "id": 858053219, "properties": {"addr:city": "Ambalavayal", "building": "yes", "government": "government", "name": "RR Office Ambalavayal", "office": "government", "id": "osm-way-858053219", "osm_type": "way", "osm_id": 858053219, "category": "government", "source": "OpenStreetMap (ODbL)"}, "geometry": {"type": "Point", "coordinates": [76.2108948, 11.6187575]}}, {"type": "Feature", "id": 858054200, "properties": {"amenity": "hospital", "healthcare": "hospital", "name": "Family Health Centre Ambalavayal", "name:ml": "\u0d15\u0d41\u0d1f\u0d41\u0d02\u0d2c\u0d3e\u0d30\u0d4b\u0d17\u0d4d\u0d2f \u0d15\u0d47\u0d28\u0d4d\u0d26\u0d4d\u0d30\u0d02 \u0d05\u0d2e\u0d4d\u0d2a\u0d32\u0d35\u0d2f\u0d7d", "id": "osm-way-858054200", "osm_type": "way", "osm_id": 858054200, "category": "hospital", "source": "OpenStreetMap (ODbL)"}, "geometry": {"type": "Point", "coordinates": [76.2094601, 11.6202088]}}, {"type": "Feature", "id": 858060768, "properties": {"building": "yes", "government": "government", "name": "Registration Office", "office": "government", "id": "osm-way-858060768", "osm_type": "way", "osm_id": 858060768, "category": "government", "source": "OpenStreetMap (ODbL)"}, "geometry": {"type": "Point", "coordinates": [76.2598966, 11.6631271]}}, {"type": "Feature", "id": 858061771, "properties": {"amenity": "place_of_worship", "building": "yes", "name": "Assemblies Of God Church", "religion": "christian", "id": "osm-way-858061771", "osm_type": "way", "osm_id": 858061771, "category": "religious", "source": "OpenStreetMap (ODbL)"}, "geometry": {"type": "Point", "coordinates": [76.262978, 11.6615848]}}, {"type": "Feature", "id": 858065054, "properties": {"building": "yes", "government": "government", "name": "JRTO Office", "office": "government", "id": "osm-way-858065054", "osm_type": "way", "osm_id": 858065054, "category": "government", "source": "OpenStreetMap (ODbL)"}, "geometry": {"type": "Point", "coordinates": [76.2660125, 11.6634211]}}, {"type": "Feature", "id": 858070156, "properties": {"addr:city": "mananthavady", "building": "yes", "government": "government", "name": "ICDS Project Offic Mananthavady", "office": "government", "phone": "+91-4935240324", "id": "osm-way-858070156", "osm_type": "way", "osm_id": 858070156, "category": "government", "source": "OpenStreetMap (ODbL)"}, "geometry": {"type": "Point", "coordinates": [76.0046415, 11.8054953]}}, {"type": "Feature", "id": 858092116, "properties": {"addr:city": "Mananthavady", "building": "yes", "government": "government", "name": "ICDS Mananthavady Additional", "office": "government", "phone": "+91-4935240754", "id": "osm-way-858092116", "osm_type": "way", "osm_id": 858092116, "category": "government", "source": "OpenStreetMap (ODbL)"}, "geometry": {"type": "Point", "coordinates": [75.9993755, 11.7496568]}}, {"type": "Feature", "id": 858092148, "properties": {"addr:city": "Wayanad", "building": "yes", "building:levels": "1", "government": "government", "height": "4", "name": "DdeWayanad", "office": "government", "id": "osm-way-858092148", "osm_type": "way", "osm_id": 858092148, "category": "government", "source": "OpenStreetMap (ODbL)"}, "geometry": {"type": "Point", "coordinates": [76.0891443, 11.6264184]}}, {"type": "Feature", "id": 858092605, "properties": {"addr:city": "Panamaram", "building": "yes", "government": "public_service", "name": "ICDS Office, Panamaram", "office": "government", "phone": "+91-4395220252", "id": "osm-way-858092605", "osm_type": "way", "osm_id": 858092605, "category": "government", "source": "OpenStreetMap (ODbL)"}, "geometry": {"type": "Point", "coordinates": [76.0721429, 11.7400007]}}, {"type": "Feature", "id": 858093288, "properties": {"amenity": "school", "building": "school", "name": "GLPS Karachal", "id": "osm-way-858093288", "osm_type": "way", "osm_id": 858093288, "category": "school", "source": "OpenStreetMap (ODbL)"}, "geometry": {"type": "Point", "coordinates": [75.8983237, 11.7796327]}}, {"type": "Feature", "id": 858095806, "properties": {"amenity": "school", "height": "6", "name": "St Thomas English Lower Primary School, Padinjarethara", "id": "osm-way-858095806", "osm_type": "way", "osm_id": 858095806, "category": "school", "source": "OpenStreetMap (ODbL)"}, "geometry": {"type": "Point", "coordinates": [75.9510355, 11.6754947]}}, {"type": "Feature", "id": 858103769, "properties": {"building": "kindergarten", "government": "government", "name": "Anganwadi", "id": "osm-way-858103769", "osm_type": "way", "osm_id": 858103769, "category": "government", "source": "OpenStreetMap (ODbL)"}, "geometry": {"type": "Point", "coordinates": [76.0185494, 11.747626]}}, {"type": "Feature", "id": 858104844, "properties": {"amenity": "school", "name": "CMS UP SCHOOL NEDINKARANA", "id": "osm-way-858104844", "osm_type": "way", "osm_id": 858104844, "category": "school", "source": "OpenStreetMap (ODbL)"}, "geometry": {"type": "Point", "coordinates": [76.1813943, 11.5453576]}}, {"type": "Feature", "id": 858111920, "properties": {"building": "yes", "name": "District Medical Office(Health) Wayanad", "name:ml": "\u0d1c\u0d3f\u0d32\u0d4d\u0d32\u0d3e \u0d2e\u0d46\u0d21\u0d3f\u0d15\u0d4d\u0d15\u0d32\u0d4d\u200d \u0d13\u0d2b\u0d40\u0d38\u0d4d(\u0d06\u0d30\u0d4b\u0d17\u0d4d\u0d2f\u0d02) \u0d35\u0d2f\u0d28\u0d3e\u0d1f\u0d4d", "office": "government", "id": "osm-way-858111920", "osm_type": "way", "osm_id": 858111920, "category": "government", "source": "OpenStreetMap (ODbL)"}, "geometry": {"type": "Point", "coordinates": [76.000601, 11.80098]}}, {"type": "Feature", "id": 858120259, "properties": {"addr:city": "Meenangadi", "building": "yes", "government": "village_office", "name": "Village Office, Purakkadi", "office": "government", "phone": "+91-4936-249210", "id": "osm-way-858120259", "osm_type": "way", "osm_id": 858120259, "category": "government", "source": "OpenStreetMap (ODbL)"}, "geometry": {"type": "Point", "coordinates": [76.1622297, 11.6607537]}}, {"type": "Feature", "id": 858120389, "properties": {"building": "yes", "building:levels": "3", "height": "15", "name": "Mini Civil Station Building", "office": "government", "id": "osm-way-858120389", "osm_type": "way", "osm_id": 858120389, "category": "government", "source": "OpenStreetMap (ODbL)"}, "geometry": {"type": "Point", "coordinates": [76.2617039, 11.6698668]}}, {"type": "Feature", "id": 858178631, "properties": {"amenity": "hospital", "healthcare": "hospital", "name": "Family Health Center, Vengapally", "operator": "Department of Health and Family Welfare", "operator:type": "government", "id": "osm-way-858178631", "osm_type": "way", "osm_id": 858178631, "category": "hospital", "source": "OpenStreetMap (ODbL)"}, "geometry": {"type": "Point", "coordinates": [76.0402035, 11.6493678]}}, {"type": "Feature", "id": 858209065, "properties": {"amenity": "school", "name": "Govt.U P School Sugandhgiri", "id": "osm-way-858209065", "osm_type": "way", "osm_id": 858209065, "category": "school", "source": "OpenStreetMap (ODbL)"}, "geometry": {"type": "Point", "coordinates": [76.023547, 11.5539214]}}, {"type": "Feature", "id": 858212205, "properties": {"addr:city": "Koliyadi", "building": "yes", "building:levels": "0", "government": "panchayath_office", "name": "Gramma Panchayath 0ffice, Nenmeni", "office": "government", "id": "osm-way-858212205", "osm_type": "way", "osm_id": 858212205, "category": "government", "source": "OpenStreetMap (ODbL)"}, "geometry": {"type": "Point", "coordinates": [76.2776503, 11.6348158]}}, {"type": "Feature", "id": 858213693, "properties": {"amenity": "place_of_worship", "building": "yes", "name": "muthapan madapura temple", "religion": "hindu", "id": "osm-way-858213693", "osm_type": "way", "osm_id": 858213693, "category": "religious", "source": "OpenStreetMap (ODbL)"}, "geometry": {"type": "Point", "coordinates": [76.0142222, 11.7893392]}}, {"type": "Feature", "id": 858226436, "properties": {"addr:city": "panamaram", "building": "yes", "government": "education", "name": "glps kuppathode", "office": "government", "id": "osm-way-858226436", "osm_type": "way", "osm_id": 858226436, "category": "government", "source": "OpenStreetMap (ODbL)"}, "geometry": {"type": "Point", "coordinates": [76.0989694, 11.7650674]}}, {"type": "Feature", "id": 858233262, "properties": {"addr:city": "Kottathara", "amenity": "school", "government": "government", "name": "Government Lower Primary School, Mechana", "operator:type": "government", "phone": "+91-4936273095", "id": "osm-way-858233262", "osm_type": "way", "osm_id": 858233262, "category": "school", "source": "OpenStreetMap (ODbL)"}, "geometry": {"type": "Point", "coordinates": [76.0087024, 11.6799773]}}, {"type": "Feature", "id": 858251092, "properties": {"addr:city": "S.BATHERY", "building": "school", "government": "education", "name": "A.L.P School Naiketty", "office": "government", "phone": "+91-9747255460", "id": "osm-way-858251092", "osm_type": "way", "osm_id": 858251092, "category": "government", "source": "OpenStreetMap (ODbL)"}, "geometry": {"type": "Point", "coordinates": [76.3132787, 11.6683497]}}, {"type": "Feature", "id": 858377096, "properties": {"amenity": "childcare", "building": "yes", "government": "public_service", "name": "Kuodothummal Anganavadi", "id": "osm-way-858377096", "osm_type": "way", "osm_id": 858377096, "category": "government", "source": "OpenStreetMap (ODbL)"}, "geometry": {"type": "Point", "coordinates": [76.0910374, 11.7160791]}}, {"type": "Feature", "id": 858377676, "properties": {"building": "yes", "name": "Erutthilottekunnu", "office": "government", "id": "osm-way-858377676", "osm_type": "way", "osm_id": 858377676, "category": "government", "source": "OpenStreetMap (ODbL)"}, "geometry": {"type": "Point", "coordinates": [76.1494347, 11.7206162]}}, {"type": "Feature", "id": 858378349, "properties": {"amenity": "childcare", "building": "yes", "government": "public_service", "name": "Edathil Anganavadi , Cheekkalloor", "id": "osm-way-858378349", "osm_type": "way", "osm_id": 858378349, "category": "government", "source": "OpenStreetMap (ODbL)"}, "geometry": {"type": "Point", "coordinates": [76.0913768, 11.7197998]}}, {"type": "Feature", "id": 858380905, "properties": {"building": "yes", "name": "KOLLIVAYAL ANGANWADI", "office": "government", "id": "osm-way-858380905", "osm_type": "way", "osm_id": 858380905, "category": "government", "source": "OpenStreetMap (ODbL)"}, "geometry": {"type": "Point", "coordinates": [76.0970685, 11.7143011]}}, {"type": "Feature", "id": 858386636, "properties": {"bridge": "yes", "highway": "secondary", "layer": "1", "name": "Mananthavady-Koyilery- Panamaram Road", "id": "osm-way-858386636", "osm_type": "way", "osm_id": 858386636, "category": "bridge", "source": "OpenStreetMap (ODbL)"}, "geometry": {"type": "Point", "coordinates": [76.0561548, 11.7761738]}}, {"type": "Feature", "id": 858387958, "properties": {"addr:city": "Noolpuzha", "amenity": "hospital", "healthcare": "hospital", "name": "FWC Subcentre Muthanga", "operator": "Govt of Kerala", "operator:type": "government", "id": "osm-way-858387958", "osm_type": "way", "osm_id": 858387958, "category": "hospital", "source": "OpenStreetMap (ODbL)"}, "geometry": {"type": "Point", "coordinates": [76.3580111, 11.6736841]}}, {"type": "Feature", "id": 858388776, "properties": {"addr:city": "vellamunda", "building": "yes", "government": "SCHOOL", "name": "AUP School", "office": "government", "id": "osm-way-858388776", "osm_type": "way", "osm_id": 858388776, "category": "government", "source": "OpenStreetMap (ODbL)"}, "geometry": {"type": "Point", "coordinates": [75.9557488, 11.7327972]}}, {"type": "Feature", "id": 858388848, "properties": {"bridge": "yes", "highway": "trunk", "layer": "1", "name": "Wayanad Road", "id": "osm-way-858388848", "osm_type": "way", "osm_id": 858388848, "category": "bridge", "source": "OpenStreetMap (ODbL)"}, "geometry": {"type": "Point", "coordinates": [76.0217554, 11.514235]}}, {"type": "Feature", "id": 858389223, "properties": {"addr:city": "Noolpuzha", "amenity": "hospital", "healthcare": "hospital", "name": "FWC Karassery", "operator": "Govt of Kerala", "operator:type": "government", "id": "osm-way-858389223", "osm_type": "way", "osm_id": 858389223, "category": "hospital", "source": "OpenStreetMap (ODbL)"}, "geometry": {"type": "Point", "coordinates": [76.2957861, 11.6795947]}}, {"type": "Feature", "id": 858390002, "properties": {"addr:city": "Kalloor", "amenity": "hospital", "healthcare": "hospital", "name": "FWC Kalloor", "operator": "Govt of Kerala", "operator:type": "government", "id": "osm-way-858390002", "osm_type": "way", "osm_id": 858390002, "category": "hospital", "source": "OpenStreetMap (ODbL)"}, "geometry": {"type": "Point", "coordinates": [76.3341723, 11.663969]}}, {"type": "Feature", "id": 858393681, "properties": {"amenity": "hospital", "healthcare": "hospital", "name": "Sub Centre, Kallupadi", "operator:type": "government", "id": "osm-way-858393681", "osm_type": "way", "osm_id": 858393681, "category": "hospital", "source": "OpenStreetMap (ODbL)"}, "geometry": {"type": "Point", "coordinates": [76.1504369, 11.6331409]}}, {"type": "Feature", "id": 858394011, "properties": {"building": "yes", "name": "Assistant Director of Agriculture", "office": "government", "operator": "Department", "id": "osm-way-858394011", "osm_type": "way", "osm_id": 858394011, "category": "government", "source": "OpenStreetMap (ODbL)"}, "geometry": {"type": "Point", "coordinates": [76.0835916, 11.6087593]}}, {"type": "Feature", "id": 858399991, "properties": {"building": "yes", "name": "kambalakkad anganwadi", "office": "government", "id": "osm-way-858399991", "osm_type": "way", "osm_id": 858399991, "category": "government", "source": "OpenStreetMap (ODbL)"}, "geometry": {"type": "Point", "coordinates": [76.0736414, 11.6755627]}}, {"type": "Feature", "id": 858400973, "properties": {"building": "yes", "healthcare": "centre", "name": "Health Subcentre, Kuppadithara", "id": "osm-way-858400973", "osm_type": "way", "osm_id": 858400973, "category": "clinic", "source": "OpenStreetMap (ODbL)"}, "geometry": {"type": "Point", "coordinates": [75.9986743, 11.6881723]}}, {"type": "Feature", "id": 858401734, "properties": {"amenity": "hospital", "healthcare": "hospital", "name": "Primary Health Centre Chulliode", "name:ml": "\u0d2a\u0d4d\u0d30\u0d3e\u0d25\u0d2e\u0d3f\u0d15 \u0d06\u0d30\u0d4b\u0d17\u0d4d\u0d2f \u0d15\u0d47\u0d28\u0d4d\u0d26\u0d4d\u0d30\u0d02", "id": "osm-way-858401734", "osm_type": "way", "osm_id": 858401734, "category": "hospital", "source": "OpenStreetMap (ODbL)"}, "geometry": {"type": "Point", "coordinates": [76.2561469, 11.5974854]}}, {"type": "Feature", "id": 858402810, "properties": {"amenity": "childcare", "building": "yes", "government": "yes", "name": "Pralikunnu Anganwadi", "id": "osm-way-858402810", "osm_type": "way", "osm_id": 858402810, "category": "government", "source": "OpenStreetMap (ODbL)"}, "geometry": {"type": "Point", "coordinates": [76.0869917, 11.6756846]}}, {"type": "Feature", "id": 858403341, "properties": {"amenity": "school", "name": "Government Lower Primary School,Thengumunda", "id": "osm-way-858403341", "osm_type": "way", "osm_id": 858403341, "category": "school", "source": "OpenStreetMap (ODbL)"}, "geometry": {"type": "Point", "coordinates": [75.9641008, 11.6846201]}}, {"type": "Feature", "id": 858403357, "properties": {"addr:city": "kalpetta", "amenity": "school", "name": "\u0d15\u0d3e\u0d15\u0d4d\u0d15\u0d35\u0d2f\u0d32\u0d4d\u200d \u0d38\u0d4d\u0d15\u0d4d\u0d15\u0d42\u0d33\u0d4d\u200d \u0d17\u0d4d\u0d30\u0d57\u0d23\u0d4d\u0d1f\u0d4d", "operator": "Head Master GHSS Kakkavayal", "operator:type": "government", "id": "osm-way-858403357", "osm_type": "way", "osm_id": 858403357, "category": "school", "source": "OpenStreetMap (ODbL)"}, "geometry": {"type": "Point", "coordinates": [76.1442682, 11.64781]}}, {"type": "Feature", "id": 858405043, "properties": {"building": "yes", "name": "kavadam second anganwadi", "office": "government", "id": "osm-way-858405043", "osm_type": "way", "osm_id": 858405043, "category": "government", "source": "OpenStreetMap (ODbL)"}, "geometry": {"type": "Point", "coordinates": [76.1077444, 11.7265989]}}, {"type": "Feature", "id": 858415886, "properties": {"amenity": "school", "name": "G L P SCHOOL KALPETTA OFFICE", "id": "osm-way-858415886", "osm_type": "way", "osm_id": 858415886, "category": "school", "source": "OpenStreetMap (ODbL)"}, "geometry": {"type": "Point", "coordinates": [76.0839577, 11.6082877]}}, {"type": "Feature", "id": 858415887, "properties": {"amenity": "school", "name": "G L P SCHOOL KALPETTA AUDITORIUM", "id": "osm-way-858415887", "osm_type": "way", "osm_id": 858415887, "category": "school", "source": "OpenStreetMap (ODbL)"}, "geometry": {"type": "Point", "coordinates": [76.0839352, 11.6083619]}}, {"type": "Feature", "id": 858415888, "properties": {"addr:city": "KALPETTA", "amenity": "school", "name": "GLP SCHOOL KALPETTA BUILDINGS", "id": "osm-way-858415888", "osm_type": "way", "osm_id": 858415888, "category": "school", "source": "OpenStreetMap (ODbL)"}, "geometry": {"type": "Point", "coordinates": [76.0838964, 11.6084518]}}, {"type": "Feature", "id": 858415889, "properties": {"amenity": "school", "name": "G L P SCHOOL KALPETTA", "id": "osm-way-858415889", "osm_type": "way", "osm_id": 858415889, "category": "school", "source": "OpenStreetMap (ODbL)"}, "geometry": {"type": "Point", "coordinates": [76.0840565, 11.608427]}}, {"type": "Feature", "id": 858420863, "properties": {"amenity": "hospital", "healthcare": "hospital", "name": "Family Welfare Centre Nambiyarkunnu", "id": "osm-way-858420863", "osm_type": "way", "osm_id": 858420863, "category": "hospital", "source": "OpenStreetMap (ODbL)"}, "geometry": {"type": "Point", "coordinates": [76.3152433, 11.5875999]}}, {"type": "Feature", "id": 858420864, "properties": {"amenity": "hospital", "healthcare": "hospital", "name": "health  centre nambiyarkunne", "id": "osm-way-858420864", "osm_type": "way", "osm_id": 858420864, "category": "hospital", "source": "OpenStreetMap (ODbL)"}, "geometry": {"type": "Point", "coordinates": [76.3152433, 11.5875956]}}, {"type": "Feature", "id": 858422810, "properties": {"amenity": "hospital", "healthcare": "hospital", "name": "health centre mundakolly", "id": "osm-way-858422810", "osm_type": "way", "osm_id": 858422810, "category": "hospital", "source": "OpenStreetMap (ODbL)"}, "geometry": {"type": "Point", "coordinates": [76.3233594, 11.616941]}}, {"type": "Feature", "id": 858424596, "properties": {"amenity": "hospital", "healthcare": "hospital", "name": "health centre thazhathoor", "id": "osm-way-858424596", "osm_type": "way", "osm_id": 858424596, "category": "hospital", "source": "OpenStreetMap (ODbL)"}, "geometry": {"type": "Point", "coordinates": [76.2851326, 11.6105567]}}, {"type": "Feature", "id": 858426743, "properties": {"addr:city": "MANANTHAVADY", "amenity": "hospital", "healthcare": "hospital", "name": "PILAKAVU SUB CENTER", "id": "osm-way-858426743", "osm_type": "way", "osm_id": 858426743, "category": "hospital", "source": "OpenStreetMap (ODbL)"}, "geometry": {"type": "Point", "coordinates": [75.9921753, 11.8414379]}}, {"type": "Feature", "id": 858428478, "properties": {"addr:city": "MANANTHAVADY", "amenity": "hospital", "healthcare": "hospital", "name": "KUZHINILAM SUB CENTER", "id": "osm-way-858428478", "osm_type": "way", "osm_id": 858428478, "category": "hospital", "source": "OpenStreetMap (ODbL)"}, "geometry": {"type": "Point", "coordinates": [75.9863077, 11.8197252]}}, {"type": "Feature", "id": 858429155, "properties": {"addr:city": "MANANTHAVADY", "amenity": "hospital", "healthcare": "hospital", "name": "ONDAYANGADY SUB CENTER", "id": "osm-way-858429155", "osm_type": "way", "osm_id": 858429155, "category": "hospital", "source": "OpenStreetMap (ODbL)"}, "geometry": {"type": "Point", "coordinates": [76.0278353, 11.8242874]}}, {"type": "Feature", "id": 858443520, "properties": {"building": "yes", "name": "GLPSPALUKUNNU", "office": "government", "id": "osm-way-858443520", "osm_type": "way", "osm_id": 858443520, "category": "government", "source": "OpenStreetMap (ODbL)"}, "geometry": {"type": "Point", "coordinates": [76.0475724, 11.7351145]}}, {"type": "Feature", "id": 858447355, "properties": {"addr:city": "PULPALLY", "building": "yes", "name": "ICDS PANAMARAM ADDL", "office": "government", "id": "osm-way-858447355", "osm_type": "way", "osm_id": 858447355, "category": "government", "source": "OpenStreetMap (ODbL)"}, "geometry": {"type": "Point", "coordinates": [76.1629226, 11.7832751]}}, {"type": "Feature", "id": 858449167, "properties": {"amenity": "place_of_worship", "building": "yes", "name": "muslim tomb,pulpally", "religion": "muslim", "id": "osm-way-858449167", "osm_type": "way", "osm_id": 858449167, "category": "religious", "source": "OpenStreetMap (ODbL)"}, "geometry": {"type": "Point", "coordinates": [76.1647287, 11.7969749]}}, {"type": "Feature", "id": 858451820, "properties": {"amenity": "school", "name": "GWLPS VENGAPPALLY", "id": "osm-way-858451820", "osm_type": "way", "osm_id": 858451820, "category": "school", "source": "OpenStreetMap (ODbL)"}, "geometry": {"type": "Point", "coordinates": [76.0335217, 11.6352696]}}, {"type": "Feature", "id": 858460211, "properties": {"building": "yes", "government": "education", "name": "Kazhukkottur Anganwadi", "office": "government", "id": "osm-way-858460211", "osm_type": "way", "osm_id": 858460211, "category": "government", "source": "OpenStreetMap (ODbL)"}, "geometry": {"type": "Point", "coordinates": [75.9445182, 11.8074063]}}, {"type": "Feature", "id": 858462101, "properties": {"amenity": "school", "name": "St Pauls LP School Puthiyidamkunnu", "religion": "christian", "id": "osm-way-858462101", "osm_type": "way", "osm_id": 858462101, "category": "school", "source": "OpenStreetMap (ODbL)"}, "geometry": {"type": "Point", "coordinates": [75.9809363, 11.7561623]}}, {"type": "Feature", "id": 858465615, "properties": {"amenity": "school", "name": "Government High School Cheeral", "id": "osm-way-858465615", "osm_type": "way", "osm_id": 858465615, "category": "school", "source": "OpenStreetMap (ODbL)"}, "geometry": {"type": "Point", "coordinates": [76.3145801, 11.6091034]}}, {"type": "Feature", "id": 858544909, "properties": {"amenity": "school", "name": "GUPS VELLAMUNDA PLAY GROUND", "id": "osm-way-858544909", "osm_type": "way", "osm_id": 858544909, "category": "school", "source": "OpenStreetMap (ODbL)"}, "geometry": {"type": "Point", "coordinates": [75.9351016, 11.7351407]}}, {"type": "Feature", "id": 858586504, "properties": {"amenity": "school", "name": "govt school pallikkal", "id": "osm-way-858586504", "osm_type": "way", "osm_id": 858586504, "category": "school", "source": "OpenStreetMap (ODbL)"}, "geometry": {"type": "Point", "coordinates": [75.9769118, 11.7771645]}}, {"type": "Feature", "id": 858589866, "properties": {"addr:city": "pulpally", "building": "yes", "government": "Institution", "name": "C54  56club anganavadi", "office": "government", "phone": "+91-9645412074", "id": "osm-way-858589866", "osm_type": "way", "osm_id": 858589866, "category": "government", "source": "OpenStreetMap (ODbL)"}, "geometry": {"type": "Point", "coordinates": [76.2018799, 11.7811416]}}, {"type": "Feature", "id": 858651304, "properties": {"addr:city": "sulthan bathery", "building": "yes", "government": "village_office", "name": "Village Office, Kidanganad", "office": "government", "phone": "+91-4936238783", "id": "osm-way-858651304", "osm_type": "way", "osm_id": 858651304, "category": "government", "source": "OpenStreetMap (ODbL)"}, "geometry": {"type": "Point", "coordinates": [76.2451929, 11.7323528]}}, {"type": "Feature", "id": 858788264, "properties": {"addr:city": "PULIKKAD", "amenity": "school", "government": "education", "name": "Government lp School Pulikkad", "operator:type": "government", "phone": "+919495366935", "id": "osm-way-858788264", "osm_type": "way", "osm_id": 858788264, "category": "school", "source": "OpenStreetMap (ODbL)"}, "geometry": {"type": "Point", "coordinates": [75.9836224, 11.7225263]}}, {"type": "Feature", "id": 858805031, "properties": {"addr:city": "Mananthavady", "amenity": "kindergarten", "name": "Anganvady - 104 thavinjal", "id": "osm-way-858805031", "osm_type": "way", "osm_id": 858805031, "category": "school", "source": "OpenStreetMap (ODbL)"}, "geometry": {"type": "Point", "coordinates": [75.9638072, 11.8103057]}}, {"type": "Feature", "id": 858805467, "properties": {"building": "yes", "building:levels": "6", "government": "village_office", "height": "4", "name": "Village Office, Kuppadi", "office": "government", "id": "osm-way-858805467", "osm_type": "way", "osm_id": 858805467, "category": "government", "source": "OpenStreetMap (ODbL)"}, "geometry": {"type": "Point", "coordinates": [76.2623924, 11.66988]}}, {"type": "Feature", "id": 858808751, "properties": {"addr:city": "Mundakutty", "amenity": "school", "name": "Moonlight Lower Primary School, Mundakutty", "id": "osm-way-858808751", "osm_type": "way", "osm_id": 858808751, "category": "school", "source": "OpenStreetMap (ODbL)"}, "geometry": {"type": "Point", "coordinates": [76.0081879, 11.7122734]}}, {"type": "Feature", "id": 858831309, "properties": {"amenity": "school", "name": "Vijaya High School Pulpally", "operator:type": "private_aided", "id": "osm-way-858831309", "osm_type": "way", "osm_id": 858831309, "category": "school", "source": "OpenStreetMap (ODbL)"}, "geometry": {"type": "Point", "coordinates": [76.1670588, 11.7900759]}}, {"type": "Feature", "id": 858896301, "properties": {"addr:city": "periya", "amenity": "kindergarten", "name": "Chirakolly Anganvadi Periya", "id": "osm-way-858896301", "osm_type": "way", "osm_id": 858896301, "category": "school", "source": "OpenStreetMap (ODbL)"}, "geometry": {"type": "Point", "coordinates": [75.8511391, 11.8324831]}}, {"type": "Feature", "id": 859161613, "properties": {"amenity": "hospital", "healthcare": "hospital", "name": "Sub helth center", "operator": "treatment", "operator:type": "government", "id": "osm-way-859161613", "osm_type": "way", "osm_id": 859161613, "category": "hospital", "source": "OpenStreetMap (ODbL)"}, "geometry": {"type": "Point", "coordinates": [76.0065621, 11.6370419]}}, {"type": "Feature", "id": 859161614, "properties": {"addr:city": "Kaavumannam", "building": "yes", "government": "panchayath_office", "name": "Grama Panchayath Office, Thariode", "office": "government", "operator": "government", "operator:type": "government", "phone": "+914936250435", "id": "osm-way-859161614", "osm_type": "way", "osm_id": 859161614, "category": "government", "source": "OpenStreetMap (ODbL)"}, "geometry": {"type": "Point", "coordinates": [76.0078982, 11.6381095]}}, {"type": "Feature", "id": 859164022, "properties": {"amenity": "kindergarten", "name": "Illathumoola anganvady", "id": "osm-way-859164022", "osm_type": "way", "osm_id": 859164022, "category": "school", "source": "OpenStreetMap (ODbL)"}, "geometry": {"type": "Point", "coordinates": [75.8831477, 11.7942051]}}, {"type": "Feature", "id": 859197057, "properties": {"amenity": "kindergarten", "name": "kolichal anganvady", "id": "osm-way-859197057", "osm_type": "way", "osm_id": 859197057, "category": "school", "source": "OpenStreetMap (ODbL)"}, "geometry": {"type": "Point", "coordinates": [75.8979236, 11.8184001]}}, {"type": "Feature", "id": 859250012, "properties": {"addr:city": "Mananthavady", "amenity": "kindergarten", "building": "residential", "government": "education", "name": "Karayothingal Anganvady", "phone": "+91-9496056518", "id": "osm-way-859250012", "osm_type": "way", "osm_id": 859250012, "category": "school", "source": "OpenStreetMap (ODbL)"}, "geometry": {"type": "Point", "coordinates": [75.8916751, 11.8349338]}}, {"type": "Feature", "id": 859355757, "properties": {"addr:city": "nenmenikunnu Po", "amenity": "school", "name": "Sreejaya ALPS Noolpuzha,Nenmenikunnu", "id": "osm-way-859355757", "osm_type": "way", "osm_id": 859355757, "category": "school", "source": "OpenStreetMap (ODbL)"}, "geometry": {"type": "Point", "coordinates": [76.3331101, 11.6442766]}}, {"type": "Feature", "id": 859362202, "properties": {"amenity": "school", "name": "Pazhassi Tribal Hostel school", "id": "osm-way-859362202", "osm_type": "way", "osm_id": 859362202, "category": "school", "source": "OpenStreetMap (ODbL)"}, "geometry": {"type": "Point", "coordinates": [75.835469, 11.8296012]}}, {"type": "Feature", "id": 859362206, "properties": {"amenity": "place_of_worship", "building": "yes", "name": "sree ullannur bhagavathi kshethram", "religion": "hindu", "id": "osm-way-859362206", "osm_type": "way", "osm_id": 859362206, "category": "religious", "source": "OpenStreetMap (ODbL)"}, "geometry": {"type": "Point", "coordinates": [75.8340039, 11.8291268]}}, {"type": "Feature", "id": 859362207, "properties": {"amenity": "kindergarten", "name": "choyimoola Anganwadi", "id": "osm-way-859362207", "osm_type": "way", "osm_id": 859362207, "category": "school", "source": "OpenStreetMap (ODbL)"}, "geometry": {"type": "Point", "coordinates": [75.8351062, 11.8286629]}}, {"type": "Feature", "id": 859390223, "properties": {"amenity": "kindergarten", "government": "education", "name": "Thaithal Aganavadi", "phone": "+91-9526105227", "id": "osm-way-859390223", "osm_type": "way", "osm_id": 859390223, "category": "school", "source": "OpenStreetMap (ODbL)"}, "geometry": {"type": "Point", "coordinates": [75.9314501, 11.8052793]}}, {"type": "Feature", "id": 859558129, "properties": {"amenity": "hospital", "healthcare": "hospital", "name": "Kenichira Sub Centre", "operator": "HEALTH AND FAMILY WELFARE", "operator:type": "government", "id": "osm-way-859558129", "osm_type": "way", "osm_id": 859558129, "category": "hospital", "source": "OpenStreetMap (ODbL)"}, "geometry": {"type": "Point", "coordinates": [76.150295, 11.724053]}}, {"type": "Feature", "id": 859578886, "properties": {"amenity": "kindergarten", "name": "Anganvady tholakkara no:92", "id": "osm-way-859578886", "osm_type": "way", "osm_id": 859578886, "category": "school", "source": "OpenStreetMap (ODbL)"}, "geometry": {"type": "Point", "coordinates": [75.8839543, 11.7865692]}}, {"type": "Feature", "id": 859653413, "properties": {"amenity": "kindergarten", "name": "Anganvady Karachal", "name:ml": "AGANAVADI KARACHAL", "id": "osm-way-859653413", "osm_type": "way", "osm_id": 859653413, "category": "school", "source": "OpenStreetMap (ODbL)"}, "geometry": {"type": "Point", "coordinates": [75.8978972, 11.7789028]}}, {"type": "Feature", "id": 859665964, "properties": {"addr:city": "mananthavady thalappuzha", "building": "yes", "government": "government", "name": "poyil anganvady", "office": "government", "id": "osm-way-859665964", "osm_type": "way", "osm_id": 859665964, "category": "government", "source": "OpenStreetMap (ODbL)"}, "geometry": {"type": "Point", "coordinates": [75.9415764, 11.8484033]}}, {"type": "Feature", "id": 859734516, "properties": {"addr:city": "Mananthavady", "amenity": "school", "name": "Government Lower Primary School Peechamcode", "operator:type": "government", "id": "osm-way-859734516", "osm_type": "way", "osm_id": 859734516, "category": "school", "source": "OpenStreetMap (ODbL)"}, "geometry": {"type": "Point", "coordinates": [76.0009149, 11.7493824]}}, {"type": "Feature", "id": 859756193, "properties": {"amenity": "kindergarten", "name": "Palakoly Anganvady", "id": "osm-way-859756193", "osm_type": "way", "osm_id": 859756193, "category": "school", "source": "OpenStreetMap (ODbL)"}, "geometry": {"type": "Point", "coordinates": [75.9007176, 11.8256217]}}, {"type": "Feature", "id": 859756583, "properties": {"amenity": "kindergarten", "name": "Mullal anganwadi", "id": "osm-way-859756583", "osm_type": "way", "osm_id": 859756583, "category": "school", "source": "OpenStreetMap (ODbL)"}, "geometry": {"type": "Point", "coordinates": [75.8632678, 11.8206069]}}, {"type": "Feature", "id": 859788423, "properties": {"addr:city": "Thalappuzha", "building": "yes", "government": "education", "name": "Central Exice Anganvadi", "office": "government", "id": "osm-way-859788423", "osm_type": "way", "osm_id": 859788423, "category": "government", "source": "OpenStreetMap (ODbL)"}, "geometry": {"type": "Point", "coordinates": [75.9597432, 11.8367402]}}, {"type": "Feature", "id": 860325239, "properties": {"amenity": "hospital", "healthcare": "hospital", "name": "sc valavayal", "operator": "HEALTH AND FAMILY WELFARE", "operator:type": "government", "id": "osm-way-860325239", "osm_type": "way", "osm_id": 860325239, "category": "hospital", "source": "OpenStreetMap (ODbL)"}, "geometry": {"type": "Point", "coordinates": [76.1922831, 11.7109532]}}, {"type": "Feature", "id": 860329423, "properties": {"amenity": "hospital", "healthcare": "hospital", "name": "SC Chempakapetta", "operator": "HEALTH & FAMILY WELFARE", "operator:type": "government", "id": "osm-way-860329423", "osm_type": "way", "osm_id": 860329423, "category": "hospital", "source": "OpenStreetMap (ODbL)"}, "geometry": {"type": "Point", "coordinates": [76.1212232, 11.7166626]}}, {"type": "Feature", "id": 860331857, "properties": {"amenity": "hospital", "healthcare": "hospital", "id": "osm-way-860331857", "osm_type": "way", "osm_id": 860331857, "category": "hospital", "source": "OpenStreetMap (ODbL)"}, "geometry": {"type": "Point", "coordinates": [76.1395705, 11.706231]}}, {"type": "Feature", "id": 860333431, "properties": {"amenity": "hospital", "healthcare": "hospital", "name": "SC Irulam", "operator": "HEALTH & FAMILY WELFARE", "operator:type": "government", "id": "osm-way-860333431", "osm_type": "way", "osm_id": 860333431, "category": "hospital", "source": "OpenStreetMap (ODbL)"}, "geometry": {"type": "Point", "coordinates": [76.1880769, 11.7520794]}}, {"type": "Feature", "id": 860340465, "properties": {"amenity": "hospital", "healthcare": "hospital", "name": "sc cheeyambam", "operator": "HEALTH & FAMILY WELFARE", "operator:type": "government", "id": "osm-way-860340465", "osm_type": "way", "osm_id": 860340465, "category": "hospital", "source": "OpenStreetMap (ODbL)"}, "geometry": {"type": "Point", "coordinates": [76.1995426, 11.7539235]}}, {"type": "Feature", "id": 860563640, "properties": {"building": "yes", "government": "village_office", "name": "Village Office, Irulam", "office": "government", "id": "osm-way-860563640", "osm_type": "way", "osm_id": 860563640, "category": "government", "source": "OpenStreetMap (ODbL)"}, "geometry": {"type": "Point", "coordinates": [76.1932202, 11.748914]}}, {"type": "Feature", "id": 860644472, "properties": {"building": "yes", "government": "village_office", "name": "Village Office, Valad", "office": "government", "id": "osm-way-860644472", "osm_type": "way", "osm_id": 860644472, "category": "government", "source": "OpenStreetMap (ODbL)"}, "geometry": {"type": "Point", "coordinates": [75.9025914, 11.7927926]}}, {"type": "Feature", "id": 860644473, "properties": {"building": "yes", "government": "village_office", "name": "Village Office, Periya", "office": "government", "id": "osm-way-860644473", "osm_type": "way", "osm_id": 860644473, "category": "government", "source": "OpenStreetMap (ODbL)"}, "geometry": {"type": "Point", "coordinates": [75.856746, 11.8347737]}}, {"type": "Feature", "id": 860644474, "properties": {"building": "yes", "government": "village_office", "name": "Village Office, Thavinhal", "office": "government", "id": "osm-way-860644474", "osm_type": "way", "osm_id": 860644474, "category": "government", "source": "OpenStreetMap (ODbL)"}, "geometry": {"type": "Point", "coordinates": [75.9486877, 11.8420567]}}, {"type": "Feature", "id": 860644475, "properties": {"building": "yes", "government": "village_office", "name": "Village Office, Payyampally", "office": "government", "id": "osm-way-860644475", "osm_type": "way", "osm_id": 860644475, "category": "government", "source": "OpenStreetMap (ODbL)"}, "geometry": {"type": "Point", "coordinates": [76.0533732, 11.8105233]}}, {"type": "Feature", "id": 860644476, "properties": {"building": "yes", "government": "village_office", "name": "Thirunelly Grama Panchayath Govt Homoeo Dispensary Kattikula", "office": "government", "id": "osm-way-860644476", "osm_type": "way", "osm_id": 860644476, "category": "government", "source": "OpenStreetMap (ODbL)"}, "geometry": {"type": "Point", "coordinates": [76.0665058, 11.8496442]}}, {"type": "Feature", "id": 860644477, "properties": {"building": "yes", "government": "village_office", "name": "Village Office, Thirunelly", "office": "government", "id": "osm-way-860644477", "osm_type": "way", "osm_id": 860644477, "category": "government", "source": "OpenStreetMap (ODbL)"}, "geometry": {"type": "Point", "coordinates": [76.0331937, 11.9071444]}}, {"type": "Feature", "id": 860656344, "properties": {"addr:city": "valad", "building": "yes", "government": "village_office", "name": "Village Office, Valad", "office": "government", "id": "osm-way-860656344", "osm_type": "way", "osm_id": 860656344, "category": "government", "source": "OpenStreetMap (ODbL)"}, "geometry": {"type": "Point", "coordinates": [75.9069887, 11.7949078]}}, {"type": "Feature", "id": 860779251, "properties": {"building": "yes", "government": "village_office", "name": "Village Office, Cheeral", "office": "government", "id": "osm-way-860779251", "osm_type": "way", "osm_id": 860779251, "category": "government", "source": "OpenStreetMap (ODbL)"}, "geometry": {"type": "Point", "coordinates": [76.3120005, 11.6083673]}}, {"type": "Feature", "id": 860783257, "properties": {"addr:city": "Anjukunnu", "building": "yes", "government": "village_office", "name": "Village Office, Anjukunnu", "office": "government", "id": "osm-way-860783257", "osm_type": "way", "osm_id": 860783257, "category": "government", "source": "OpenStreetMap (ODbL)"}, "geometry": {"type": "Point", "coordinates": [76.0379718, 11.7532143]}}, {"type": "Feature", "id": 860784148, "properties": {"addr:city": "Kallody", "building": "yes", "government": "village_office", "name": "Village Office, Edavaka", "office": "government", "id": "osm-way-860784148", "osm_type": "way", "osm_id": 860784148, "category": "government", "source": "OpenStreetMap (ODbL)"}, "geometry": {"type": "Point", "coordinates": [75.9635124, 11.7670408]}}, {"type": "Feature", "id": 860785400, "properties": {"addr:city": "Kanhirangad", "building": "yes", "government": "village_office", "name": "Village Office Kanghiragad", "office": "government", "id": "osm-way-860785400", "osm_type": "way", "osm_id": 860785400, "category": "government", "source": "OpenStreetMap (ODbL)"}, "geometry": {"type": "Point", "coordinates": [75.9090963, 11.7399927]}}, {"type": "Feature", "id": 860902908, "properties": {"amenity": "hospital", "healthcare": "hospital", "name": "SC Adikolly", "operator": "HEALTH&FAMILY WELFARE", "operator:type": "government", "id": "osm-way-860902908", "osm_type": "way", "osm_id": 860902908, "category": "hospital", "source": "OpenStreetMap (ODbL)"}, "geometry": {"type": "Point", "coordinates": [76.1946297, 11.7812568]}}, {"type": "Feature", "id": 860906533, "properties": {"amenity": "hospital", "healthcare": "hospital", "name": "SC Vandikkadavu", "operator": "HEALTH&FAMILY WELFARE", "operator:type": "government", "id": "osm-way-860906533", "osm_type": "way", "osm_id": 860906533, "category": "hospital", "source": "OpenStreetMap (ODbL)"}, "geometry": {"type": "Point", "coordinates": [76.2050012, 11.7849014]}}, {"type": "Feature", "id": 860934054, "properties": {"amenity": "hospital", "healthcare": "hospital", "name": "SC Kaloorkunnu", "operator": "HEALTH &FAMILY WELFARE", "operator:type": "government", "id": "osm-way-860934054", "osm_type": "way", "osm_id": 860934054, "category": "hospital", "source": "OpenStreetMap (ODbL)"}, "geometry": {"type": "Point", "coordinates": [76.2074937, 11.7051045]}}, {"type": "Feature", "id": 860946845, "properties": {"addr:city": "Krishnagiri", "building": "yes", "government": "village_office", "name": "Village Office, Krishnagiri", "office": "government", "phone": "+918547616515", "id": "osm-way-860946845", "osm_type": "way", "osm_id": 860946845, "category": "government", "source": "OpenStreetMap (ODbL)"}, "geometry": {"type": "Point", "coordinates": [76.1926429, 11.6590833]}}, {"type": "Feature", "id": 860977971, "properties": {"building": "yes", "government": "village_office", "name": "Village Office, Kaniyambetta", "office": "government", "id": "osm-way-860977971", "osm_type": "way", "osm_id": 860977971, "category": "government", "source": "OpenStreetMap (ODbL)"}, "geometry": {"type": "Point", "coordinates": [76.0805694, 11.6951368]}}, {"type": "Feature", "id": 860981129, "properties": {"building": "yes", "government": "village_office", "name": "Village Office, Ambalavayal", "office": "government", "id": "osm-way-860981129", "osm_type": "way", "osm_id": 860981129, "category": "government", "source": "OpenStreetMap (ODbL)"}, "geometry": {"type": "Point", "coordinates": [76.2108882, 11.6189589]}}, {"type": "Feature", "id": 860993726, "properties": {"amenity": "hospital", "healthcare": "hospital", "name": "SC Vakery", "operator": "HELATH &FAMILY WELFARE", "operator:type": "government", "id": "osm-way-860993726", "osm_type": "way", "osm_id": 860993726, "category": "hospital", "source": "OpenStreetMap (ODbL)"}, "geometry": {"type": "Point", "coordinates": [76.2212035, 11.6958987]}}, {"type": "Feature", "id": 860996205, "properties": {"amenity": "hospital", "healthcare": "hospital", "name": "SC  Valanchery", "operator": "HEALTH & FAMILY WELFARE", "operator:type": "government", "id": "osm-way-860996205", "osm_type": "way", "osm_id": 860996205, "category": "hospital", "source": "OpenStreetMap (ODbL)"}, "geometry": {"type": "Point", "coordinates": [76.1793089, 11.7318103]}}, {"type": "Feature", "id": 861277413, "properties": {"amenity": "hospital", "healthcare": "hospital", "name": "SC kuppady", "operator": "HEALTH & FAMILY WELFARE", "operator:type": "government", "id": "osm-way-861277413", "osm_type": "way", "osm_id": 861277413, "category": "hospital", "source": "OpenStreetMap (ODbL)"}, "geometry": {"type": "Point", "coordinates": [76.2635224, 11.6934245]}}, {"type": "Feature", "id": 861281559, "properties": {"amenity": "hospital", "healthcare": "hospital", "name": "S C Pazhery", "operator": "Health and Family Welfare", "operator:type": "government", "id": "osm-way-861281559", "osm_type": "way", "osm_id": 861281559, "category": "hospital", "source": "OpenStreetMap (ODbL)"}, "geometry": {"type": "Point", "coordinates": [76.2719625, 11.7002656]}}, {"type": "Feature", "id": 861293104, "properties": {"amenity": "hospital", "healthcare": "hospital", "id": "osm-way-861293104", "osm_type": "way", "osm_id": 861293104, "category": "hospital", "source": "OpenStreetMap (ODbL)"}, "geometry": {"type": "Point", "coordinates": [76.2374089, 11.6486041]}}, {"type": "Feature", "id": 861294471, "properties": {"amenity": "hospital", "healthcare": "hospital", "id": "osm-way-861294471", "osm_type": "way", "osm_id": 861294471, "category": "hospital", "source": "OpenStreetMap (ODbL)"}, "geometry": {"type": "Point", "coordinates": [76.2277117, 11.6775091]}}, {"type": "Feature", "id": 861296080, "properties": {"amenity": "hospital", "healthcare": "hospital", "id": "osm-way-861296080", "osm_type": "way", "osm_id": 861296080, "category": "hospital", "source": "OpenStreetMap (ODbL)"}, "geometry": {"type": "Point", "coordinates": [76.2652951, 11.6936104]}}, {"type": "Feature", "id": 861315412, "properties": {"amenity": "kindergarten", "name": "Anynickal Anganvady", "id": "osm-way-861315412", "osm_type": "way", "osm_id": 861315412, "category": "school", "source": "OpenStreetMap (ODbL)"}, "geometry": {"type": "Point", "coordinates": [75.8526049, 11.8199542]}}, {"type": "Feature", "id": 862070257, "properties": {"amenity": "kindergarten", "name": "Anerykunnu Anganvady", "id": "osm-way-862070257", "osm_type": "way", "osm_id": 862070257, "category": "school", "source": "OpenStreetMap (ODbL)"}, "geometry": {"type": "Point", "coordinates": [75.8507815, 11.8214257]}}, {"type": "Feature", "id": 862432755, "properties": {"bridge": "yes", "highway": "secondary", "id": "osm-way-862432755", "osm_type": "way", "osm_id": 862432755, "category": "bridge", "source": "OpenStreetMap (ODbL)"}, "geometry": {"type": "Point", "coordinates": [76.1095758, 11.6365432]}}, {"type": "Feature", "id": 862675030, "properties": {"building": "yes", "government": "village_office", "name": "Village Office, Muttil South", "office": "government", "id": "osm-way-862675030", "osm_type": "way", "osm_id": 862675030, "category": "government", "source": "OpenStreetMap (ODbL)"}, "geometry": {"type": "Point", "coordinates": [76.1073893, 11.6411011]}}, {"type": "Feature", "id": 862718613, "properties": {"building": "yes", "government": "village_office", "name": "Village Office, Panamaram", "office": "government", "id": "osm-way-862718613", "osm_type": "way", "osm_id": 862718613, "category": "government", "source": "OpenStreetMap (ODbL)"}, "geometry": {"type": "Point", "coordinates": [76.0725448, 11.7381111]}}, {"type": "Feature", "id": 862728422, "properties": {"building": "yes", "government": "village_office", "name": "Village Office, Nallunrnad", "office": "government", "id": "osm-way-862728422", "osm_type": "way", "osm_id": 862728422, "category": "government", "source": "OpenStreetMap (ODbL)"}, "geometry": {"type": "Point", "coordinates": [75.9912571, 11.7705557]}}, {"type": "Feature", "id": 863230480, "properties": {"addr:city": "Meenangadi", "building": "yes", "government": "panchayath_office", "name": "GramaPanchayath Office, Meenangadi", "office": "government", "id": "osm-way-863230480", "osm_type": "way", "osm_id": 863230480, "category": "government", "source": "OpenStreetMap (ODbL)"}, "geometry": {"type": "Point", "coordinates": [76.1624804, 11.6604241]}}, {"type": "Feature", "id": 863231909, "properties": {"addr:city": "Meenangadi", "building": "yes", "government": "panchayath_office", "name": "Jilla Panchayath Office, Vayanad", "office": "government", "id": "osm-way-863231909", "osm_type": "way", "osm_id": 863231909, "category": "government", "source": "OpenStreetMap (ODbL)"}, "geometry": {"type": "Point", "coordinates": [76.1657782, 11.6604719]}}, {"type": "Feature", "id": 863232173, "properties": {"addr:city": "Panamaram", "building": "yes", "government": "panchayath_office", "name": "THRIVENY PANAMARAM", "office": "government", "id": "osm-way-863232173", "osm_type": "way", "osm_id": 863232173, "category": "government", "source": "OpenStreetMap (ODbL)"}, "geometry": {"type": "Point", "coordinates": [76.0720917, 11.7399419]}}, {"type": "Feature", "id": 863252963, "properties": {"building": "yes", "government": "village_office", "name": "Village Office, Kottappady", "office": "government", "id": "osm-way-863252963", "osm_type": "way", "osm_id": 863252963, "category": "government", "source": "OpenStreetMap (ODbL)"}, "geometry": {"type": "Point", "coordinates": [76.1334916, 11.5513524]}}, {"type": "Feature", "id": 863253282, "properties": {"addr:city": "Muttil", "building": "yes", "government": "village_office", "name": "Village Office, Muttil North", "office": "government", "id": "osm-way-863253282", "osm_type": "way", "osm_id": 863253282, "category": "government", "source": "OpenStreetMap (ODbL)"}, "geometry": {"type": "Point", "coordinates": [76.1102213, 11.642924]}}, {"type": "Feature", "id": 866231312, "properties": {"bridge": "yes", "highway": "secondary", "layer": "1", "id": "osm-way-866231312", "osm_type": "way", "osm_id": 866231312, "category": "bridge", "source": "OpenStreetMap (ODbL)"}, "geometry": {"type": "Point", "coordinates": [76.1916952, 11.8540198]}}, {"type": "Feature", "id": 866231314, "properties": {"bridge": "yes", "highway": "secondary", "layer": "1", "name": "Marakkadavu Kolavalli Road", "id": "osm-way-866231314", "osm_type": "way", "osm_id": 866231314, "category": "bridge", "source": "OpenStreetMap (ODbL)"}, "geometry": {"type": "Point", "coordinates": [76.1977697, 11.8612074]}}, {"type": "Feature", "id": 866888712, "properties": {"building": "yes", "government": "panchayath_office", "name": "Grama Panchayat Office, Muppainad", "office": "government", "phone": "+91-4936217499", "website": "http://lsgkerala.in/muppainadpanchayat/", "id": "osm-way-866888712", "osm_type": "way", "osm_id": 866888712, "category": "government", "source": "OpenStreetMap (ODbL)"}, "geometry": {"type": "Point", "coordinates": [76.2241553, 11.5570779]}}, {"type": "Feature", "id": 866979399, "properties": {"addr:city": "Pozhuthana", "building": "yes", "government": "panchayath_office", "name": "Grama Panchayath Office, Pozhuthana", "office": "government", "operator": "government", "operator:type": "government", "phone": "+914936255251", "id": "osm-way-866979399", "osm_type": "way", "osm_id": 866979399, "category": "government", "source": "OpenStreetMap (ODbL)"}, "geometry": {"type": "Point", "coordinates": [76.0177955, 11.5832943]}}, {"type": "Feature", "id": 866988503, "properties": {"building": "yes", "government": "panchayath_office", "name": "Grama Panchayath Office,Ambhalavayal", "office": "government", "operator": "government", "operator:type": "government", "phone": "+914936260423", "id": "osm-way-866988503", "osm_type": "way", "osm_id": 866988503, "category": "government", "source": "OpenStreetMap (ODbL)"}, "geometry": {"type": "Point", "coordinates": [76.2115098, 11.6225758]}}, {"type": "Feature", "id": 866989706, "properties": {"addr:city": "Naikkatty", "building": "yes", "government": "panchayath_office", "name": "Grama Panchayath Office, Noolpuzha", "office": "government", "operator": "government", "operator:type": "government", "phone": "+914936270635", "id": "osm-way-866989706", "osm_type": "way", "osm_id": 866989706, "category": "government", "source": "OpenStreetMap (ODbL)"}, "geometry": {"type": "Point", "coordinates": [76.3138905, 11.6681932]}}, {"type": "Feature", "id": 868219090, "properties": {"government": "panchayath_office", "name": "Mullankolly Grama Panchayath Office", "office": "government", "id": "osm-way-868219090", "osm_type": "way", "osm_id": 868219090, "category": "government", "source": "OpenStreetMap (ODbL)"}, "geometry": {"type": "Point", "coordinates": [76.1643592, 11.8171041]}}, {"type": "Feature", "id": 868236317, "properties": {"addr:city": "Sulthan Bathery", "building": "yes", "healthcare": "clinic", "name": "Primary Helth Center", "name:ml": "\u0d2a\u0d4d\u0d30\u0d48\u0d2e\u0d31\u0d3f \u0d39\u0d46\u0d7d\u0d24\u0d4d\u0d24\u0d4d \u0d38\u0d46\u0d7b\u0d4d\u0d31\u0d7c", "id": "osm-way-868236317", "osm_type": "way", "osm_id": 868236317, "category": "clinic", "source": "OpenStreetMap (ODbL)"}, "geometry": {"type": "Point", "coordinates": [76.2419063, 11.6173358]}}, {"type": "Feature", "id": 870708184, "properties": {"amenity": "hospital", "healthcare": "hospital", "name": "SC IRIPPOOD", "operator": "HEALTH &FAMILY WELFARE", "operator:type": "government", "id": "osm-way-870708184", "osm_type": "way", "osm_id": 870708184, "category": "hospital", "source": "OpenStreetMap (ODbL)"}, "geometry": {"type": "Point", "coordinates": [76.1645833, 11.8458657]}}, {"type": "Feature", "id": 870723847, "properties": {"amenity": "hospital", "healthcare": "hospital", "name": "SC CHAAMAPPARA", "operator": "HEALTH&FAMILY WELFARE", "operator:type": "government", "id": "osm-way-870723847", "osm_type": "way", "osm_id": 870723847, "category": "hospital", "source": "OpenStreetMap (ODbL)"}, "geometry": {"type": "Point", "coordinates": [76.208872, 11.8363676]}}, {"type": "Feature", "id": 870728917, "properties": {"amenity": "hospital", "healthcare": "hospital", "name": "SC PALAKOLLY", "operator": "SC PAAPAKOLLY", "operator:type": "government", "id": "osm-way-870728917", "osm_type": "way", "osm_id": 870728917, "category": "hospital", "source": "OpenStreetMap (ODbL)"}, "geometry": {"type": "Point", "coordinates": [76.1467146, 11.8163877]}}, {"type": "Feature", "id": 872159544, "properties": {"addr:city": "Pulpally", "government": "administrative", "name": "Pulpally Grama Panchayath", "office": "government", "id": "osm-way-872159544", "osm_type": "way", "osm_id": 872159544, "category": "government", "source": "OpenStreetMap (ODbL)"}, "geometry": {"type": "Point", "coordinates": [76.1666063, 11.7896424]}}, {"type": "Feature", "id": 872163204, "properties": {"building": "yes", "government": "administrative", "name": "Grama Panchayath Office Edavaka", "office": "government", "phone": "+91 4935 240366", "id": "osm-way-872163204", "osm_type": "way", "osm_id": 872163204, "category": "government", "source": "OpenStreetMap (ODbL)"}, "geometry": {"type": "Point", "coordinates": [75.9765491, 11.7770329]}}, {"type": "Feature", "id": 877387986, "properties": {"bridge": "yes", "highway": "secondary", "layer": "1", "name": "Sulthan Bathery-Ambukuthy-Ambalavayal Road", "id": "osm-way-877387986", "osm_type": "way", "osm_id": 877387986, "category": "bridge", "source": "OpenStreetMap (ODbL)"}, "geometry": {"type": "Point", "coordinates": [76.2533107, 11.6337241]}}, {"type": "Feature", "id": 877389421, "properties": {"bridge": "yes", "highway": "residential", "layer": "1", "name": "Manivayal-malavayal Road", "id": "osm-way-877389421", "osm_type": "way", "osm_id": 877389421, "category": "bridge", "source": "OpenStreetMap (ODbL)"}, "geometry": {"type": "Point", "coordinates": [76.2537329, 11.6321445]}}, {"type": "Feature", "id": 890156940, "properties": {"addr:city": "Varadoor", "amenity": "school", "name": "Varadoor Aided UP School", "phone": "+91-4936289861", "id": "osm-way-890156940", "osm_type": "way", "osm_id": 890156940, "category": "school", "source": "OpenStreetMap (ODbL)"}, "geometry": {"type": "Point", "coordinates": [76.1012304, 11.7046363]}}, {"type": "Feature", "id": 890156945, "properties": {"amenity": "place_of_worship", "building": "yes", "name": "Ananthanatha Swami Jain Temple", "religion": "hindu", "id": "osm-way-890156945", "osm_type": "way", "osm_id": 890156945, "category": "religious", "source": "OpenStreetMap (ODbL)"}, "geometry": {"type": "Point", "coordinates": [76.1041467, 11.7054909]}}, {"type": "Feature", "id": 890907606, "properties": {"addr:city": "manathavady", "amenity": "place_of_worship", "building": "yes", "name": "st Mary's church yavanarkulam", "religion": "christian", "id": "osm-way-890907606", "osm_type": "way", "osm_id": 890907606, "category": "religious", "source": "OpenStreetMap (ODbL)"}, "geometry": {"type": "Point", "coordinates": [75.9358073, 11.7879528]}}, {"type": "Feature", "id": 891015971, "properties": {"amenity": "place_of_worship", "building": "yes", "name": "Kaniyambetta Temple", "religion": "hindu", "id": "osm-way-891015971", "osm_type": "way", "osm_id": 891015971, "category": "religious", "source": "OpenStreetMap (ODbL)"}, "geometry": {"type": "Point", "coordinates": [76.0808669, 11.6918516]}}, {"type": "Feature", "id": 891019047, "properties": {"amenity": "school", "name": "Millumukku Hayathul Islam Secondary Madrassa and ALBiRR Islamic Pre School", "id": "osm-way-891019047", "osm_type": "way", "osm_id": 891019047, "category": "school", "source": "OpenStreetMap (ODbL)"}, "geometry": {"type": "Point", "coordinates": [76.0779195, 11.7012353]}}, {"type": "Feature", "id": 891020661, "properties": {"amenity": "place_of_worship", "building": "yes", "name": "Shree Lakshmi Narasimha Swamy Temple", "religion": "hindu", "id": "osm-way-891020661", "osm_type": "way", "osm_id": 891020661, "category": "religious", "source": "OpenStreetMap (ODbL)"}, "geometry": {"type": "Point", "coordinates": [76.0797559, 11.719576]}}, {"type": "Feature", "id": 892532747, "properties": {"bridge": "yes", "highway": "secondary", "layer": "1", "name": "Thrissiley - Anappara - Karttikulam Road", "id": "osm-way-892532747", "osm_type": "way", "osm_id": 892532747, "category": "bridge", "source": "OpenStreetMap (ODbL)"}, "geometry": {"type": "Point", "coordinates": [76.0429462, 11.8469585]}}, {"type": "Feature", "id": 895422826, "properties": {"addr:city": "Cherukattoor", "building": "yes", "government": "government", "name": "village office", "office": "government", "id": "osm-way-895422826", "osm_type": "way", "osm_id": 895422826, "category": "government", "source": "OpenStreetMap (ODbL)"}, "geometry": {"type": "Point", "coordinates": [76.0613063, 11.7690085]}}, {"type": "Feature", "id": 895428581, "properties": {"amenity": "place_of_worship", "building": "yes", "name": "Assumption Forane Church Sulthan Bathery", "religion": "christian", "id": "osm-way-895428581", "osm_type": "way", "osm_id": 895428581, "category": "religious", "source": "OpenStreetMap (ODbL)"}, "geometry": {"type": "Point", "coordinates": [76.2526165, 11.6624739]}}, {"type": "Feature", "id": 895782390, "properties": {"amenity": "school", "name": "Government High School Ground, Neervarm", "id": "osm-way-895782390", "osm_type": "way", "osm_id": 895782390, "category": "school", "source": "OpenStreetMap (ODbL)"}, "geometry": {"type": "Point", "coordinates": [76.0804996, 11.7735486]}}, {"type": "Feature", "id": 896569672, "properties": {"amenity": "place_of_worship", "building": "yes", "name": "Sree Durga Devi Temple", "religion": "hindu", "id": "osm-way-896569672", "osm_type": "way", "osm_id": 896569672, "category": "religious", "source": "OpenStreetMap (ODbL)"}, "geometry": {"type": "Point", "coordinates": [76.2687004, 11.6825119]}}, {"type": "Feature", "id": 905019578, "properties": {"addr:city": "thazhe arrapetta", "amenity": "place_of_worship", "building": "church", "name": "Arrapetta juma masjid", "religion": "muslim", "id": "osm-way-905019578", "osm_type": "way", "osm_id": 905019578, "category": "religious", "source": "OpenStreetMap (ODbL)"}, "geometry": {"type": "Point", "coordinates": [76.1504612, 11.5531185]}}, {"type": "Feature", "id": 905451349, "properties": {"amenity": "place_of_worship", "building": "yes", "name": "Meppadi mosque", "religion": "muslim", "id": "osm-way-905451349", "osm_type": "way", "osm_id": 905451349, "category": "religious", "source": "OpenStreetMap (ODbL)"}, "geometry": {"type": "Point", "coordinates": [76.130307, 11.5549496]}}, {"type": "Feature", "id": 921778764, "properties": {"amenity": "place_of_worship", "building": "yes", "name": "Malakkad Sree Mahadeva Temple", "religion": "hindu", "id": "osm-way-921778764", "osm_type": "way", "osm_id": 921778764, "category": "religious", "source": "OpenStreetMap (ODbL)"}, "geometry": {"type": "Point", "coordinates": [76.1577338, 11.6445889]}}, {"type": "Feature", "id": 933786989, "properties": {"addr:city": "Meenangadi", "amenity": "hospital", "healthcare": "hospital", "layer": "1", "name": "Community Health Center", "operator": "Government", "phone": "+91 04936 247 290", "id": "osm-way-933786989", "osm_type": "way", "osm_id": 933786989, "category": "hospital", "source": "OpenStreetMap (ODbL)"}, "geometry": {"type": "Point", "coordinates": [76.1680243, 11.6645455]}}, {"type": "Feature", "id": 933790893, "properties": {"addr:city": "Meenangadi", "amenity": "police", "building": "yes", "name": "Police Station", "operator": "Government", "id": "osm-way-933790893", "osm_type": "way", "osm_id": 933790893, "category": "police", "source": "OpenStreetMap (ODbL)"}, "geometry": {"type": "Point", "coordinates": [76.1622358, 11.6604562]}}, {"type": "Feature", "id": 934312333, "properties": {"amenity": "place_of_worship", "building": "yes", "name": "St Thomas Church, Olivumala", "religion": "christian", "id": "osm-way-934312333", "osm_type": "way", "osm_id": 934312333, "category": "religious", "source": "OpenStreetMap (ODbL)"}, "geometry": {"type": "Point", "coordinates": [76.0543505, 11.5563132]}}, {"type": "Feature", "id": 934316104, "properties": {"amenity": "hospital", "healthcare": "hospital", "name": "Swami Vivekananda Medical Mission Hospital, Ambukuthi", "operator:type": "private", "id": "osm-way-934316104", "osm_type": "way", "osm_id": 934316104, "category": "hospital", "source": "OpenStreetMap (ODbL)"}, "geometry": {"type": "Point", "coordinates": [76.1106808, 11.6374888]}}, {"type": "Feature", "id": 934324157, "properties": {"building": "yes", "government": "village_office", "name": "Chundale Village Office, Chundale", "office": "government", "id": "osm-way-934324157", "osm_type": "way", "osm_id": 934324157, "category": "government", "source": "OpenStreetMap (ODbL)"}, "geometry": {"type": "Point", "coordinates": [76.0580857, 11.5744227]}}, {"type": "Feature", "id": 934369188, "properties": {"amenity": "social_facility", "building": "yes", "name": "Jeevan Jyothi Care Home, Edapetty", "id": "osm-way-934369188", "osm_type": "way", "osm_id": 934369188, "category": "community", "source": "OpenStreetMap (ODbL)"}, "geometry": {"type": "Point", "coordinates": [76.1004809, 11.633597]}}, {"type": "Feature", "id": 934389240, "properties": {"amenity": "hospital", "healthcare": "hospital", "name": "Government Ayurvedic Hospital, Kumbalad", "operator:type": "government", "id": "osm-way-934389240", "osm_type": "way", "osm_id": 934389240, "category": "hospital", "source": "OpenStreetMap (ODbL)"}, "geometry": {"type": "Point", "coordinates": [76.1019522, 11.6715407]}}, {"type": "Feature", "id": 934407017, "properties": {"amenity": "hospital", "healthcare": "hospital", "name": "Sub Centre, kumbalad", "operator:type": "government", "id": "osm-way-934407017", "osm_type": "way", "osm_id": 934407017, "category": "hospital", "source": "OpenStreetMap (ODbL)"}, "geometry": {"type": "Point", "coordinates": [76.0998896, 11.6774286]}}, {"type": "Feature", "id": 934414248, "properties": {"amenity": "hospital", "healthcare": "hospital", "name": "Sub Centre, Panangandi", "operator:type": "government", "id": "osm-way-934414248", "osm_type": "way", "osm_id": 934414248, "category": "hospital", "source": "OpenStreetMap (ODbL)"}, "geometry": {"type": "Point", "coordinates": [76.1217036, 11.6708941]}}, {"type": "Feature", "id": 934419495, "properties": {"amenity": "hospital", "healthcare": "hospital", "name": "Sub Centre, Pariyaram", "operator:type": "government", "id": "osm-way-934419495", "osm_type": "way", "osm_id": 934419495, "category": "hospital", "source": "OpenStreetMap (ODbL)"}, "geometry": {"type": "Point", "coordinates": [76.1008657, 11.6485862]}}, {"type": "Feature", "id": 934531804, "properties": {"amenity": "school", "name": "Kristu Raja School Ground, Vellarmkunnu", "id": "osm-way-934531804", "osm_type": "way", "osm_id": 934531804, "category": "school", "source": "OpenStreetMap (ODbL)"}, "geometry": {"type": "Point", "coordinates": [76.0592701, 11.5937083]}}, {"type": "Feature", "id": 935012672, "properties": {"addr:city": "Muttil", "amenity": "school", "name": "St George Lower Primary School, Kolavayal", "operator:type": "Aided", "id": "osm-way-935012672", "osm_type": "way", "osm_id": 935012672, "category": "school", "source": "OpenStreetMap (ODbL)"}, "geometry": {"type": "Point", "coordinates": [76.1205557, 11.659268]}}, {"type": "Feature", "id": 935071374, "properties": {"amenity": "college", "name": "W.M.O Arts And Science college, Muttil", "id": "osm-way-935071374", "osm_type": "way", "osm_id": 935071374, "category": "college", "source": "OpenStreetMap (ODbL)"}, "geometry": {"type": "Point", "coordinates": [76.116589, 11.6436606]}}, {"type": "Feature", "id": 935110231, "properties": {"amenity": "school", "name": "Pre-Primary School, Kallupadi", "operator:type": "government", "id": "osm-way-935110231", "osm_type": "way", "osm_id": 935110231, "category": "school", "source": "OpenStreetMap (ODbL)"}, "geometry": {"type": "Point", "coordinates": [76.1503699, 11.6341495]}}, {"type": "Feature", "id": 935448673, "properties": {"amenity": "school", "name": "W.O High School, Muttil", "id": "osm-way-935448673", "osm_type": "way", "osm_id": 935448673, "category": "school", "source": "OpenStreetMap (ODbL)"}, "geometry": {"type": "Point", "coordinates": [76.1184899, 11.6326981]}}, {"type": "Feature", "id": 935691086, "properties": {"amenity": "school", "name": "Government Lower Primary School, Edapetty", "operator:type": "government", "id": "osm-way-935691086", "osm_type": "way", "osm_id": 935691086, "category": "school", "source": "OpenStreetMap (ODbL)"}, "geometry": {"type": "Point", "coordinates": [76.0974736, 11.6334005]}}, {"type": "Feature", "id": 936313308, "properties": {"addr:city": "thavinjal", "amenity": "place_of_worship", "building": "yes", "name": "St. Mary's Church", "religion": "christian", "id": "osm-way-936313308", "osm_type": "way", "osm_id": 936313308, "category": "religious", "source": "OpenStreetMap (ODbL)"}, "geometry": {"type": "Point", "coordinates": [75.9653165, 11.8115166]}}, {"type": "Feature", "id": 936313317, "properties": {"amenity": "college", "id": "osm-way-936313317", "osm_type": "way", "osm_id": 936313317, "category": "college", "source": "OpenStreetMap (ODbL)"}, "geometry": {"type": "Point", "coordinates": [76.1369821, 11.5257386]}}, {"type": "Feature", "id": 937060171, "properties": {"amenity": "hospital", "healthcare": "hospital", "name": "Primary Health Center, Vazhavatta", "id": "osm-way-937060171", "osm_type": "way", "osm_id": 937060171, "category": "hospital", "source": "OpenStreetMap (ODbL)"}, "geometry": {"type": "Point", "coordinates": [76.1582477, 11.6214018]}}, {"type": "Feature", "id": 939336774, "properties": {"addr:city": "Ambalvayal", "amenity": "school", "name": "Government Lower Primary School Cheegavalam", "operator": "Government", "operator:type": "government", "id": "osm-way-939336774", "osm_type": "way", "osm_id": 939336774, "category": "school", "source": "OpenStreetMap (ODbL)"}, "geometry": {"type": "Point", "coordinates": [76.20923, 11.5892571]}}, {"type": "Feature", "id": 941428317, "properties": {"amenity": "hospital", "healthcare": "hospital", "name": "Family Health Centre Kottathara", "operator": "Government", "operator:type": "government", "id": "osm-way-941428317", "osm_type": "way", "osm_id": 941428317, "category": "hospital", "source": "OpenStreetMap (ODbL)"}, "geometry": {"type": "Point", "coordinates": [76.0111996, 11.6663792]}}, {"type": "Feature", "id": 941439061, "properties": {"bridge": "yes", "highway": "secondary", "layer": "1", "id": "osm-way-941439061", "osm_type": "way", "osm_id": 941439061, "category": "bridge", "source": "OpenStreetMap (ODbL)"}, "geometry": {"type": "Point", "coordinates": [76.0226777, 11.6751603]}}, {"type": "Feature", "id": 941669817, "properties": {"building": "yes", "government": "village_office", "name": "Village Office, Kottathara", "office": "government", "id": "osm-way-941669817", "osm_type": "way", "osm_id": 941669817, "category": "government", "source": "OpenStreetMap (ODbL)"}, "geometry": {"type": "Point", "coordinates": [76.0244855, 11.6788908]}}, {"type": "Feature", "id": 941669818, "properties": {"addr:city": "Kottathara", "building": "yes", "government": "ration_shop", "name": "Ration Shop, Venniyode", "id": "osm-way-941669818", "osm_type": "way", "osm_id": 941669818, "category": "government", "source": "OpenStreetMap (ODbL)"}, "geometry": {"type": "Point", "coordinates": [76.0240697, 11.6791324]}}, {"type": "Feature", "id": 942305008, "properties": {"building": "yes", "government": "village_office", "name": "Goverment Village office, Porunnanore", "office": "government", "id": "osm-way-942305008", "osm_type": "way", "osm_id": 942305008, "category": "government", "source": "OpenStreetMap (ODbL)"}, "geometry": {"type": "Point", "coordinates": [75.9795194, 11.7377586]}}, {"type": "Feature", "id": 943157218, "properties": {"amenity": "place_of_worship", "building": "yes", "name": "St.judes church", "religion": "christian", "id": "osm-way-943157218", "osm_type": "way", "osm_id": 943157218, "category": "religious", "source": "OpenStreetMap (ODbL)"}, "geometry": {"type": "Point", "coordinates": [75.9569701, 11.7467022]}}, {"type": "Feature", "id": 943157219, "properties": {"amenity": "clinic", "building": "yes", "healthcare": "clinic", "name": "ASA Clinic Vellamunda", "id": "osm-way-943157219", "osm_type": "way", "osm_id": 943157219, "category": "clinic", "source": "OpenStreetMap (ODbL)"}, "geometry": {"type": "Point", "coordinates": [75.9544155, 11.7300905]}}, {"type": "Feature", "id": 943207870, "properties": {"amenity": "kindergarten", "name": "kannothmala anganwadi", "name:ml": "\u0d15\u0d23\u0d4d\u0d23\u0d4b\u0d24\u0d4d\u0d24\u0d4d\u0d2e\u0d32 \u0d05\u0d02\u0d17\u0d7b\u0d35\u0d3e\u0d1f\u0d3f", "id": "osm-way-943207870", "osm_type": "way", "osm_id": 943207870, "category": "school", "source": "OpenStreetMap (ODbL)"}, "geometry": {"type": "Point", "coordinates": [75.9240513, 11.8304367]}}, {"type": "Feature", "id": 943207871, "properties": {"amenity": "shelter", "building": "yes", "name": "bus stop", "shelter_type": "public_transport", "id": "osm-way-943207871", "osm_type": "way", "osm_id": 943207871, "category": "shelter_structure", "source": "OpenStreetMap (ODbL)"}, "geometry": {"type": "Point", "coordinates": [75.9302645, 11.8373623]}}, {"type": "Feature", "id": 943949444, "properties": {"amenity": "kindergarten", "name": "Anganwadi thalapuzha poyil", "id": "osm-way-943949444", "osm_type": "way", "osm_id": 943949444, "category": "school", "source": "OpenStreetMap (ODbL)"}, "geometry": {"type": "Point", "coordinates": [75.9413383, 11.8472041]}}, {"type": "Feature", "id": 944104951, "properties": {"addr:city": "Thalappuzha", "amenity": "kindergarten", "name": "kaithakolly anganwadi", "operator": "vijayalakshmi P", "id": "osm-way-944104951", "osm_type": "way", "osm_id": 944104951, "category": "school", "source": "OpenStreetMap (ODbL)"}, "geometry": {"type": "Point", "coordinates": [75.943753, 11.8624184]}}, {"type": "Feature", "id": 944104952, "properties": {"amenity": "shelter", "building": "yes", "name": "bus stop", "shelter_type": "public_transport", "id": "osm-way-944104952", "osm_type": "way", "osm_id": 944104952, "category": "shelter_structure", "source": "OpenStreetMap (ODbL)"}, "geometry": {"type": "Point", "coordinates": [75.9436295, 11.8623462]}}, {"type": "Feature", "id": 944104953, "properties": {"bridge": "yes", "highway": "unclassified", "layer": "1", "name": "kaithakolly kambamala bridge", "id": "osm-way-944104953", "osm_type": "way", "osm_id": 944104953, "category": "bridge", "source": "OpenStreetMap (ODbL)"}, "geometry": {"type": "Point", "coordinates": [75.9431529, 11.864613]}}, {"type": "Feature", "id": 944112263, "properties": {"addr:city": "thalapuzha", "amenity": "kindergarten", "name": "anganwadi makkimala", "id": "osm-way-944112263", "osm_type": "way", "osm_id": 944112263, "category": "school", "source": "OpenStreetMap (ODbL)"}, "geometry": {"type": "Point", "coordinates": [75.9514647, 11.8697692]}}, {"type": "Feature", "id": 944112264, "properties": {"addr:city": "thalapuzha", "building": "yes", "name": "tribal-forest conservation office", "office": "government", "id": "osm-way-944112264", "osm_type": "way", "osm_id": 944112264, "category": "government", "source": "OpenStreetMap (ODbL)"}, "geometry": {"type": "Point", "coordinates": [75.9506801, 11.8687823]}}, {"type": "Feature", "id": 944712716, "properties": {"amenity": "place_of_worship", "building": "yes", "name": "Kandoth Mahavishnu Temple", "religion": "hindu", "id": "osm-way-944712716", "osm_type": "way", "osm_id": 944712716, "category": "religious", "source": "OpenStreetMap (ODbL)"}, "geometry": {"type": "Point", "coordinates": [75.9922194, 11.752343]}}, {"type": "Feature", "id": 945818279, "properties": {"bridge": "yes", "highway": "secondary", "layer": "1", "name": "Thariode Vattoth Road", "id": "osm-way-945818279", "osm_type": "way", "osm_id": 945818279, "category": "bridge", "source": "OpenStreetMap (ODbL)"}, "geometry": {"type": "Point", "coordinates": [76.0271509, 11.6813701]}}, {"type": "Feature", "id": 945980253, "properties": {"addr:city": "Thalappuzha", "amenity": "kindergarten", "name": "Anganwadi thalappuzha", "id": "osm-way-945980253", "osm_type": "way", "osm_id": 945980253, "category": "school", "source": "OpenStreetMap (ODbL)"}, "geometry": {"type": "Point", "coordinates": [75.9605067, 11.8362696]}}, {"type": "Feature", "id": 945980254, "properties": {"addr:city": "thalapuzha", "amenity": "kindergarten", "name": "Anganwadi", "id": "osm-way-945980254", "osm_type": "way", "osm_id": 945980254, "category": "school", "source": "OpenStreetMap (ODbL)"}, "geometry": {"type": "Point", "coordinates": [75.9585758, 11.8240269]}}, {"type": "Feature", "id": 945980256, "properties": {"addr:city": "thalapuzha", "building": "yes", "name": "office of Tribal extension officer", "office": "government", "id": "osm-way-945980256", "osm_type": "way", "osm_id": 945980256, "category": "government", "source": "OpenStreetMap (ODbL)"}, "geometry": {"type": "Point", "coordinates": [75.9571438, 11.8345016]}}, {"type": "Feature", "id": 946204059, "properties": {"building": "yes", "healthcare": "centre", "name": "health sub-centre thavinjal", "operator": "aasha worker", "id": "osm-way-946204059", "osm_type": "way", "osm_id": 946204059, "category": "clinic", "source": "OpenStreetMap (ODbL)"}, "geometry": {"type": "Point", "coordinates": [75.9627526, 11.8110662]}}, {"type": "Feature", "id": 946204065, "properties": {"addr:city": "muthireri", "amenity": "kindergarten", "name": "anganwadi muthireri", "id": "osm-way-946204065", "osm_type": "way", "osm_id": 946204065, "category": "school", "source": "OpenStreetMap (ODbL)"}, "geometry": {"type": "Point", "coordinates": [75.9536438, 11.7990304]}}, {"type": "Feature", "id": 948330741, "properties": {"addr:city": "Porur", "amenity": "kindergarten", "name": "anganwadi yavanarkulam", "operator": "usha", "id": "osm-way-948330741", "osm_type": "way", "osm_id": 948330741, "category": "school", "source": "OpenStreetMap (ODbL)"}, "geometry": {"type": "Point", "coordinates": [75.9364021, 11.7913653]}}, {"type": "Feature", "id": 948330742, "properties": {"amenity": "school", "name": "St Marys Bethany English Medium School", "id": "osm-way-948330742", "osm_type": "way", "osm_id": 948330742, "category": "school", "source": "OpenStreetMap (ODbL)"}, "geometry": {"type": "Point", "coordinates": [75.9374842, 11.7911116]}}, {"type": "Feature", "id": 948338695, "properties": {"amenity": "kindergarten", "name": "Arola anganvadi", "name:ml": "\u0d06\u0d31\u0d4b\u0d32 \u0d05\u0d02\u0d17\u0d7b\u0d35\u0d3e\u0d1f\u0d3f", "id": "osm-way-948338695", "osm_type": "way", "osm_id": 948338695, "category": "school", "source": "OpenStreetMap (ODbL)"}, "geometry": {"type": "Point", "coordinates": [75.9234345, 11.79116]}}, {"type": "Feature", "id": 948921094, "properties": {"building": "yes", "healthcare": "clinic", "name": "Government Ayurvedic Dispensary Alattil", "id": "osm-way-948921094", "osm_type": "way", "osm_id": 948921094, "category": "clinic", "source": "OpenStreetMap (ODbL)"}, "geometry": {"type": "Point", "coordinates": [75.8668173, 11.8066993]}}, {"type": "Feature", "id": 948921097, "properties": {"addr:city": "valad", "amenity": "kindergarten", "name": "anganwadi kottakolly", "id": "osm-way-948921097", "osm_type": "way", "osm_id": 948921097, "category": "school", "source": "OpenStreetMap (ODbL)"}, "geometry": {"type": "Point", "coordinates": [75.9071369, 11.802948]}}, {"type": "Feature", "id": 948921100, "properties": {"amenity": "school", "name": "Government Tribal Higher Secondary school", "id": "osm-way-948921100", "osm_type": "way", "osm_id": 948921100, "category": "school", "source": "OpenStreetMap (ODbL)"}, "geometry": {"type": "Point", "coordinates": [75.9023402, 11.8130679]}}, {"type": "Feature", "id": 948921102, "properties": {"addr:city": "varayal", "amenity": "kindergarten", "name": "anganwadi  varayal 56", "id": "osm-way-948921102", "osm_type": "way", "osm_id": 948921102, "category": "school", "source": "OpenStreetMap (ODbL)"}, "geometry": {"type": "Point", "coordinates": [75.8991414, 11.8390311]}}, {"type": "Feature", "id": 950165421, "properties": {"addr:city": "KENICHIRA", "amenity": "place_of_worship", "building": "yes", "name": "Kenichira Juma Masjid", "religion": "muslim", "id": "osm-way-950165421", "osm_type": "way", "osm_id": 950165421, "category": "religious", "source": "OpenStreetMap (ODbL)"}, "geometry": {"type": "Point", "coordinates": [76.1510011, 11.7231702]}}, {"type": "Feature", "id": 952076991, "properties": {"addr:city": "Kenichira", "building": "yes", "government": "panchayath_office", "name": "Grama Panchayath Office, Poothadi", "office": "government", "id": "osm-way-952076991", "osm_type": "way", "osm_id": 952076991, "category": "government", "source": "OpenStreetMap (ODbL)"}, "geometry": {"type": "Point", "coordinates": [76.1530726, 11.7238094]}}, {"type": "Feature", "id": 952102711, "properties": {"addr:city": "Kenichira", "amenity": "school", "name": "Infant Jesus School, Kenichira", "id": "osm-way-952102711", "osm_type": "way", "osm_id": 952102711, "category": "school", "source": "OpenStreetMap (ODbL)"}, "geometry": {"type": "Point", "coordinates": [76.1471953, 11.7254628]}}, {"type": "Feature", "id": 952104319, "properties": {"addr:city": "Kenichira", "amenity": "hospital", "healthcare": "hospital", "name": "Family Health Center, Poothadi", "operator": "Department of Health and Family Welfare", "operator:type": "government", "id": "osm-way-952104319", "osm_type": "way", "osm_id": 952104319, "category": "hospital", "source": "OpenStreetMap (ODbL)"}, "geometry": {"type": "Point", "coordinates": [76.1484157, 11.7253588]}}, {"type": "Feature", "id": 952219723, "properties": {"addr:city": "Kenichira", "amenity": "police", "building": "yes", "name": "Police Station, Kenichira", "id": "osm-way-952219723", "osm_type": "way", "osm_id": 952219723, "category": "police", "source": "OpenStreetMap (ODbL)"}, "geometry": {"type": "Point", "coordinates": [76.1436174, 11.7241182]}}, {"type": "Feature", "id": 952222875, "properties": {"amenity": "shelter", "building": "yes", "shelter_type": "public_transport", "id": "osm-way-952222875", "osm_type": "way", "osm_id": 952222875, "category": "shelter_structure", "source": "OpenStreetMap (ODbL)"}, "geometry": {"type": "Point", "coordinates": [76.1548242, 11.7190036]}}, {"type": "Feature", "id": 952226561, "properties": {"addr:city": "Kenichira", "amenity": "place_of_worship", "building": "yes", "name": "Sree Durga Paradhevatha Kshethram, Panappadikavala", "religion": "hindu", "id": "osm-way-952226561", "osm_type": "way", "osm_id": 952226561, "category": "religious", "source": "OpenStreetMap (ODbL)"}, "geometry": {"type": "Point", "coordinates": [76.1558246, 11.7290198]}}, {"type": "Feature", "id": 952229225, "properties": {"addr:city": "Kenichira", "amenity": "place_of_worship", "building": "yes", "name": "Gurumandhiram", "religion": "hindu", "id": "osm-way-952229225", "osm_type": "way", "osm_id": 952229225, "category": "religious", "source": "OpenStreetMap (ODbL)"}, "geometry": {"type": "Point", "coordinates": [76.1635773, 11.7357738]}}, {"type": "Feature", "id": 956034372, "properties": {"bridge": "yes", "layer": "1", "name": "Vattavayal check dam", "waterway": "weir", "id": "osm-way-956034372", "osm_type": "way", "osm_id": 956034372, "category": "weir", "source": "OpenStreetMap (ODbL)"}, "geometry": {"type": "Point", "coordinates": [76.0355479, 11.5595951]}}, {"type": "Feature", "id": 956040240, "properties": {"amenity": "shelter", "building": "yes", "shelter_type": "public_transport", "id": "osm-way-956040240", "osm_type": "way", "osm_id": 956040240, "category": "shelter_structure", "source": "OpenStreetMap (ODbL)"}, "geometry": {"type": "Point", "coordinates": [76.0389484, 11.5565316]}}, {"type": "Feature", "id": 956358934, "properties": {"amenity": "place_of_worship", "building": "yes", "name": "St Mary's Church", "id": "osm-way-956358934", "osm_type": "way", "osm_id": 956358934, "category": "religious", "source": "OpenStreetMap (ODbL)"}, "geometry": {"type": "Point", "coordinates": [76.0396518, 11.548654]}}, {"type": "Feature", "id": 958363383, "properties": {"amenity": "place_of_worship", "building": "yes", "name": "St.George Malankara Church", "religion": "christian", "id": "osm-way-958363383", "osm_type": "way", "osm_id": 958363383, "category": "religious", "source": "OpenStreetMap (ODbL)"}, "geometry": {"type": "Point", "coordinates": [76.2230259, 11.6351526]}}, {"type": "Feature", "id": 958364020, "properties": {"amenity": "place_of_worship", "building": "yes", "name": "kuppakkolly mosque", "religion": "muslim", "id": "osm-way-958364020", "osm_type": "way", "osm_id": 958364020, "category": "religious", "source": "OpenStreetMap (ODbL)"}, "geometry": {"type": "Point", "coordinates": [76.219385, 11.6353055]}}, {"type": "Feature", "id": 958366551, "properties": {"amenity": "place_of_worship", "building": "yes", "name": "St.George Orthdox Church ,Ayiramkolly", "religion": "christian", "id": "osm-way-958366551", "osm_type": "way", "osm_id": 958366551, "category": "religious", "source": "OpenStreetMap (ODbL)"}, "geometry": {"type": "Point", "coordinates": [76.2137807, 11.6301742]}}, {"type": "Feature", "id": 958370204, "properties": {"amenity": "place_of_worship", "building": "yes", "name": "Sacred Heart Church Ambalavayal", "religion": "christian", "id": "osm-way-958370204", "osm_type": "way", "osm_id": 958370204, "category": "religious", "source": "OpenStreetMap (ODbL)"}, "geometry": {"type": "Point", "coordinates": [76.210177, 11.6247854]}}, {"type": "Feature", "id": 958373329, "properties": {"amenity": "place_of_worship", "building": "yes", "name": "St. Martin De Pores Church, Ambalavayal", "religion": "christian", "id": "osm-way-958373329", "osm_type": "way", "osm_id": 958373329, "category": "religious", "source": "OpenStreetMap (ODbL)"}, "geometry": {"type": "Point", "coordinates": [76.2113456, 11.6230477]}}, {"type": "Feature", "id": 958567374, "properties": {"amenity": "place_of_worship", "building": "yes", "name": "Sree Mariyamman Temple", "religion": "hindu", "id": "osm-way-958567374", "osm_type": "way", "osm_id": 958567374, "category": "religious", "source": "OpenStreetMap (ODbL)"}, "geometry": {"type": "Point", "coordinates": [76.1281709, 11.648452]}}, {"type": "Feature", "id": 958569428, "properties": {"amenity": "place_of_worship", "building": "yes", "name": "Kallupadi Sree Subhramanya Temple", "religion": "hindu", "id": "osm-way-958569428", "osm_type": "way", "osm_id": 958569428, "category": "religious", "source": "OpenStreetMap (ODbL)"}, "geometry": {"type": "Point", "coordinates": [76.1495738, 11.6343289]}}, {"type": "Feature", "id": 959081869, "properties": {"amenity": "hospital", "healthcare": "hospital", "name": "Primary Health Centre Sugandhagiri", "id": "osm-way-959081869", "osm_type": "way", "osm_id": 959081869, "category": "hospital", "source": "OpenStreetMap (ODbL)"}, "geometry": {"type": "Point", "coordinates": [76.0029387, 11.5506596]}}, {"type": "Feature", "id": 959659385, "properties": {"amenity": "kindergarten", "building": "yes", "name": "Pookode Diary Anganawadi, Pookode", "id": "osm-way-959659385", "osm_type": "way", "osm_id": 959659385, "category": "school", "source": "OpenStreetMap (ODbL)"}, "geometry": {"type": "Point", "coordinates": [76.0246589, 11.5330245]}}, {"type": "Feature", "id": 959707805, "properties": {"amenity": "kindergarten", "building": "yes", "name": "Mullanpara Anganwadi, Mullanpara", "id": "osm-way-959707805", "osm_type": "way", "osm_id": 959707805, "category": "school", "source": "OpenStreetMap (ODbL)"}, "geometry": {"type": "Point", "coordinates": [76.0374037, 11.5303676]}}, {"type": "Feature", "id": 960661790, "properties": {"amenity": "hospital", "healthcare": "hospital", "name": "District Hospital Mananthavady", "operator": "Department of Health and Family Welfare", "operator:type": "government", "id": "osm-way-960661790", "osm_type": "way", "osm_id": 960661790, "category": "hospital", "source": "OpenStreetMap (ODbL)"}, "geometry": {"type": "Point", "coordinates": [76.0012011, 11.8003707]}}, {"type": "Feature", "id": 960676513, "properties": {"amenity": "school", "name": "NSS Higher Secondary School", "id": "osm-way-960676513", "osm_type": "way", "osm_id": 960676513, "category": "school", "source": "OpenStreetMap (ODbL)"}, "geometry": {"type": "Point", "coordinates": [76.0816181, 11.5971392]}}, {"type": "Feature", "id": 960930332, "properties": {"amenity": "kindergarten", "name": "Edamana anganwadi", "id": "osm-way-960930332", "osm_type": "way", "osm_id": 960930332, "category": "school", "source": "OpenStreetMap (ODbL)"}, "geometry": {"type": "Point", "coordinates": [75.9163087, 11.8251845]}}, {"type": "Feature", "id": 960930336, "properties": {"amenity": "kindergarten", "name": "kappattumala anganwadi", "id": "osm-way-960930336", "osm_type": "way", "osm_id": 960930336, "category": "school", "source": "OpenStreetMap (ODbL)"}, "geometry": {"type": "Point", "coordinates": [75.8847254, 11.8276039]}}, {"type": "Feature", "id": 960930338, "properties": {"addr:city": "periya", "amenity": "kindergarten", "name": "smart anganwadi karayonttingal", "id": "osm-way-960930338", "osm_type": "way", "osm_id": 960930338, "category": "school", "source": "OpenStreetMap (ODbL)"}, "geometry": {"type": "Point", "coordinates": [75.8922938, 11.834828]}}, {"type": "Feature", "id": 960930340, "properties": {"addr:city": "periya", "building": "yes", "government": "yes", "name": "village office periya", "office": "government", "id": "osm-way-960930340", "osm_type": "way", "osm_id": 960930340, "category": "government", "source": "OpenStreetMap (ODbL)"}, "geometry": {"type": "Point", "coordinates": [75.85722, 11.8362915]}}, {"type": "Feature", "id": 960962268, "properties": {"amenity": "kindergarten", "name": "anganwadi chapparamkunnu", "id": "osm-way-960962268", "osm_type": "way", "osm_id": 960962268, "category": "school", "source": "OpenStreetMap (ODbL)"}, "geometry": {"type": "Point", "coordinates": [75.8506614, 11.841043]}}, {"type": "Feature", "id": 960962271, "properties": {"amenity": "kindergarten", "name": "Anganwadi Periya 36", "operator": "vijayakumari teacher", "id": "osm-way-960962271", "osm_type": "way", "osm_id": 960962271, "category": "school", "source": "OpenStreetMap (ODbL)"}, "geometry": {"type": "Point", "coordinates": [75.8602738, 11.8311483]}}, {"type": "Feature", "id": 961072798, "properties": {"amenity": "school", "name": "Government Higher Secondary School, Vythiri", "id": "osm-way-961072798", "osm_type": "way", "osm_id": 961072798, "category": "school", "source": "OpenStreetMap (ODbL)"}, "geometry": {"type": "Point", "coordinates": [76.0435682, 11.5504553]}}, {"type": "Feature", "id": 961301820, "properties": {"building": "yes", "name": "Forest Range Office, Lakkidi", "office": "government", "id": "osm-way-961301820", "osm_type": "way", "osm_id": 961301820, "category": "government", "source": "OpenStreetMap (ODbL)"}, "geometry": {"type": "Point", "coordinates": [76.0211087, 11.5172555]}}, {"type": "Feature", "id": 961316476, "properties": {"building": "yes", "name": "Sub Registar Office, Vythiri", "office": "government", "id": "osm-way-961316476", "osm_type": "way", "osm_id": 961316476, "category": "government", "source": "OpenStreetMap (ODbL)"}, "geometry": {"type": "Point", "coordinates": [76.0400389, 11.5496565]}}, {"type": "Feature", "id": 961365260, "properties": {"amenity": "school", "id": "osm-way-961365260", "osm_type": "way", "osm_id": 961365260, "category": "school", "source": "OpenStreetMap (ODbL)"}, "geometry": {"type": "Point", "coordinates": [75.8507931, 11.8345131]}}, {"type": "Feature", "id": 961365262, "properties": {"addr:city": "periya", "building": "yes", "name": "forest office", "office": "government", "id": "osm-way-961365262", "osm_type": "way", "osm_id": 961365262, "category": "government", "source": "OpenStreetMap (ODbL)"}, "geometry": {"type": "Point", "coordinates": [75.8426266, 11.830766]}}, {"type": "Feature", "id": 961365267, "properties": {"addr:city": "periya", "amenity": "kindergarten", "name": "anganwadi thazhe periya", "id": "osm-way-961365267", "osm_type": "way", "osm_id": 961365267, "category": "school", "source": "OpenStreetMap (ODbL)"}, "geometry": {"type": "Point", "coordinates": [75.8357764, 11.8362106]}}, {"type": "Feature", "id": 961483802, "properties": {"addr:city": "alattil", "amenity": "kindergarten", "name": "alattil anganwadi", "id": "osm-way-961483802", "osm_type": "way", "osm_id": 961483802, "category": "school", "source": "OpenStreetMap (ODbL)"}, "geometry": {"type": "Point", "coordinates": [75.8714567, 11.8078384]}}, {"type": "Feature", "id": 961503475, "properties": {"addr:city": "valad", "amenity": "kindergarten", "name": "Anganwadi Valad", "id": "osm-way-961503475", "osm_type": "way", "osm_id": 961503475, "category": "school", "source": "OpenStreetMap (ODbL)"}, "geometry": {"type": "Point", "coordinates": [75.9020864, 11.7921556]}}, {"type": "Feature", "id": 961503477, "properties": {"amenity": "kindergarten", "name": "Kottakolly Anganwadi", "id": "osm-way-961503477", "osm_type": "way", "osm_id": 961503477, "category": "school", "source": "OpenStreetMap (ODbL)"}, "geometry": {"type": "Point", "coordinates": [75.8940994, 11.8099586]}}, {"type": "Feature", "id": 961503478, "properties": {"amenity": "kindergarten", "name": "edathana Anganwadi", "id": "osm-way-961503478", "osm_type": "way", "osm_id": 961503478, "category": "school", "source": "OpenStreetMap (ODbL)"}, "geometry": {"type": "Point", "coordinates": [75.9012604, 11.8132818]}}, {"type": "Feature", "id": 961513055, "properties": {"addr:city": "valad", "amenity": "kindergarten", "name": "Puthurangaadi Anganwadi", "id": "osm-way-961513055", "osm_type": "way", "osm_id": 961513055, "category": "school", "source": "OpenStreetMap (ODbL)"}, "geometry": {"type": "Point", "coordinates": [75.912566, 11.7912295]}}, {"type": "Feature", "id": 961552965, "properties": {"amenity": "kindergarten", "name": "Chungam Anganwadi", "id": "osm-way-961552965", "osm_type": "way", "osm_id": 961552965, "category": "school", "source": "OpenStreetMap (ODbL)"}, "geometry": {"type": "Point", "coordinates": [75.9476457, 11.8415053]}}, {"type": "Feature", "id": 961552973, "properties": {"addr:city": "Varayal", "amenity": "kindergarten", "name": "Varayal jyothi anganwadi", "id": "osm-way-961552973", "osm_type": "way", "osm_id": 961552973, "category": "school", "source": "OpenStreetMap (ODbL)"}, "geometry": {"type": "Point", "coordinates": [75.9016341, 11.8391088]}}, {"type": "Feature", "id": 961710025, "properties": {"building": "yes", "name": "Treasury, Vythiri", "office": "government", "id": "osm-way-961710025", "osm_type": "way", "osm_id": 961710025, "category": "government", "source": "OpenStreetMap (ODbL)"}, "geometry": {"type": "Point", "coordinates": [76.0394616, 11.5496593]}}, {"type": "Feature", "id": 962090179, "properties": {"addr:city": "thalapuzha", "building": "yes", "name": "Thavinhal Village Office", "office": "government", "id": "osm-way-962090179", "osm_type": "way", "osm_id": 962090179, "category": "government", "source": "OpenStreetMap (ODbL)"}, "geometry": {"type": "Point", "coordinates": [75.9480899, 11.8421654]}}, {"type": "Feature", "id": 962260845, "properties": {"amenity": "hospital", "healthcare": "hospital", "name": "Chyavana Ayur Retreat Ayurveda Hospital Thekkumthara", "id": "osm-way-962260845", "osm_type": "way", "osm_id": 962260845, "category": "hospital", "source": "OpenStreetMap (ODbL)"}, "geometry": {"type": "Point", "coordinates": [76.0393251, 11.6474434]}}, {"type": "Feature", "id": 962335204, "properties": {"building": "yes", "name": "Thekkumthira, vetinary dispensery", "office": "government", "id": "osm-way-962335204", "osm_type": "way", "osm_id": 962335204, "category": "government", "source": "OpenStreetMap (ODbL)"}, "geometry": {"type": "Point", "coordinates": [76.0405059, 11.6496007]}}, {"type": "Feature", "id": 962569914, "properties": {"amenity": "school", "building": "yes", "id": "osm-way-962569914", "osm_type": "way", "osm_id": 962569914, "category": "school", "source": "OpenStreetMap (ODbL)"}, "geometry": {"type": "Point", "coordinates": [76.0239881, 11.5509827]}}, {"type": "Feature", "id": 963191231, "properties": {"amenity": "school", "name": "S A Lower Primary School,Kottathara", "id": "osm-way-963191231", "osm_type": "way", "osm_id": 963191231, "category": "school", "source": "OpenStreetMap (ODbL)"}, "geometry": {"type": "Point", "coordinates": [76.0578426, 11.6595041]}}, {"type": "Feature", "id": 963197755, "properties": {"addr:city": "Kottathara", "amenity": "school", "name": "Government Vocational Higher Secondary School, Karimkutty", "operator": "Government", "operator:type": "government", "id": "osm-way-963197755", "osm_type": "way", "osm_id": 963197755, "category": "school", "source": "OpenStreetMap (ODbL)"}, "geometry": {"type": "Point", "coordinates": [76.0606523, 11.6607231]}}, {"type": "Feature", "id": 963341995, "properties": {"building": "yes", "government": "panchayath_office", "name": "Grama Panchayath Office, Kottathara", "office": "government", "wikidata": "Q20577752", "id": "osm-way-963341995", "osm_type": "way", "osm_id": 963341995, "category": "government", "source": "OpenStreetMap (ODbL)"}, "geometry": {"type": "Point", "coordinates": [76.0234192, 11.6793824]}}, {"type": "Feature", "id": 963941293, "properties": {"amenity": "hospital", "healthcare": "hospital", "name": "Sub Center , Karinkutty", "operator": "Government", "operator:type": "government", "id": "osm-way-963941293", "osm_type": "way", "osm_id": 963941293, "category": "hospital", "source": "OpenStreetMap (ODbL)"}, "geometry": {"type": "Point", "coordinates": [76.0616799, 11.6596766]}}, {"type": "Feature", "id": 964017412, "properties": {"amenity": "doctors", "building": "yes", "healthcare": "doctor", "name": "Sub Center , Kurumbalakkotta", "id": "osm-way-964017412", "osm_type": "way", "osm_id": 964017412, "category": "clinic", "source": "OpenStreetMap (ODbL)"}, "geometry": {"type": "Point", "coordinates": [76.0323896, 11.6896618]}}, {"type": "Feature", "id": 968091904, "properties": {"amenity": "school", "name": "Kandathuvayal school ground", "id": "osm-way-968091904", "osm_type": "way", "osm_id": 968091904, "category": "school", "source": "OpenStreetMap (ODbL)"}, "geometry": {"type": "Point", "coordinates": [75.9176146, 11.7393204]}}, {"type": "Feature", "id": 968498762, "properties": {"amenity": "community_centre", "building": "yes", "name": "Achappan Memmorial Community Center", "id": "osm-way-968498762", "osm_type": "way", "osm_id": 968498762, "category": "community", "source": "OpenStreetMap (ODbL)"}, "geometry": {"type": "Point", "coordinates": [76.0476676, 11.6803418]}}, {"type": "Feature", "id": 968498763, "properties": {"amenity": "community_centre", "building": "yes", "name": "Kappukolly Scheduled Tribe Community Center", "id": "osm-way-968498763", "osm_type": "way", "osm_id": 968498763, "category": "community", "source": "OpenStreetMap (ODbL)"}, "geometry": {"type": "Point", "coordinates": [76.0594678, 11.6761732]}}, {"type": "Feature", "id": 968673998, "properties": {"amenity": "community_centre", "building": "yes", "name": "Kallatti Community Center", "id": "osm-way-968673998", "osm_type": "way", "osm_id": 968673998, "category": "community", "source": "OpenStreetMap (ODbL)"}, "geometry": {"type": "Point", "coordinates": [76.0212443, 11.6615003]}}, {"type": "Feature", "id": 969496552, "properties": {"amenity": "community_centre", "building": "yes", "name": "Dharappan Memmorial Community Center", "id": "osm-way-969496552", "osm_type": "way", "osm_id": 969496552, "category": "community", "source": "OpenStreetMap (ODbL)"}, "geometry": {"type": "Point", "coordinates": [76.0132067, 11.6784852]}}, {"type": "Feature", "id": 970900513, "properties": {"bridge": "yes", "highway": "tertiary", "layer": "1", "id": "osm-way-970900513", "osm_type": "way", "osm_id": 970900513, "category": "bridge", "source": "OpenStreetMap (ODbL)"}, "geometry": {"type": "Point", "coordinates": [76.2215792, 11.621675]}}, {"type": "Feature", "id": 970900515, "properties": {"bridge": "yes", "highway": "tertiary", "layer": "1", "id": "osm-way-970900515", "osm_type": "way", "osm_id": 970900515, "category": "bridge", "source": "OpenStreetMap (ODbL)"}, "geometry": {"type": "Point", "coordinates": [76.2230026, 11.6226974]}}, {"type": "Feature", "id": 974590701, "properties": {"amenity": "college", "name": "St.mary's College Meenangadi", "id": "osm-way-974590701", "osm_type": "way", "osm_id": 974590701, "category": "college", "source": "OpenStreetMap (ODbL)"}, "geometry": {"type": "Point", "coordinates": [76.1720437, 11.662915]}}, {"type": "Feature", "id": 974593023, "properties": {"amenity": "school", "name": "St.Peter'S And St.Paul'S English Medium Higher Secondary School", "operator": "Private", "id": "osm-way-974593023", "osm_type": "way", "osm_id": 974593023, "category": "school", "source": "OpenStreetMap (ODbL)"}, "geometry": {"type": "Point", "coordinates": [76.1720046, 11.6602366]}}, {"type": "Feature", "id": 975667229, "properties": {"bridge": "yes", "highway": "trunk", "layer": "1", "name": "Kalpetta-Sulthan Bathery Road", "id": "osm-way-975667229", "osm_type": "way", "osm_id": 975667229, "category": "bridge", "source": "OpenStreetMap (ODbL)"}, "geometry": {"type": "Point", "coordinates": [76.1506557, 11.6560923]}}, {"type": "Feature", "id": 975696831, "properties": {"amenity": "school", "name": "kallody aaganvadi", "id": "osm-way-975696831", "osm_type": "way", "osm_id": 975696831, "category": "school", "source": "OpenStreetMap (ODbL)"}, "geometry": {"type": "Point", "coordinates": [75.9629851, 11.7668843]}}, {"type": "Feature", "id": 976039974, "properties": {"amenity": "community_centre", "building": "yes", "name": "Indhiraji Community Center", "id": "osm-way-976039974", "osm_type": "way", "osm_id": 976039974, "category": "community", "source": "OpenStreetMap (ODbL)"}, "geometry": {"type": "Point", "coordinates": [76.0067747, 11.6644711]}}, {"type": "Feature", "id": 976911217, "properties": {"building": "yes", "name": "Sisu Mandir Meenangadi", "office": "government", "id": "osm-way-976911217", "osm_type": "way", "osm_id": 976911217, "category": "government", "source": "OpenStreetMap (ODbL)"}, "geometry": {"type": "Point", "coordinates": [76.1622965, 11.659805]}}, {"type": "Feature", "id": 976920159, "properties": {"building": "yes", "government": "government_office", "name": "District Stationary Office", "office": "government", "id": "osm-way-976920159", "osm_type": "way", "osm_id": 976920159, "category": "government", "source": "OpenStreetMap (ODbL)"}, "geometry": {"type": "Point", "coordinates": [76.1603111, 11.6639246]}}, {"type": "Feature", "id": 978922872, "properties": {"amenity": "fire_station", "building": "yes", "name": "Fire and Rescue Station, Mananthavadi", "id": "osm-way-978922872", "osm_type": "way", "osm_id": 978922872, "category": "fire_station", "source": "OpenStreetMap (ODbL)"}, "geometry": {"type": "Point", "coordinates": [76.0314389, 11.8021666]}}, {"type": "Feature", "id": 979741401, "properties": {"addr:city": "Ellumandam", "amenity": "school", "name": "ELLUMANDAM SCHOOL GROUND", "id": "osm-way-979741401", "osm_type": "way", "osm_id": 979741401, "category": "school", "source": "OpenStreetMap (ODbL)"}, "geometry": {"type": "Point", "coordinates": [75.9622246, 11.786055]}}, {"type": "Feature", "id": 979742626, "properties": {"addr:city": "Ellumandam", "amenity": "clinic", "building": "yes", "healthcare": "clinic", "name": "Ellumandam health centre", "id": "osm-way-979742626", "osm_type": "way", "osm_id": 979742626, "category": "clinic", "source": "OpenStreetMap (ODbL)"}, "geometry": {"type": "Point", "coordinates": [75.9611758, 11.7857979]}}, {"type": "Feature", "id": 979771560, "properties": {"addr:city": "Nalloornad", "building": "yes", "government": "village_office", "name": "Nalloornad Village Office", "office": "government", "id": "osm-way-979771560", "osm_type": "way", "osm_id": 979771560, "category": "government", "source": "OpenStreetMap (ODbL)"}, "geometry": {"type": "Point", "coordinates": [75.9909686, 11.7708249]}}, {"type": "Feature", "id": 979772898, "properties": {"addr:city": "thazhe angadi", "building": "yes", "government": "public_service", "name": "PWD Building sub division", "office": "government", "id": "osm-way-979772898", "osm_type": "way", "osm_id": 979772898, "category": "government", "source": "OpenStreetMap (ODbL)"}, "geometry": {"type": "Point", "coordinates": [76.0032307, 11.79349]}}, {"type": "Feature", "id": 979939894, "properties": {"amenity": "school", "name": "Government Higher Secondary School Meenangadi", "id": "osm-way-979939894", "osm_type": "way", "osm_id": 979939894, "category": "school", "source": "OpenStreetMap (ODbL)"}, "geometry": {"type": "Point", "coordinates": [76.1672558, 11.6642277]}}, {"type": "Feature", "id": 979941917, "properties": {"amenity": "school", "name": "GLPS CC Bhoothanam", "operator": "Government", "id": "osm-way-979941917", "osm_type": "way", "osm_id": 979941917, "category": "school", "source": "OpenStreetMap (ODbL)"}, "geometry": {"type": "Point", "coordinates": [76.2029618, 11.6815703]}}, {"type": "Feature", "id": 980989371, "properties": {"addr:city": "dwaraka", "amenity": "school", "name": "Government Technical High School ground", "id": "osm-way-980989371", "osm_type": "way", "osm_id": 980989371, "category": "school", "source": "OpenStreetMap (ODbL)"}, "geometry": {"type": "Point", "coordinates": [76.0108009, 11.7617569]}}, {"type": "Feature", "id": 980998899, "properties": {"addr:city": "Nlloornad", "amenity": "school", "name": "Ambedkar School Play ground", "id": "osm-way-980998899", "osm_type": "way", "osm_id": 980998899, "category": "school", "source": "OpenStreetMap (ODbL)"}, "geometry": {"type": "Point", "coordinates": [75.9789826, 11.7551439]}}, {"type": "Feature", "id": 981007390, "properties": {"addr:city": "dwaraka", "amenity": "school", "name": "Sacred Heart School ground", "religion": "christian", "id": "osm-way-981007390", "osm_type": "way", "osm_id": 981007390, "category": "school", "source": "OpenStreetMap (ODbL)"}, "geometry": {"type": "Point", "coordinates": [76.0102483, 11.7597729]}}, {"type": "Feature", "id": 981181318, "properties": {"amenity": "place_of_worship", "building": "yes", "name": "Poomala Paradevatha Temple", "religion": "hindu", "id": "osm-way-981181318", "osm_type": "way", "osm_id": 981181318, "category": "religious", "source": "OpenStreetMap (ODbL)"}, "geometry": {"type": "Point", "coordinates": [76.1473108, 11.6559099]}}, {"type": "Feature", "id": 981189155, "properties": {"amenity": "place_of_worship", "building": "yes", "name": "Saint sebastian's Convent", "id": "osm-way-981189155", "osm_type": "way", "osm_id": 981189155, "category": "religious", "source": "OpenStreetMap (ODbL)"}, "geometry": {"type": "Point", "coordinates": [76.1617543, 11.617852]}}, {"type": "Feature", "id": 982240822, "properties": {"amenity": "hospital", "emergency": "no", "healthcare": "hospital", "name": "Community Health Centre Panamaram", "id": "osm-way-982240822", "osm_type": "way", "osm_id": 982240822, "category": "hospital", "source": "OpenStreetMap (ODbL)"}, "geometry": {"type": "Point", "coordinates": [76.070093, 11.7385631]}}, {"type": "Feature", "id": 982773602, "properties": {"amenity": "community_centre", "building": "yes", "name": "E K Nayanar Community Center", "id": "osm-way-982773602", "osm_type": "way", "osm_id": 982773602, "category": "community", "source": "OpenStreetMap (ODbL)"}, "geometry": {"type": "Point", "coordinates": [76.042704, 11.6659529]}}, {"type": "Feature", "id": 982865794, "properties": {"amenity": "community_centre", "building": "yes", "name": "Aneri Community Center", "id": "osm-way-982865794", "osm_type": "way", "osm_id": 982865794, "category": "community", "source": "OpenStreetMap (ODbL)"}, "geometry": {"type": "Point", "coordinates": [76.0702686, 11.6642855]}}, {"type": "Feature", "id": 982865797, "properties": {"amenity": "community_centre", "building": "yes", "name": "Vyppadi Community Center", "id": "osm-way-982865797", "osm_type": "way", "osm_id": 982865797, "category": "community", "source": "OpenStreetMap (ODbL)"}, "geometry": {"type": "Point", "coordinates": [75.9983859, 11.6662356]}}, {"type": "Feature", "id": 982923332, "properties": {"amenity": "community_centre", "building": "yes", "name": "Paramban Ahammedhaji Memmorial", "id": "osm-way-982923332", "osm_type": "way", "osm_id": 982923332, "category": "community", "source": "OpenStreetMap (ODbL)"}, "geometry": {"type": "Point", "coordinates": [75.9983405, 11.6727173]}}, {"type": "Feature", "id": 984426520, "properties": {"amenity": "place_of_worship", "building": "yes", "name": "OLD MOSQUE PANAMARAM", "religion": "muslim", "id": "osm-way-984426520", "osm_type": "way", "osm_id": 984426520, "category": "religious", "source": "OpenStreetMap (ODbL)"}, "geometry": {"type": "Point", "coordinates": [76.0737826, 11.7409927]}}, {"type": "Feature", "id": 984426524, "properties": {"name": "kottillam panamaram", "tourism": "attraction", "id": "osm-way-984426524", "osm_type": "way", "osm_id": 984426524, "category": "tourism", "source": "OpenStreetMap (ODbL)"}, "geometry": {"type": "Point", "coordinates": [76.0766878, 11.743866]}}, {"type": "Feature", "id": 984426525, "properties": {"amenity": "place_of_worship", "building": "yes", "name": "VADACHAL MOSQUE", "religion": "muslim", "id": "osm-way-984426525", "osm_type": "way", "osm_id": 984426525, "category": "religious", "source": "OpenStreetMap (ODbL)"}, "geometry": {"type": "Point", "coordinates": [76.0740069, 11.7288251]}}, {"type": "Feature", "id": 984426529, "properties": {"amenity": "place_of_worship", "building": "yes", "name": "Padre Pio Church", "religion": "christian", "id": "osm-way-984426529", "osm_type": "way", "osm_id": 984426529, "category": "religious", "source": "OpenStreetMap (ODbL)"}, "geometry": {"type": "Point", "coordinates": [76.0782579, 11.7425428]}}, {"type": "Feature", "id": 984831195, "properties": {"amenity": "place_of_worship", "building": "yes", "name": "KAITHAKAL JUMA MUSJID", "religion": "muslim", "id": "osm-way-984831195", "osm_type": "way", "osm_id": 984831195, "category": "religious", "source": "OpenStreetMap (ODbL)"}, "geometry": {"type": "Point", "coordinates": [76.067655, 11.7515238]}}, {"type": "Feature", "id": 984831196, "properties": {"amenity": "place_of_worship", "building": "yes", "name": "KAITHAKAL JUMA MASJID", "religion": "muslim", "id": "osm-way-984831196", "osm_type": "way", "osm_id": 984831196, "category": "religious", "source": "OpenStreetMap (ODbL)"}, "geometry": {"type": "Point", "coordinates": [76.0639271, 11.7552164]}}, {"type": "Feature", "id": 984833994, "properties": {"amenity": "place_of_worship", "building": "yes", "name": "JAMATH MOSQUE", "religion": "muslim", "id": "osm-way-984833994", "osm_type": "way", "osm_id": 984833994, "category": "religious", "source": "OpenStreetMap (ODbL)"}, "geometry": {"type": "Point", "coordinates": [76.073804, 11.7392337]}}, {"type": "Feature", "id": 990294019, "properties": {"amenity": "place_of_worship", "building": "yes", "name": "St Thomas Church", "religion": "christian", "id": "osm-way-990294019", "osm_type": "way", "osm_id": 990294019, "category": "religious", "source": "OpenStreetMap (ODbL)"}, "geometry": {"type": "Point", "coordinates": [76.1524519, 11.8578219]}}, {"type": "Feature", "id": 991910023, "properties": {"amenity": "school", "name": "Crescent Public High School", "id": "osm-way-991910023", "osm_type": "way", "osm_id": 991910023, "category": "school", "source": "OpenStreetMap (ODbL)"}, "geometry": {"type": "Point", "coordinates": [76.0734094, 11.7316977]}}, {"type": "Feature", "id": 995211227, "properties": {"addr:city": "Padichira", "building": "yes", "government": "healthcare", "healthcare": "alternative", "name": "Government Ayurveda Dispensary, Padichira", "operator": "Indian Systems of Medicine", "operator:type": "government", "id": "osm-way-995211227", "osm_type": "way", "osm_id": 995211227, "category": "government", "source": "OpenStreetMap (ODbL)"}, "geometry": {"type": "Point", "coordinates": [76.2024455, 11.8395623]}}, {"type": "Feature", "id": 995800480, "properties": {"addr:city": "Mechana", "amenity": "hospital", "healthcare": "hospital", "name": "Sub Center, Chundakkara", "operator": "Government", "id": "osm-way-995800480", "osm_type": "way", "osm_id": 995800480, "category": "hospital", "source": "OpenStreetMap (ODbL)"}, "geometry": {"type": "Point", "coordinates": [76.065365, 11.6817056]}}, {"type": "Feature", "id": 997186752, "properties": {"addr:city": "Muliyar", "amenity": "school", "name": "Government Lower Primary School, Mundakai", "id": "osm-way-997186752", "osm_type": "way", "osm_id": 997186752, "category": "school", "source": "OpenStreetMap (ODbL)"}, "geometry": {"type": "Point", "coordinates": [76.1553517, 11.490045]}}, {"type": "Feature", "id": 1004637936, "properties": {"amenity": "school", "name": "S A Lower Primary School, Kuppadithara", "id": "osm-way-1004637936", "osm_type": "way", "osm_id": 1004637936, "category": "school", "source": "OpenStreetMap (ODbL)"}, "geometry": {"type": "Point", "coordinates": [76.0130165, 11.6931958]}}, {"type": "Feature", "id": 1004955295, "properties": {"amenity": "school", "name": "Government Lower Primary School, Pearl", "id": "osm-way-1004955295", "osm_type": "way", "osm_id": 1004955295, "category": "school", "source": "OpenStreetMap (ODbL)"}, "geometry": {"type": "Point", "coordinates": [75.9766961, 11.6665822]}}, {"type": "Feature", "id": 1006876309, "properties": {"amenity": "community_centre", "building": "yes", "name": "Athimoola Community Hall", "id": "osm-way-1006876309", "osm_type": "way", "osm_id": 1006876309, "category": "community", "source": "OpenStreetMap (ODbL)"}, "geometry": {"type": "Point", "coordinates": [76.036732, 11.6017557]}}, {"type": "Feature", "id": 1007143839, "properties": {"amenity": "kindergarten", "name": "Pozhuthana Anganvaadi", "id": "osm-way-1007143839", "osm_type": "way", "osm_id": 1007143839, "category": "school", "source": "OpenStreetMap (ODbL)"}, "geometry": {"type": "Point", "coordinates": [76.0170507, 11.5831914]}}, {"type": "Feature", "id": 1007149227, "properties": {"bridge": "yes", "highway": "secondary", "layer": "1", "name": "Athimoola Canal Bridge", "id": "osm-way-1007149227", "osm_type": "way", "osm_id": 1007149227, "category": "bridge", "source": "OpenStreetMap (ODbL)"}, "geometry": {"type": "Point", "coordinates": [76.0404591, 11.6052215]}}, {"type": "Feature", "id": 1011359201, "properties": {"bridge": "yes", "highway": "tertiary", "layer": "1", "name": "Maravayal Colony Bridge", "id": "osm-way-1011359201", "osm_type": "way", "osm_id": 1011359201, "category": "bridge", "source": "OpenStreetMap (ODbL)"}, "geometry": {"type": "Point", "coordinates": [76.031348, 11.6108602]}}, {"type": "Feature", "id": 1015166845, "properties": {"amenity": "community_centre", "building": "yes", "name": "Unni Mathu Samsarika Nilayam", "id": "osm-way-1015166845", "osm_type": "way", "osm_id": 1015166845, "category": "community", "source": "OpenStreetMap (ODbL)"}, "geometry": {"type": "Point", "coordinates": [76.1714253, 11.5553084]}}, {"type": "Feature", "id": 1017372482, "properties": {"amenity": "hospital", "healthcare": "hospital", "name": "PHC Tholpetty", "id": "osm-way-1017372482", "osm_type": "way", "osm_id": 1017372482, "category": "hospital", "source": "OpenStreetMap (ODbL)"}, "geometry": {"type": "Point", "coordinates": [76.064354, 11.9465365]}}, {"type": "Feature", "id": 1020765143, "properties": {"amenity": "college", "id": "osm-way-1020765143", "osm_type": "way", "osm_id": 1020765143, "category": "college", "source": "OpenStreetMap (ODbL)"}, "geometry": {"type": "Point", "coordinates": [76.1173677, 11.6453051]}}, {"type": "Feature", "id": 1027466158, "properties": {"building": "yes", "name": "Gramapanchayath Office Karttikkulam", "office": "government", "id": "osm-way-1027466158", "osm_type": "way", "osm_id": 1027466158, "category": "government", "source": "OpenStreetMap (ODbL)"}, "geometry": {"type": "Point", "coordinates": [76.066298, 11.8492289]}}, {"type": "Feature", "id": 1028845118, "properties": {"amenity": "school", "name": "Rajeev Gandhi Memorial Higher Secondary School", "id": "osm-way-1028845118", "osm_type": "way", "osm_id": 1028845118, "category": "school", "source": "OpenStreetMap (ODbL)"}, "geometry": {"type": "Point", "coordinates": [76.3433962, 11.6604171]}}, {"type": "Feature", "id": 1028845119, "properties": {"amenity": "school", "name": "ALPS Naikketty", "id": "osm-way-1028845119", "osm_type": "way", "osm_id": 1028845119, "category": "school", "source": "OpenStreetMap (ODbL)"}, "geometry": {"type": "Point", "coordinates": [76.312817, 11.6683011]}}, {"type": "Feature", "id": 1028845120, "properties": {"amenity": "school", "name": "Govt L P School Muthanga", "id": "osm-way-1028845120", "osm_type": "way", "osm_id": 1028845120, "category": "school", "source": "OpenStreetMap (ODbL)"}, "geometry": {"type": "Point", "coordinates": [76.3573627, 11.6738257]}}, {"type": "Feature", "id": 1038260338, "properties": {"addr:city": "Sulthan Bathery", "building": "yes", "government": "administrative", "name": "District Ground Water Department, Wayanad", "office": "government", "phone": "+91-4936- 248210", "website": "https://groundwater.kerala.gov.in/wayanad/", "id": "osm-way-1038260338", "osm_type": "way", "osm_id": 1038260338, "category": "government", "source": "OpenStreetMap (ODbL)"}, "geometry": {"type": "Point", "coordinates": [76.1605019, 11.6573477]}}, {"type": "Feature", "id": 1038688510, "properties": {"bridge": "yes", "highway": "secondary", "layer": "1", "id": "osm-way-1038688510", "osm_type": "way", "osm_id": 1038688510, "category": "bridge", "source": "OpenStreetMap (ODbL)"}, "geometry": {"type": "Point", "coordinates": [76.2271853, 11.6775607]}}, {"type": "Feature", "id": 1039057194, "properties": {"amenity": "place_of_worship", "building": "yes", "name": "Mariyamman Kovil", "religion": "hindu", "id": "osm-way-1039057194", "osm_type": "way", "osm_id": 1039057194, "category": "religious", "source": "OpenStreetMap (ODbL)"}, "geometry": {"type": "Point", "coordinates": [76.079239, 11.7117743]}}, {"type": "Feature", "id": 1039062021, "properties": {"amenity": "place_of_worship", "building": "yes", "name": "Pachilakkad", "name:ml": "\u0d2a\u0d33\u0d4d\u0d33\u0d3f", "religion": "muslim", "id": "osm-way-1039062021", "osm_type": "way", "osm_id": 1039062021, "category": "religious", "source": "OpenStreetMap (ODbL)"}, "geometry": {"type": "Point", "coordinates": [76.0790541, 11.7112347]}}, {"type": "Feature", "id": 1039241407, "properties": {"amenity": "college", "name": "Clicut University Teacher Education Centre, Kniyambetta", "operator": "Government", "id": "osm-way-1039241407", "osm_type": "way", "osm_id": 1039241407, "category": "college", "source": "OpenStreetMap (ODbL)"}, "geometry": {"type": "Point", "coordinates": [76.0851249, 11.7007817]}}, {"type": "Feature", "id": 1044686085, "properties": {"bridge": "yes", "highway": "unclassified", "layer": "1", "name": "arimani road", "id": "osm-way-1044686085", "osm_type": "way", "osm_id": 1044686085, "category": "bridge", "source": "OpenStreetMap (ODbL)"}, "geometry": {"type": "Point", "coordinates": [76.2773768, 11.6360496]}}, {"type": "Feature", "id": 1063164724, "properties": {"bridge": "yes", "highway": "secondary", "name": "Koyilery - Payyampalli - Pulpalli Road", "id": "osm-way-1063164724", "osm_type": "way", "osm_id": 1063164724, "category": "bridge", "source": "OpenStreetMap (ODbL)"}, "geometry": {"type": "Point", "coordinates": [76.118744, 11.8041655]}}, {"type": "Feature", "id": 1066656079, "properties": {"amenity": "police", "building": "yes", "name": "Police Station ,Thirunelli", "id": "osm-way-1066656079", "osm_type": "way", "osm_id": 1066656079, "category": "police", "source": "OpenStreetMap (ODbL)"}, "geometry": {"type": "Point", "coordinates": [76.0076447, 11.9006178]}}, {"type": "Feature", "id": 1066656080, "properties": {"amenity": "police", "building": "yes", "name": "Police Station ,Kambalakkad", "id": "osm-way-1066656080", "osm_type": "way", "osm_id": 1066656080, "category": "police", "source": "OpenStreetMap (ODbL)"}, "geometry": {"type": "Point", "coordinates": [76.0794242, 11.6881908]}}, {"type": "Feature", "id": 1067883145, "properties": {"amenity": "police", "building": "yes", "name": "Police Station ,Padinjarathara", "id": "osm-way-1067883145", "osm_type": "way", "osm_id": 1067883145, "category": "police", "source": "OpenStreetMap (ODbL)"}, "geometry": {"type": "Point", "coordinates": [75.9763354, 11.691598]}}, {"type": "Feature", "id": 1067883146, "properties": {"amenity": "police", "building": "yes", "name": "Police Station, Kalpetta", "id": "osm-way-1067883146", "osm_type": "way", "osm_id": 1067883146, "category": "police", "source": "OpenStreetMap (ODbL)"}, "geometry": {"type": "Point", "coordinates": [76.0845019, 11.6029978]}}, {"type": "Feature", "id": 1080463555, "properties": {"amenity": "hospital", "healthcare": "hospital", "name": "Homeo Dispensary Pallimukku", "id": "osm-way-1080463555", "osm_type": "way", "osm_id": 1080463555, "category": "hospital", "source": "OpenStreetMap (ODbL)"}, "geometry": {"type": "Point", "coordinates": [76.0725656, 11.688494]}}, {"type": "Feature", "id": 1083002654, "properties": {"amenity": "community_centre", "building": "yes", "name": "Chundakkara Community Center", "id": "osm-way-1083002654", "osm_type": "way", "osm_id": 1083002654, "category": "community", "source": "OpenStreetMap (ODbL)"}, "geometry": {"type": "Point", "coordinates": [76.0643676, 11.682085]}}, {"type": "Feature", "id": 1083002669, "properties": {"building": "yes", "name": "Telephone Exchange,Pallikkunnu", "office": "government", "id": "osm-way-1083002669", "osm_type": "way", "osm_id": 1083002669, "category": "government", "source": "OpenStreetMap (ODbL)"}, "geometry": {"type": "Point", "coordinates": [76.0747065, 11.6725631]}}, {"type": "Feature", "id": 1083002670, "properties": {"amenity": "police", "building": "yes", "name": "Crime Branch CID Office, kambalakkad", "operator": "Government", "id": "osm-way-1083002670", "osm_type": "way", "osm_id": 1083002670, "category": "police", "source": "OpenStreetMap (ODbL)"}, "geometry": {"type": "Point", "coordinates": [76.0746992, 11.676945]}}, {"type": "Feature", "id": 1083280487, "properties": {"amenity": "community_centre", "building": "yes", "name": "Neru Nadakavedhi", "id": "osm-way-1083280487", "osm_type": "way", "osm_id": 1083280487, "category": "community", "source": "OpenStreetMap (ODbL)"}, "geometry": {"type": "Point", "coordinates": [76.081944, 11.6806945]}}, {"type": "Feature", "id": 1083550599, "properties": {"amenity": "hospital", "healthcare": "hospital", "name": "Subcenter,Pallimukku", "id": "osm-way-1083550599", "osm_type": "way", "osm_id": 1083550599, "category": "hospital", "source": "OpenStreetMap (ODbL)"}, "geometry": {"type": "Point", "coordinates": [76.0785314, 11.6827295]}}, {"type": "Feature", "id": 1083785951, "properties": {"amenity": "school", "name": "Government Model Girls Residential School, Kaniyambetta", "id": "osm-way-1083785951", "osm_type": "way", "osm_id": 1083785951, "category": "school", "source": "OpenStreetMap (ODbL)"}, "geometry": {"type": "Point", "coordinates": [76.0896595, 11.6937727]}}, {"type": "Feature", "id": 1083785954, "properties": {"amenity": "school", "name": "St.George English Medium School,Varadoor", "id": "osm-way-1083785954", "osm_type": "way", "osm_id": 1083785954, "category": "school", "source": "OpenStreetMap (ODbL)"}, "geometry": {"type": "Point", "coordinates": [76.096905, 11.70871]}}, {"type": "Feature", "id": 1084062614, "properties": {"amenity": "community_centre", "building": "yes", "name": "Varadhoor Community Center", "id": "osm-way-1084062614", "osm_type": "way", "osm_id": 1084062614, "category": "community", "source": "OpenStreetMap (ODbL)"}, "geometry": {"type": "Point", "coordinates": [76.1059834, 11.6999986]}}, {"type": "Feature", "id": 1084062616, "properties": {"amenity": "hospital", "healthcare": "hospital", "name": "Family Health Center, Varadhoor", "id": "osm-way-1084062616", "osm_type": "way", "osm_id": 1084062616, "category": "hospital", "source": "OpenStreetMap (ODbL)"}, "geometry": {"type": "Point", "coordinates": [76.1057776, 11.6995842]}}, {"type": "Feature", "id": 1085335076, "properties": {"amenity": "community_centre", "building": "yes", "name": "Arimula 01 Community Center", "id": "osm-way-1085335076", "osm_type": "way", "osm_id": 1085335076, "category": "community", "source": "OpenStreetMap (ODbL)"}, "geometry": {"type": "Point", "coordinates": [76.128076, 11.6892412]}}, {"type": "Feature", "id": 1085335077, "properties": {"amenity": "community_centre", "building": "yes", "name": "Arimula 02 Community Center", "id": "osm-way-1085335077", "osm_type": "way", "osm_id": 1085335077, "category": "community", "source": "OpenStreetMap (ODbL)"}, "geometry": {"type": "Point", "coordinates": [76.1271409, 11.6896278]}}, {"type": "Feature", "id": 1085335079, "properties": {"amenity": "hospital", "healthcare": "hospital", "name": "Subcenter,Arimula", "id": "osm-way-1085335079", "osm_type": "way", "osm_id": 1085335079, "category": "hospital", "source": "OpenStreetMap (ODbL)"}, "geometry": {"type": "Point", "coordinates": [76.1277507, 11.6896516]}}, {"type": "Feature", "id": 1085335086, "properties": {"amenity": "hospital", "healthcare": "hospital", "name": "Government Eye hospital, kariyambadi", "id": "osm-way-1085335086", "osm_type": "way", "osm_id": 1085335086, "category": "hospital", "source": "OpenStreetMap (ODbL)"}, "geometry": {"type": "Point", "coordinates": [76.1332039, 11.6824724]}}, {"type": "Feature", "id": 1085335088, "properties": {"amenity": "community_centre", "building": "yes", "name": "Puthoor Community Center", "id": "osm-way-1085335088", "osm_type": "way", "osm_id": 1085335088, "category": "community", "source": "OpenStreetMap (ODbL)"}, "geometry": {"type": "Point", "coordinates": [76.132401, 11.6834347]}}, {"type": "Feature", "id": 1085358311, "properties": {"amenity": "community_centre", "building": "yes", "name": "Kavumuttam Community Center", "id": "osm-way-1085358311", "osm_type": "way", "osm_id": 1085358311, "category": "community", "source": "OpenStreetMap (ODbL)"}, "geometry": {"type": "Point", "coordinates": [76.0943463, 11.6826064]}}, {"type": "Feature", "id": 1085525660, "properties": {"building": "yes", "name": "Krishibhavan", "office": "government", "id": "osm-way-1085525660", "osm_type": "way", "osm_id": 1085525660, "category": "government", "source": "OpenStreetMap (ODbL)"}, "geometry": {"type": "Point", "coordinates": [76.0808615, 11.6958481]}}, {"type": "Feature", "id": 1085527357, "properties": {"amenity": "community_centre", "building": "yes", "name": "Vazhayil kunjabdulla haji memorial", "id": "osm-way-1085527357", "osm_type": "way", "osm_id": 1085527357, "category": "community", "source": "OpenStreetMap (ODbL)"}, "geometry": {"type": "Point", "coordinates": [76.0804077, 11.7102109]}}, {"type": "Feature", "id": 1085548107, "properties": {"amenity": "hospital", "healthcare": "hospital", "name": "Subcentre, Koodothummal", "id": "osm-way-1085548107", "osm_type": "way", "osm_id": 1085548107, "category": "hospital", "source": "OpenStreetMap (ODbL)"}, "geometry": {"type": "Point", "coordinates": [76.0917902, 11.7225597]}}, {"type": "Feature", "id": 1085548130, "properties": {"building": "yes", "name": "Sub Treachury Nadavayal", "office": "government", "id": "osm-way-1085548130", "osm_type": "way", "osm_id": 1085548130, "category": "government", "source": "OpenStreetMap (ODbL)"}, "geometry": {"type": "Point", "coordinates": [76.1182894, 11.739205]}}, {"type": "Feature", "id": 1085548132, "properties": {"building": "yes", "name": "VIllage office,Nadavayal", "office": "government", "id": "osm-way-1085548132", "osm_type": "way", "osm_id": 1085548132, "category": "government", "source": "OpenStreetMap (ODbL)"}, "geometry": {"type": "Point", "coordinates": [76.1182472, 11.7401377]}}, {"type": "Feature", "id": 1085552516, "properties": {"amenity": "hospital", "healthcare": "hospital", "name": "Sneha palliative care", "id": "osm-way-1085552516", "osm_type": "way", "osm_id": 1085552516, "category": "hospital", "source": "OpenStreetMap (ODbL)"}, "geometry": {"type": "Point", "coordinates": [76.0833456, 11.6909161]}}, {"type": "Feature", "id": 1092534067, "properties": {"addr:city": "thondenadu", "amenity": "place_of_worship", "building": "yes", "name": "puthussery church", "religion": "christian", "id": "osm-way-1092534067", "osm_type": "way", "osm_id": 1092534067, "category": "religious", "source": "OpenStreetMap (ODbL)"}, "geometry": {"type": "Point", "coordinates": [75.9191046, 11.7734969]}}, {"type": "Feature", "id": 1092534070, "properties": {"addr:city": "thondernadu", "amenity": "kindergarten", "name": "pallikunnu anganvadi", "id": "osm-way-1092534070", "osm_type": "way", "osm_id": 1092534070, "category": "school", "source": "OpenStreetMap (ODbL)"}, "geometry": {"type": "Point", "coordinates": [75.927713, 11.7608056]}}, {"type": "Feature", "id": 1094016234, "properties": {"amenity": "kindergarten", "name": "inderrykunnu anganwadi", "id": "osm-way-1094016234", "osm_type": "way", "osm_id": 1094016234, "category": "school", "source": "OpenStreetMap (ODbL)"}, "geometry": {"type": "Point", "coordinates": [75.9444051, 11.7482265]}}, {"type": "Feature", "id": 1094016238, "properties": {"building": "yes", "healthcare": "clinic", "name": "dispensary tettamala estate", "id": "osm-way-1094016238", "osm_type": "way", "osm_id": 1094016238, "category": "clinic", "source": "OpenStreetMap (ODbL)"}, "geometry": {"type": "Point", "coordinates": [75.9318916, 11.7517391]}}, {"type": "Feature", "id": 1094016239, "properties": {"amenity": "kindergarten", "name": "pullora anganwadi", "id": "osm-way-1094016239", "osm_type": "way", "osm_id": 1094016239, "category": "school", "source": "OpenStreetMap (ODbL)"}, "geometry": {"type": "Point", "coordinates": [75.9322779, 11.7534727]}}, {"type": "Feature", "id": 1094016240, "properties": {"amenity": "kindergarten", "name": "thettamala anganwadi", "id": "osm-way-1094016240", "osm_type": "way", "osm_id": 1094016240, "category": "school", "source": "OpenStreetMap (ODbL)"}, "geometry": {"type": "Point", "coordinates": [75.9310172, 11.7460483]}}, {"type": "Feature", "id": 1094016241, "properties": {"amenity": "kindergarten", "name": "poorinji anganwadi", "id": "osm-way-1094016241", "osm_type": "way", "osm_id": 1094016241, "category": "school", "source": "OpenStreetMap (ODbL)"}, "geometry": {"type": "Point", "coordinates": [75.9252613, 11.7435636]}}, {"type": "Feature", "id": 1094016242, "properties": {"addr:city": "velliladi", "amenity": "kindergarten", "name": "konniyodu anganwadi", "id": "osm-way-1094016242", "osm_type": "way", "osm_id": 1094016242, "category": "school", "source": "OpenStreetMap (ODbL)"}, "geometry": {"type": "Point", "coordinates": [75.9144338, 11.7486641]}}, {"type": "Feature", "id": 1094016243, "properties": {"addr:city": "Kanhirangad", "amenity": "kindergarten", "name": "Edacheri anganwadi", "id": "osm-way-1094016243", "osm_type": "way", "osm_id": 1094016243, "category": "school", "source": "OpenStreetMap (ODbL)"}, "geometry": {"type": "Point", "coordinates": [75.9093779, 11.7401328]}}, {"type": "Feature", "id": 1094016244, "properties": {"building": "yes", "government": "yes", "name": "village office kanjirangad", "office": "government", "id": "osm-way-1094016244", "osm_type": "way", "osm_id": 1094016244, "category": "government", "source": "OpenStreetMap (ODbL)"}, "geometry": {"type": "Point", "coordinates": [75.908177, 11.7393376]}}, {"type": "Feature", "id": 1094016245, "properties": {"addr:city": "thondernadu", "amenity": "kindergarten", "name": "perinjerimala anganvadi", "id": "osm-way-1094016245", "osm_type": "way", "osm_id": 1094016245, "category": "school", "source": "OpenStreetMap (ODbL)"}, "geometry": {"type": "Point", "coordinates": [75.9013566, 11.7268026]}}, {"type": "Feature", "id": 1094016252, "properties": {"amenity": "school", "name": "GOVERNMENT L P SCHOOL MAKKIYAD", "id": "osm-way-1094016252", "osm_type": "way", "osm_id": 1094016252, "category": "school", "source": "OpenStreetMap (ODbL)"}, "geometry": {"type": "Point", "coordinates": [75.8998522, 11.7372357]}}, {"type": "Feature", "id": 1094016254, "properties": {"addr:city": "makkiyad", "building": "yes", "name": "Krishibhavan Thondernadu", "office": "government", "id": "osm-way-1094016254", "osm_type": "way", "osm_id": 1094016254, "category": "government", "source": "OpenStreetMap (ODbL)"}, "geometry": {"type": "Point", "coordinates": [75.8945853, 11.7438347]}}, {"type": "Feature", "id": 1094016258, "properties": {"building": "yes", "government": "yes", "name": "Thondernadu gramapanchayath office", "office": "government", "id": "osm-way-1094016258", "osm_type": "way", "osm_id": 1094016258, "category": "government", "source": "OpenStreetMap (ODbL)"}, "geometry": {"type": "Point", "coordinates": [75.8820787, 11.7436331]}}, {"type": "Feature", "id": 1094670097, "properties": {"addr:city": "thondernadu", "amenity": "community_centre", "building": "yes", "name": "Canarabank convention center", "operator:type": "public", "id": "osm-way-1094670097", "osm_type": "way", "osm_id": 1094670097, "category": "community", "source": "OpenStreetMap (ODbL)"}, "geometry": {"type": "Point", "coordinates": [75.8774815, 11.7754251]}}, {"type": "Feature", "id": 1094670100, "properties": {"amenity": "school", "name": "GHSS KUNJOME", "id": "osm-way-1094670100", "osm_type": "way", "osm_id": 1094670100, "category": "school", "source": "OpenStreetMap (ODbL)"}, "geometry": {"type": "Point", "coordinates": [75.8533986, 11.7649159]}}, {"type": "Feature", "id": 1094670118, "properties": {"amenity": "social_facility", "name": "adult school", "operator": "social welfare department", "id": "osm-way-1094670118", "osm_type": "way", "osm_id": 1094670118, "category": "community", "source": "OpenStreetMap (ODbL)"}, "geometry": {"type": "Point", "coordinates": [75.8537992, 11.7545377]}}, {"type": "Feature", "id": 1094670128, "properties": {"amenity": "place_of_worship", "building": "yes", "name": "ST Chavara church", "religion": "christian", "id": "osm-way-1094670128", "osm_type": "way", "osm_id": 1094670128, "category": "religious", "source": "OpenStreetMap (ODbL)"}, "geometry": {"type": "Point", "coordinates": [75.8493912, 11.7409226]}}, {"type": "Feature", "id": 1094670134, "properties": {"amenity": "college", "name": "Vivekanda Residential Tribal School and open school study center", "id": "osm-way-1094670134", "osm_type": "way", "osm_id": 1094670134, "category": "college", "source": "OpenStreetMap (ODbL)"}, "geometry": {"type": "Point", "coordinates": [75.8428881, 11.745546]}}, {"type": "Feature", "id": 1095059181, "properties": {"building": "yes", "name": "Village Office Thondernad", "office": "government", "id": "osm-way-1095059181", "osm_type": "way", "osm_id": 1095059181, "category": "government", "source": "OpenStreetMap (ODbL)"}, "geometry": {"type": "Point", "coordinates": [75.8730754, 11.7447266]}}, {"type": "Feature", "id": 1095307585, "properties": {"building": "yes", "name": "Excise Office", "office": "government", "id": "osm-way-1095307585", "osm_type": "way", "osm_id": 1095307585, "category": "government", "source": "OpenStreetMap (ODbL)"}, "geometry": {"type": "Point", "coordinates": [76.2633437, 11.7052806]}}, {"type": "Feature", "id": 1095556985, "properties": {"layer": "-1", "name": "check dam panthradam palam", "waterway": "dam", "id": "osm-way-1095556985", "osm_type": "way", "osm_id": 1095556985, "category": "dam", "source": "OpenStreetMap (ODbL)"}, "geometry": {"type": "Point", "coordinates": [76.0293544, 11.5675063]}}, {"type": "Feature", "id": 1095852066, "properties": {"name": "Municipality Waste Management Plant", "power": "plant", "id": "osm-way-1095852066", "osm_type": "way", "osm_id": 1095852066, "category": "power", "source": "OpenStreetMap (ODbL)"}, "geometry": {"type": "Point", "coordinates": [76.2771314, 11.6812481]}}, {"type": "Feature", "id": 1095852916, "properties": {"amenity": "community_centre", "building": "yes", "name": "Saamskarika Nilayam", "id": "osm-way-1095852916", "osm_type": "way", "osm_id": 1095852916, "category": "community", "source": "OpenStreetMap (ODbL)"}, "geometry": {"type": "Point", "coordinates": [76.2782202, 11.6799123]}}, {"type": "Feature", "id": 1095869369, "properties": {"bridge": "yes", "highway": "trunk", "layer": "1", "name": "Wayanad Road", "id": "osm-way-1095869369", "osm_type": "way", "osm_id": 1095869369, "category": "bridge", "source": "OpenStreetMap (ODbL)"}, "geometry": {"type": "Point", "coordinates": [76.0211161, 11.5181489]}}, {"type": "Feature", "id": 1097620007, "properties": {"amenity": "hospital", "emergency": "no", "name": "Community Health Centre Panamaram", "id": "osm-way-1097620007", "osm_type": "way", "osm_id": 1097620007, "category": "hospital", "source": "OpenStreetMap (ODbL)"}, "geometry": {"type": "Point", "coordinates": [76.070516, 11.7385377]}}, {"type": "Feature", "id": 1097620008, "properties": {"amenity": "hospital", "emergency": "no", "healthcare": "hospital", "name": "Community Health Centre Panamaram", "id": "osm-way-1097620008", "osm_type": "way", "osm_id": 1097620008, "category": "hospital", "source": "OpenStreetMap (ODbL)"}, "geometry": {"type": "Point", "coordinates": [76.0703687, 11.7385925]}}, {"type": "Feature", "id": 1097620009, "properties": {"amenity": "hospital", "emergency": "no", "healthcare": "hospital", "name": "Community Health Centre Panamaram", "id": "osm-way-1097620009", "osm_type": "way", "osm_id": 1097620009, "category": "hospital", "source": "OpenStreetMap (ODbL)"}, "geometry": {"type": "Point", "coordinates": [76.0703321, 11.7384858]}}, {"type": "Feature", "id": 1097620010, "properties": {"amenity": "hospital", "emergency": "no", "name": "Community Health Centre Panamaram", "id": "osm-way-1097620010", "osm_type": "way", "osm_id": 1097620010, "category": "hospital", "source": "OpenStreetMap (ODbL)"}, "geometry": {"type": "Point", "coordinates": [76.0700942, 11.7384766]}}, {"type": "Feature", "id": 1097620798, "properties": {"amenity": "hospital", "emergency": "no", "name": "Community Health Centre Panamaram", "id": "osm-way-1097620798", "osm_type": "way", "osm_id": 1097620798, "category": "hospital", "source": "OpenStreetMap (ODbL)"}, "geometry": {"type": "Point", "coordinates": [76.0704646, 11.7383754]}}, {"type": "Feature", "id": 1097634055, "properties": {"amenity": "place_of_worship", "building": "yes", "name": "ST'SEBASTIANS CHURCH KARIMBIL", "religion": "christian", "id": "osm-way-1097634055", "osm_type": "way", "osm_id": 1097634055, "category": "religious", "source": "OpenStreetMap (ODbL)"}, "geometry": {"type": "Point", "coordinates": [75.8793849, 11.7759159]}}, {"type": "Feature", "id": 1097634056, "properties": {"addr:city": "KARIMBIL", "amenity": "place_of_worship", "building": "yes", "name": "ST'SEBASTIANS CHURCH KARIMBIL", "religion": "christian", "id": "osm-way-1097634056", "osm_type": "way", "osm_id": 1097634056, "category": "religious", "source": "OpenStreetMap (ODbL)"}, "geometry": {"type": "Point", "coordinates": [75.8793849, 11.7759159]}}, {"type": "Feature", "id": 1097872175, "properties": {"amenity": "college", "name": "Co-operative College", "id": "osm-way-1097872175", "osm_type": "way", "osm_id": 1097872175, "category": "college", "source": "OpenStreetMap (ODbL)"}, "geometry": {"type": "Point", "coordinates": [76.2661316, 11.6706597]}}, {"type": "Feature", "id": 1103365979, "properties": {"building": "yes", "name": "Gaja Forest Office", "office": "government", "id": "osm-way-1103365979", "osm_type": "way", "osm_id": 1103365979, "category": "government", "source": "OpenStreetMap (ODbL)"}, "geometry": {"type": "Point", "coordinates": [76.2564834, 11.6732821]}}, {"type": "Feature", "id": 1103366288, "properties": {"building": "yes", "name": "Wayanad Wild Life Division Office", "office": "government", "id": "osm-way-1103366288", "osm_type": "way", "osm_id": 1103366288, "category": "government", "source": "OpenStreetMap (ODbL)"}, "geometry": {"type": "Point", "coordinates": [76.2547456, 11.6747688]}}, {"type": "Feature", "id": 1103451784, "properties": {"amenity": "community_centre", "building": "yes", "name": "Community Hall", "id": "osm-way-1103451784", "osm_type": "way", "osm_id": 1103451784, "category": "community", "source": "OpenStreetMap (ODbL)"}, "geometry": {"type": "Point", "coordinates": [76.2553159, 11.6624389]}}, {"type": "Feature", "id": 1104001454, "properties": {"building": "yes", "name": "Krishi Bhavan", "office": "government", "id": "osm-way-1104001454", "osm_type": "way", "osm_id": 1104001454, "category": "government", "source": "OpenStreetMap (ODbL)"}, "geometry": {"type": "Point", "coordinates": [76.2630114, 11.6691054]}}, {"type": "Feature", "id": 1104578220, "properties": {"bridge": "yes", "highway": "tertiary", "layer": "1", "name": "Maravayal Colony Road", "id": "osm-way-1104578220", "osm_type": "way", "osm_id": 1104578220, "category": "bridge", "source": "OpenStreetMap (ODbL)"}, "geometry": {"type": "Point", "coordinates": [76.0275382, 11.611172]}}, {"type": "Feature", "id": 1107455223, "properties": {"building": "yes", "government": "village_office", "name": "villlage office thottumchal", "office": "government", "id": "osm-way-1107455223", "osm_type": "way", "osm_id": 1107455223, "category": "government", "source": "OpenStreetMap (ODbL)"}, "geometry": {"type": "Point", "coordinates": [76.2201734, 11.5707132]}}, {"type": "Feature", "id": 1113578935, "properties": {"bridge": "yes", "highway": "secondary", "layer": "1", "id": "osm-way-1113578935", "osm_type": "way", "osm_id": 1113578935, "category": "bridge", "source": "OpenStreetMap (ODbL)"}, "geometry": {"type": "Point", "coordinates": [76.0361764, 11.6814027]}}, {"type": "Feature", "id": 1114858864, "properties": {"bridge": "yes", "highway": "tertiary", "layer": "1", "id": "osm-way-1114858864", "osm_type": "way", "osm_id": 1114858864, "category": "bridge", "source": "OpenStreetMap (ODbL)"}, "geometry": {"type": "Point", "coordinates": [76.0277688, 11.6842836]}}, {"type": "Feature", "id": 1121143352, "properties": {"bridge": "yes", "highway": "secondary", "layer": "1", "id": "osm-way-1121143352", "osm_type": "way", "osm_id": 1121143352, "category": "bridge", "source": "OpenStreetMap (ODbL)"}, "geometry": {"type": "Point", "coordinates": [76.0329603, 11.6265131]}}, {"type": "Feature", "id": 1123527558, "properties": {"amenity": "community_centre", "building": "yes", "name": "Samskarika Nilayam", "id": "osm-way-1123527558", "osm_type": "way", "osm_id": 1123527558, "category": "community", "source": "OpenStreetMap (ODbL)"}, "geometry": {"type": "Point", "coordinates": [76.025235, 11.8235184]}}, {"type": "Feature", "id": 1124073510, "properties": {"bridge": "yes", "highway": "primary", "layer": "1", "id": "osm-way-1124073510", "osm_type": "way", "osm_id": 1124073510, "category": "bridge", "source": "OpenStreetMap (ODbL)"}, "geometry": {"type": "Point", "coordinates": [75.8539562, 11.7629797]}}, {"type": "Feature", "id": 1127965429, "properties": {"amenity": "school", "name": "National L.P School, Ozhakody", "id": "osm-way-1127965429", "osm_type": "way", "osm_id": 1127965429, "category": "school", "source": "OpenStreetMap (ODbL)"}, "geometry": {"type": "Point", "coordinates": [75.9797661, 11.8051675]}}, {"type": "Feature", "id": 1127978460, "properties": {"amenity": "community_centre", "building": "yes", "name": "Samskarikanilayam", "id": "osm-way-1127978460", "osm_type": "way", "osm_id": 1127978460, "category": "community", "source": "OpenStreetMap (ODbL)"}, "geometry": {"type": "Point", "coordinates": [75.9935183, 11.8376557]}}, {"type": "Feature", "id": 1135851358, "properties": {"bridge": "yes", "highway": "secondary", "layer": "1", "name": "Cherupuzha Bridge", "name:ml": "\u0d1a\u0d46\u0d31\u0d41\u0d2a\u0d41\u0d34 \u0d2a\u0d3e\u0d32\u0d02", "id": "osm-way-1135851358", "osm_type": "way", "osm_id": 1135851358, "category": "bridge", "source": "OpenStreetMap (ODbL)"}, "geometry": {"type": "Point", "coordinates": [75.9862763, 11.8034819]}}, {"type": "Feature", "id": 1148548641, "properties": {"bridge": "yes", "highway": "tertiary", "layer": "1", "id": "osm-way-1148548641", "osm_type": "way", "osm_id": 1148548641, "category": "bridge", "source": "OpenStreetMap (ODbL)"}, "geometry": {"type": "Point", "coordinates": [76.0740116, 11.7361536]}}, {"type": "Feature", "id": 1155412175, "properties": {"amenity": "school", "isced:level": "0", "name": "MRS Tribal School", "id": "osm-way-1155412175", "osm_type": "way", "osm_id": 1155412175, "category": "school", "source": "OpenStreetMap (ODbL)"}, "geometry": {"type": "Point", "coordinates": [75.9549853, 11.8766717]}}, {"type": "Feature", "id": 1156001221, "properties": {"amenity": "school", "name": "Goverment High School Pulinjal", "name:ml": "\u0d1c\u0d3f.\u0d0e\u0d1a\u0d4d\u0d1a\u0d4d.\u0d0e\u0d38\u0d4d \u0d2a\u0d41\u0d33\u0d3f\u0d1e\u0d4d\u0d1e\u0d3e\u0d7d", "operator": "Department of General and Higher Education", "id": "osm-way-1156001221", "osm_type": "way", "osm_id": 1156001221, "category": "school", "source": "OpenStreetMap (ODbL)"}, "geometry": {"type": "Point", "coordinates": [75.9392224, 11.7164587]}}, {"type": "Feature", "id": 1156009560, "properties": {"amenity": "place_of_worship", "building": "yes", "name": "Town Masjid", "religion": "muslim", "id": "osm-way-1156009560", "osm_type": "way", "osm_id": 1156009560, "category": "religious", "source": "OpenStreetMap (ODbL)"}, "geometry": {"type": "Point", "coordinates": [75.938915, 11.7177767]}}, {"type": "Feature", "id": 1158674995, "properties": {"amenity": "school", "id": "osm-way-1158674995", "osm_type": "way", "osm_id": 1158674995, "category": "school", "source": "OpenStreetMap (ODbL)"}, "geometry": {"type": "Point", "coordinates": [75.9351599, 11.7343995]}}, {"type": "Feature", "id": 1167922894, "properties": {"bridge": "yes", "highway": "primary", "layer": "1", "name": "Thalasseri - Bavali Road", "id": "osm-way-1167922894", "osm_type": "way", "osm_id": 1167922894, "category": "bridge", "source": "OpenStreetMap (ODbL)"}, "geometry": {"type": "Point", "coordinates": [75.9303697, 11.8373739]}}, {"type": "Feature", "id": 1168919626, "properties": {"bridge": "yes", "highway": "secondary", "layer": "1", "name": "Mananthavady - Kallodi - Makkiyad Road", "id": "osm-way-1168919626", "osm_type": "way", "osm_id": 1168919626, "category": "bridge", "source": "OpenStreetMap (ODbL)"}, "geometry": {"type": "Point", "coordinates": [75.9489622, 11.7598137]}}, {"type": "Feature", "id": 1168982148, "properties": {"bridge": "yes", "highway": "tertiary", "layer": "1", "name": "Payyampally - 54 Road", "id": "osm-way-1168982148", "osm_type": "way", "osm_id": 1168982148, "category": "bridge", "source": "OpenStreetMap (ODbL)"}, "geometry": {"type": "Point", "coordinates": [76.043591, 11.8183095]}}, {"type": "Feature", "id": 1171688476, "properties": {"bridge": "yes", "highway": "unclassified", "layer": "1", "name": "minor road", "id": "osm-way-1171688476", "osm_type": "way", "osm_id": 1171688476, "category": "bridge", "source": "OpenStreetMap (ODbL)"}, "geometry": {"type": "Point", "coordinates": [76.162323, 11.7865094]}}, {"type": "Feature", "id": 1173861699, "properties": {"bridge": "yes", "highway": "residential", "layer": "1", "name": "pathirikkavala thodu", "id": "osm-way-1173861699", "osm_type": "way", "osm_id": 1173861699, "category": "bridge", "source": "OpenStreetMap (ODbL)"}, "geometry": {"type": "Point", "coordinates": [76.1949941, 11.6443892]}}, {"type": "Feature", "id": 1184388392, "properties": {"amenity": "hospital", "healthcare": "hospital", "name": "madayikkal hospital", "id": "osm-way-1184388392", "osm_type": "way", "osm_id": 1184388392, "category": "hospital", "source": "OpenStreetMap (ODbL)"}, "geometry": {"type": "Point", "coordinates": [76.0566683, 11.7804507]}}, {"type": "Feature", "id": 1184388847, "properties": {"addr:city": "Pallikkunnu", "amenity": "place_of_worship", "building": "yes", "name": "Lourde Matha Church", "name:ml": "\u0d32\u0d42\u0d7c\u0d26\u0d4d \u0d2e\u0d3e\u0d24\u0d3e \u0d2a\u0d33\u0d4d\u0d33\u0d3f", "religion": "christian", "wikidata": "Q125208820", "id": "osm-way-1184388847", "osm_type": "way", "osm_id": 1184388847, "category": "religious", "source": "OpenStreetMap (ODbL)"}, "geometry": {"type": "Point", "coordinates": [76.056069, 11.6851453]}}, {"type": "Feature", "id": 1184404753, "properties": {"amenity": "place_of_worship", "building": "yes", "name": "St. Joseph's Church", "religion": "christian", "id": "osm-way-1184404753", "osm_type": "way", "osm_id": 1184404753, "category": "religious", "source": "OpenStreetMap (ODbL)"}, "geometry": {"type": "Point", "coordinates": [76.0616224, 11.6829783]}}, {"type": "Feature", "id": 1184408796, "properties": {"amenity": "place_of_worship", "building": "yes", "name": "Mahaganapathi Temple", "religion": "hindu", "id": "osm-way-1184408796", "osm_type": "way", "osm_id": 1184408796, "category": "religious", "source": "OpenStreetMap (ODbL)"}, "geometry": {"type": "Point", "coordinates": [76.0928648, 11.7567447]}}, {"type": "Feature", "id": 1184411408, "properties": {"amenity": "school", "id": "osm-way-1184411408", "osm_type": "way", "osm_id": 1184411408, "category": "school", "source": "OpenStreetMap (ODbL)"}, "geometry": {"type": "Point", "coordinates": [76.0261024, 11.7064507]}}, {"type": "Feature", "id": 1184413195, "properties": {"amenity": "place_of_worship", "building": "yes", "name": "Thungadi Mahavishnu Temple", "name:ml": "\u0d24\u0d42\u0d19\u0d4d\u0d19\u0d3e\u0d1f\u0d3f \u0d2e\u0d39\u0d3e\u0d35\u0d3f\u0d37\u0d4d\u0d23\u0d41 \u0d15\u0d4d\u0d37\u0d47\u0d24\u0d4d\u0d30\u0d02", "religion": "hindu", "id": "osm-way-1184413195", "osm_type": "way", "osm_id": 1184413195, "category": "religious", "source": "OpenStreetMap (ODbL)"}, "geometry": {"type": "Point", "coordinates": [76.0599572, 11.7027391]}}, {"type": "Feature", "id": 1205430560, "properties": {"amenity": "place_of_worship", "building": "yes", "name": "Sisters of Charity Vincent DePaul Residence", "religion": "christian", "id": "osm-way-1205430560", "osm_type": "way", "osm_id": 1205430560, "category": "religious", "source": "OpenStreetMap (ODbL)"}, "geometry": {"type": "Point", "coordinates": [76.0167136, 11.814275]}}, {"type": "Feature", "id": 1205430562, "properties": {"amenity": "place_of_worship", "building": "farm", "name": "Sisters of Charity Vincent DePaul Residence", "religion": "christian", "id": "osm-way-1205430562", "osm_type": "way", "osm_id": 1205430562, "category": "religious", "source": "OpenStreetMap (ODbL)"}, "geometry": {"type": "Point", "coordinates": [76.0169175, 11.8140025]}}, {"type": "Feature", "id": 1214818548, "properties": {"bridge": "yes", "highway": "primary", "layer": "1", "name": "Kalpetta - Meppadi Road.", "id": "osm-way-1214818548", "osm_type": "way", "osm_id": 1214818548, "category": "bridge", "source": "OpenStreetMap (ODbL)"}, "geometry": {"type": "Point", "coordinates": [76.1049034, 11.5821934]}}, {"type": "Feature", "id": 1215976098, "properties": {"bridge": "yes", "highway": "tertiary", "layer": "1", "id": "osm-way-1215976098", "osm_type": "way", "osm_id": 1215976098, "category": "bridge", "source": "OpenStreetMap (ODbL)"}, "geometry": {"type": "Point", "coordinates": [76.1038127, 11.710297]}}, {"type": "Feature", "id": 1216757926, "properties": {"bridge": "yes", "highway": "secondary", "layer": "1", "id": "osm-way-1216757926", "osm_type": "way", "osm_id": 1216757926, "category": "bridge", "source": "OpenStreetMap (ODbL)"}, "geometry": {"type": "Point", "coordinates": [76.1260318, 11.6623985]}}, {"type": "Feature", "id": 1218973053, "properties": {"waterway": "weir", "id": "osm-way-1218973053", "osm_type": "way", "osm_id": 1218973053, "category": "weir", "source": "OpenStreetMap (ODbL)"}, "geometry": {"type": "Point", "coordinates": [76.2796539, 11.6546271]}}, {"type": "Feature", "id": 1220428930, "properties": {"amenity": "kindergarten", "building": "yes", "id": "osm-way-1220428930", "osm_type": "way", "osm_id": 1220428930, "category": "school", "source": "OpenStreetMap (ODbL)"}, "geometry": {"type": "Point", "coordinates": [75.9945412, 11.7575459]}}, {"type": "Feature", "id": 1221924917, "properties": {"bridge": "yes", "highway": "secondary", "layer": "1", "id": "osm-way-1221924917", "osm_type": "way", "osm_id": 1221924917, "category": "bridge", "source": "OpenStreetMap (ODbL)"}, "geometry": {"type": "Point", "coordinates": [76.1147638, 11.6394528]}}, {"type": "Feature", "id": 1226387957, "properties": {"bridge": "yes", "highway": "secondary", "layer": "1", "id": "osm-way-1226387957", "osm_type": "way", "osm_id": 1226387957, "category": "bridge", "source": "OpenStreetMap (ODbL)"}, "geometry": {"type": "Point", "coordinates": [76.1176307, 11.6342099]}}, {"type": "Feature", "id": 1226387959, "properties": {"bridge": "yes", "highway": "secondary", "layer": "1", "id": "osm-way-1226387959", "osm_type": "way", "osm_id": 1226387959, "category": "bridge", "source": "OpenStreetMap (ODbL)"}, "geometry": {"type": "Point", "coordinates": [76.1297174, 11.628684]}}, {"type": "Feature", "id": 1226387970, "properties": {"bridge": "yes", "highway": "secondary", "layer": "1", "id": "osm-way-1226387970", "osm_type": "way", "osm_id": 1226387970, "category": "bridge", "source": "OpenStreetMap (ODbL)"}, "geometry": {"type": "Point", "coordinates": [76.1349977, 11.6185879]}}, {"type": "Feature", "id": 1226435363, "properties": {"bridge": "yes", "highway": "tertiary", "layer": "1", "id": "osm-way-1226435363", "osm_type": "way", "osm_id": 1226435363, "category": "bridge", "source": "OpenStreetMap (ODbL)"}, "geometry": {"type": "Point", "coordinates": [76.1688797, 11.6204088]}}, {"type": "Feature", "id": 1236576021, "properties": {"bridge": "yes", "highway": "tertiary", "id": "osm-way-1236576021", "osm_type": "way", "osm_id": 1236576021, "category": "bridge", "source": "OpenStreetMap (ODbL)"}, "geometry": {"type": "Point", "coordinates": [76.0447781, 11.8000929]}}, {"type": "Feature", "id": 1243335775, "properties": {"amenity": "shelter", "building": "yes", "shelter_type": "public_transport", "id": "osm-way-1243335775", "osm_type": "way", "osm_id": 1243335775, "category": "shelter_structure", "source": "OpenStreetMap (ODbL)"}, "geometry": {"type": "Point", "coordinates": [76.2514216, 11.643484]}}, {"type": "Feature", "id": 1243337368, "properties": {"amenity": "place_of_worship", "building": "yes", "name": "Kallinkara Mahashiva Temple", "name:ml": "\u0d15\u0d32\u0d4d\u0d32\u0d3f\u0d19\u0d4d\u0d15\u0d30 \u0d2e\u0d39\u0d3e\u0d36\u0d3f\u0d35 \u0d15\u0d4d\u0d37\u0d47\u0d24\u0d4d\u0d30\u0d02", "religion": "hindu", "wikidata": "Q124361505", "id": "osm-way-1243337368", "osm_type": "way", "osm_id": 1243337368, "category": "religious", "source": "OpenStreetMap (ODbL)"}, "geometry": {"type": "Point", "coordinates": [76.2966403, 11.6048422]}}, {"type": "Feature", "id": 1243337840, "properties": {"amenity": "place_of_worship", "building": "yes", "name": "St. Behanan's Church", "religion": "christian", "wikidata": "Q124361524", "id": "osm-way-1243337840", "osm_type": "way", "osm_id": 1243337840, "category": "religious", "source": "OpenStreetMap (ODbL)"}, "geometry": {"type": "Point", "coordinates": [76.3007487, 11.609863]}}, {"type": "Feature", "id": 1243338529, "properties": {"amenity": "shelter", "building": "yes", "shelter_type": "public_transport", "id": "osm-way-1243338529", "osm_type": "way", "osm_id": 1243338529, "category": "shelter_structure", "source": "OpenStreetMap (ODbL)"}, "geometry": {"type": "Point", "coordinates": [76.3108768, 11.6294416]}}, {"type": "Feature", "id": 1243338530, "properties": {"amenity": "shelter", "building": "yes", "shelter_type": "public_transport", "id": "osm-way-1243338530", "osm_type": "way", "osm_id": 1243338530, "category": "shelter_structure", "source": "OpenStreetMap (ODbL)"}, "geometry": {"type": "Point", "coordinates": [76.3110052, 11.6295849]}}, {"type": "Feature", "id": 1243515720, "properties": {"bridge": "yes", "highway": "secondary", "layer": "1", "name": "Vythiri-Tharuvana Road", "id": "osm-way-1243515720", "osm_type": "way", "osm_id": 1243515720, "category": "bridge", "source": "OpenStreetMap (ODbL)"}, "geometry": {"type": "Point", "coordinates": [76.029387, 11.5675916]}}, {"type": "Feature", "id": 1265825345, "properties": {"amenity": "place_of_worship", "name": "St. Sebastian's church", "religion": "christian", "id": "osm-way-1265825345", "osm_type": "way", "osm_id": 1265825345, "category": "religious", "source": "OpenStreetMap (ODbL)"}, "geometry": {"type": "Point", "coordinates": [76.0721778, 11.8589944]}}, {"type": "Feature", "id": 1267413606, "properties": {"bridge": "yes", "highway": "secondary", "layer": "1", "name": "Thullipparakadavu Bridge", "name:ml": "\u0d24\u0d41\u0d33\u0d4d\u0d33\u0d3f\u0d2a\u0d4d\u0d2a\u0d3e\u0d31\u0d15\u0d4d\u0d15\u0d1f\u0d35\u0d4d \u0d2a\u0d3e\u0d32\u0d02", "id": "osm-way-1267413606", "osm_type": "way", "osm_id": 1267413606, "category": "bridge", "source": "OpenStreetMap (ODbL)"}, "geometry": {"type": "Point", "coordinates": [76.014507, 11.7061504]}}, {"type": "Feature", "id": 1267431614, "properties": {"amenity": "shelter", "building": "yes", "shelter_type": "public_transport", "id": "osm-way-1267431614", "osm_type": "way", "osm_id": 1267431614, "category": "shelter_structure", "source": "OpenStreetMap (ODbL)"}, "geometry": {"type": "Point", "coordinates": [76.0257257, 11.7154078]}}, {"type": "Feature", "id": 1267469585, "properties": {"amenity": "shelter", "building": "yes", "shelter_type": "public_transport", "id": "osm-way-1267469585", "osm_type": "way", "osm_id": 1267469585, "category": "shelter_structure", "source": "OpenStreetMap (ODbL)"}, "geometry": {"type": "Point", "coordinates": [76.0586574, 11.6799525]}}, {"type": "Feature", "id": 1267469586, "properties": {"amenity": "shelter", "building": "yes", "shelter_type": "public_transport", "id": "osm-way-1267469586", "osm_type": "way", "osm_id": 1267469586, "category": "shelter_structure", "source": "OpenStreetMap (ODbL)"}, "geometry": {"type": "Point", "coordinates": [76.0585746, 11.6800138]}}, {"type": "Feature", "id": 1267488252, "properties": {"amenity": "shelter", "building": "yes", "shelter_type": "public_transport", "id": "osm-way-1267488252", "osm_type": "way", "osm_id": 1267488252, "category": "shelter_structure", "source": "OpenStreetMap (ODbL)"}, "geometry": {"type": "Point", "coordinates": [76.0050777, 11.6771995]}}, {"type": "Feature", "id": 1267488253, "properties": {"amenity": "shelter", "building": "yes", "shelter_type": "public_transport", "id": "osm-way-1267488253", "osm_type": "way", "osm_id": 1267488253, "category": "shelter_structure", "source": "OpenStreetMap (ODbL)"}, "geometry": {"type": "Point", "coordinates": [76.0084179, 11.6649658]}}, {"type": "Feature", "id": 1267488254, "properties": {"amenity": "shelter", "building": "yes", "shelter_type": "public_transport", "id": "osm-way-1267488254", "osm_type": "way", "osm_id": 1267488254, "category": "shelter_structure", "source": "OpenStreetMap (ODbL)"}, "geometry": {"type": "Point", "coordinates": [76.0036342, 11.6736481]}}, {"type": "Feature", "id": 1267489699, "properties": {"amenity": "shelter", "building": "yes", "shelter_type": "public_transport", "id": "osm-way-1267489699", "osm_type": "way", "osm_id": 1267489699, "category": "shelter_structure", "source": "OpenStreetMap (ODbL)"}, "geometry": {"type": "Point", "coordinates": [76.0212876, 11.6730961]}}, {"type": "Feature", "id": 1267489702, "properties": {"amenity": "place_of_worship", "building": "yes", "name": "Church of St. Theresa", "religion": "christian", "id": "osm-way-1267489702", "osm_type": "way", "osm_id": 1267489702, "category": "religious", "source": "OpenStreetMap (ODbL)"}, "geometry": {"type": "Point", "coordinates": [76.0228674, 11.6743958]}}, {"type": "Feature", "id": 1267501297, "properties": {"amenity": "shelter", "building": "yes", "shelter_type": "public_transport", "id": "osm-way-1267501297", "osm_type": "way", "osm_id": 1267501297, "category": "shelter_structure", "source": "OpenStreetMap (ODbL)"}, "geometry": {"type": "Point", "coordinates": [76.1149635, 11.7430828]}}, {"type": "Feature", "id": 1267507322, "properties": {"amenity": "shelter", "building": "yes", "shelter_type": "public_transport", "id": "osm-way-1267507322", "osm_type": "way", "osm_id": 1267507322, "category": "shelter_structure", "source": "OpenStreetMap (ODbL)"}, "geometry": {"type": "Point", "coordinates": [76.0957861, 11.7186489]}}, {"type": "Feature", "id": 1267511020, "properties": {"amenity": "place_of_worship", "building": "yes", "name": "Cherukunnu Temple", "name:ml": "\u0d1a\u0d46\u0d31\u0d41\u0d15\u0d41\u0d28\u0d4d\u0d28\u0d41 \u0d15\u0d4d\u0d37\u0d47\u0d24\u0d4d\u0d30\u0d02", "religion": "hindu", "id": "osm-way-1267511020", "osm_type": "way", "osm_id": 1267511020, "category": "religious", "source": "OpenStreetMap (ODbL)"}, "geometry": {"type": "Point", "coordinates": [76.1131274, 11.7201867]}}, {"type": "Feature", "id": 1267513773, "properties": {"amenity": "shelter", "building": "yes", "shelter_type": "public_transport", "id": "osm-way-1267513773", "osm_type": "way", "osm_id": 1267513773, "category": "shelter_structure", "source": "OpenStreetMap (ODbL)"}, "geometry": {"type": "Point", "coordinates": [76.0904001, 11.7045886]}}, {"type": "Feature", "id": 1267514263, "properties": {"amenity": "place_of_worship", "building": "yes", "name": "St. Mary's Church", "religion": "christian", "id": "osm-way-1267514263", "osm_type": "way", "osm_id": 1267514263, "category": "religious", "source": "OpenStreetMap (ODbL)"}, "geometry": {"type": "Point", "coordinates": [76.0886594, 11.7035562]}}, {"type": "Feature", "id": 1267514265, "properties": {"amenity": "shelter", "building": "yes", "shelter_type": "public_transport", "id": "osm-way-1267514265", "osm_type": "way", "osm_id": 1267514265, "category": "shelter_structure", "source": "OpenStreetMap (ODbL)"}, "geometry": {"type": "Point", "coordinates": [76.0889676, 11.7026901]}}, {"type": "Feature", "id": 1267515434, "properties": {"amenity": "place_of_worship", "building": "yes", "name": "St. George Church", "religion": "christian", "id": "osm-way-1267515434", "osm_type": "way", "osm_id": 1267515434, "category": "religious", "source": "OpenStreetMap (ODbL)"}, "geometry": {"type": "Point", "coordinates": [76.0963129, 11.7086804]}}, {"type": "Feature", "id": 1267516588, "properties": {"amenity": "shelter", "building": "yes", "shelter_type": "public_transport", "id": "osm-way-1267516588", "osm_type": "way", "osm_id": 1267516588, "category": "shelter_structure", "source": "OpenStreetMap (ODbL)"}, "geometry": {"type": "Point", "coordinates": [76.0954943, 11.7095253]}}, {"type": "Feature", "id": 1269113388, "properties": {"bridge": "yes", "highway": "tertiary", "layer": "1", "id": "osm-way-1269113388", "osm_type": "way", "osm_id": 1269113388, "category": "bridge", "source": "OpenStreetMap (ODbL)"}, "geometry": {"type": "Point", "coordinates": [75.8933851, 11.7439277]}}, {"type": "Feature", "id": 1295995158, "properties": {"bridge": "yes", "highway": "tertiary", "layer": "1", "id": "osm-way-1295995158", "osm_type": "way", "osm_id": 1295995158, "category": "bridge", "source": "OpenStreetMap (ODbL)"}, "geometry": {"type": "Point", "coordinates": [75.8815349, 11.7445823]}}, {"type": "Feature", "id": 1302992842, "properties": {"bridge": "yes", "highway": "residential", "layer": "1", "name": "Neripara Rd", "id": "osm-way-1302992842", "osm_type": "way", "osm_id": 1302992842, "category": "bridge", "source": "OpenStreetMap (ODbL)"}, "geometry": {"type": "Point", "coordinates": [75.9520795, 11.6868843]}}, {"type": "Feature", "id": 1303227866, "properties": {"bridge": "yes", "highway": "secondary", "layer": "1", "id": "osm-way-1303227866", "osm_type": "way", "osm_id": 1303227866, "category": "bridge", "source": "OpenStreetMap (ODbL)"}, "geometry": {"type": "Point", "coordinates": [76.1869599, 11.597427]}}, {"type": "Feature", "id": 1303273001, "properties": {"bridge": "yes", "highway": "secondary", "layer": "1", "name": "Ondayangadi - Thrissilery Road", "id": "osm-way-1303273001", "osm_type": "way", "osm_id": 1303273001, "category": "bridge", "source": "OpenStreetMap (ODbL)"}, "geometry": {"type": "Point", "coordinates": [76.0255585, 11.8277519]}}, {"type": "Feature", "id": 1304699679, "properties": {"amenity": "place_of_worship", "building": "yes", "name": "CSI Trinity Church Mundakkai", "religion": "christian", "id": "osm-way-1304699679", "osm_type": "way", "osm_id": 1304699679, "category": "religious", "source": "OpenStreetMap (ODbL)"}, "geometry": {"type": "Point", "coordinates": [76.155417, 11.4867354]}}, {"type": "Feature", "id": 1304785769, "properties": {"layer": "1", "waterway": "weir", "id": "osm-way-1304785769", "osm_type": "way", "osm_id": 1304785769, "category": "weir", "source": "OpenStreetMap (ODbL)"}, "geometry": {"type": "Point", "coordinates": [76.1636771, 11.5037597]}}, {"type": "Feature", "id": 1315251396, "properties": {"amenity": "place_of_worship", "building": "yes", "name": "kottanchira kariyathan kavu", "religion": "hindu", "id": "osm-way-1315251396", "osm_type": "way", "osm_id": 1315251396, "category": "religious", "source": "OpenStreetMap (ODbL)"}, "geometry": {"type": "Point", "coordinates": [76.0525902, 11.6281972]}}, {"type": "Feature", "id": 1334709558, "properties": {"name": "Enna Ooru Tribal Heritage Village", "tourism": "attraction", "id": "osm-way-1334709558", "osm_type": "way", "osm_id": 1334709558, "category": "tourism", "source": "OpenStreetMap (ODbL)"}, "geometry": {"type": "Point", "coordinates": [76.0250447, 11.5328617]}}, {"type": "Feature", "id": 1335881647, "properties": {"addr:district": "Wayanad", "amenity": "hospital", "name": "H M L Hospital", "id": "osm-way-1335881647", "osm_type": "way", "osm_id": 1335881647, "category": "hospital", "source": "OpenStreetMap (ODbL)"}, "geometry": {"type": "Point", "coordinates": [76.0143868, 11.583753]}}, {"type": "Feature", "id": 1336466959, "properties": {"amenity": "shelter", "building": "yes", "id": "osm-way-1336466959", "osm_type": "way", "osm_id": 1336466959, "category": "shelter_structure", "source": "OpenStreetMap (ODbL)"}, "geometry": {"type": "Point", "coordinates": [76.0147832, 11.5296492]}}, {"type": "Feature", "id": 1347522916, "properties": {"amenity": "shelter", "building": "yes", "shelter_type": "public_transport", "id": "osm-way-1347522916", "osm_type": "way", "osm_id": 1347522916, "category": "shelter_structure", "source": "OpenStreetMap (ODbL)"}, "geometry": {"type": "Point", "coordinates": [76.0898789, 11.6340431]}}, {"type": "Feature", "id": 1347522917, "properties": {"amenity": "shelter", "building": "yes", "shelter_type": "public_transport", "id": "osm-way-1347522917", "osm_type": "way", "osm_id": 1347522917, "category": "shelter_structure", "source": "OpenStreetMap (ODbL)"}, "geometry": {"type": "Point", "coordinates": [76.0994861, 11.6367621]}}, {"type": "Feature", "id": 1347522918, "properties": {"amenity": "shelter", "building": "yes", "shelter_type": "public_transport", "id": "osm-way-1347522918", "osm_type": "way", "osm_id": 1347522918, "category": "shelter_structure", "source": "OpenStreetMap (ODbL)"}, "geometry": {"type": "Point", "coordinates": [76.2350463, 11.6621251]}}, {"type": "Feature", "id": 1347587318, "properties": {"amenity": "shelter", "building": "yes", "shelter_type": "public_transport", "id": "osm-way-1347587318", "osm_type": "way", "osm_id": 1347587318, "category": "shelter_structure", "source": "OpenStreetMap (ODbL)"}, "geometry": {"type": "Point", "coordinates": [76.1327425, 11.5521187]}}, {"type": "Feature", "id": 1347587319, "properties": {"amenity": "shelter", "building": "yes", "shelter_type": "public_transport", "id": "osm-way-1347587319", "osm_type": "way", "osm_id": 1347587319, "category": "shelter_structure", "source": "OpenStreetMap (ODbL)"}, "geometry": {"type": "Point", "coordinates": [76.1388467, 11.5428379]}}, {"type": "Feature", "id": 1347587320, "properties": {"amenity": "shelter", "building": "yes", "shelter_type": "public_transport", "id": "osm-way-1347587320", "osm_type": "way", "osm_id": 1347587320, "category": "shelter_structure", "source": "OpenStreetMap (ODbL)"}, "geometry": {"type": "Point", "coordinates": [76.1344233, 11.538499]}}, {"type": "Feature", "id": 1347587321, "properties": {"amenity": "shelter", "building": "yes", "shelter_type": "public_transport", "id": "osm-way-1347587321", "osm_type": "way", "osm_id": 1347587321, "category": "shelter_structure", "source": "OpenStreetMap (ODbL)"}, "geometry": {"type": "Point", "coordinates": [76.1352583, 11.5348382]}}, {"type": "Feature", "id": 1347587322, "properties": {"amenity": "shelter", "building": "yes", "shelter_type": "public_transport", "id": "osm-way-1347587322", "osm_type": "way", "osm_id": 1347587322, "category": "shelter_structure", "source": "OpenStreetMap (ODbL)"}, "geometry": {"type": "Point", "coordinates": [76.1363048, 11.5314556]}}, {"type": "Feature", "id": 1347587324, "properties": {"amenity": "shelter", "building": "yes", "shelter_type": "public_transport", "id": "osm-way-1347587324", "osm_type": "way", "osm_id": 1347587324, "category": "shelter_structure", "source": "OpenStreetMap (ODbL)"}, "geometry": {"type": "Point", "coordinates": [76.140681, 11.5275058]}}, {"type": "Feature", "id": 1347587326, "properties": {"amenity": "college", "name": "Government Polytechnic College Meppadi", "id": "osm-way-1347587326", "osm_type": "way", "osm_id": 1347587326, "category": "college", "source": "OpenStreetMap (ODbL)"}, "geometry": {"type": "Point", "coordinates": [76.1387216, 11.526521]}}, {"type": "Feature", "id": 1347587327, "properties": {"amenity": "shelter", "building": "college", "shelter_type": "public_transport", "id": "osm-way-1347587327", "osm_type": "way", "osm_id": 1347587327, "category": "shelter_structure", "source": "OpenStreetMap (ODbL)"}, "geometry": {"type": "Point", "coordinates": [76.133527, 11.5222741]}}, {"type": "Feature", "id": 1347587328, "properties": {"amenity": "shelter", "building": "yes", "shelter_type": "public_transport", "id": "osm-way-1347587328", "osm_type": "way", "osm_id": 1347587328, "category": "shelter_structure", "source": "OpenStreetMap (ODbL)"}, "geometry": {"type": "Point", "coordinates": [76.1482475, 11.5045515]}}, {"type": "Feature", "id": 1347591431, "properties": {"amenity": "shelter", "building": "yes", "shelter_type": "public_transport", "id": "osm-way-1347591431", "osm_type": "way", "osm_id": 1347591431, "category": "shelter_structure", "source": "OpenStreetMap (ODbL)"}, "geometry": {"type": "Point", "coordinates": [76.1047636, 11.5824678]}}, {"type": "Feature", "id": 1347601562, "properties": {"amenity": "shelter", "building": "yes", "shelter_type": "public_transport", "id": "osm-way-1347601562", "osm_type": "way", "osm_id": 1347601562, "category": "shelter_structure", "source": "OpenStreetMap (ODbL)"}, "geometry": {"type": "Point", "coordinates": [76.1419803, 11.6513782]}}, {"type": "Feature", "id": 1347601563, "properties": {"amenity": "shelter", "building": "yes", "shelter_type": "public_transport", "id": "osm-way-1347601563", "osm_type": "way", "osm_id": 1347601563, "category": "shelter_structure", "source": "OpenStreetMap (ODbL)"}, "geometry": {"type": "Point", "coordinates": [76.1444081, 11.6453643]}}, {"type": "Feature", "id": 1347601567, "properties": {"amenity": "shelter", "building": "yes", "id": "osm-way-1347601567", "osm_type": "way", "osm_id": 1347601567, "category": "shelter_structure", "source": "OpenStreetMap (ODbL)"}, "geometry": {"type": "Point", "coordinates": [76.1418848, 11.6510859]}}, {"type": "Feature", "id": 1347601568, "properties": {"amenity": "shelter", "building": "yes", "shelter_type": "public_transport", "id": "osm-way-1347601568", "osm_type": "way", "osm_id": 1347601568, "category": "shelter_structure", "source": "OpenStreetMap (ODbL)"}, "geometry": {"type": "Point", "coordinates": [76.1453632, 11.642576]}}, {"type": "Feature", "id": 1347601569, "properties": {"amenity": "shelter", "building": "yes", "shelter_type": "public_transport", "id": "osm-way-1347601569", "osm_type": "way", "osm_id": 1347601569, "category": "shelter_structure", "source": "OpenStreetMap (ODbL)"}, "geometry": {"type": "Point", "coordinates": [76.1454206, 11.6391841]}}, {"type": "Feature", "id": 1347601571, "properties": {"amenity": "shelter", "building": "yes", "shelter_type": "public_transport", "id": "osm-way-1347601571", "osm_type": "way", "osm_id": 1347601571, "category": "shelter_structure", "source": "OpenStreetMap (ODbL)"}, "geometry": {"type": "Point", "coordinates": [76.150191, 11.6343509]}}, {"type": "Feature", "id": 1347601572, "properties": {"amenity": "shelter", "building": "yes", "shelter_type": "public_transport", "id": "osm-way-1347601572", "osm_type": "way", "osm_id": 1347601572, "category": "shelter_structure", "source": "OpenStreetMap (ODbL)"}, "geometry": {"type": "Point", "coordinates": [76.1506982, 11.6307429]}}, {"type": "Feature", "id": 1347601573, "properties": {"amenity": "shelter", "building": "yes", "shelter_type": "public_transport", "id": "osm-way-1347601573", "osm_type": "way", "osm_id": 1347601573, "category": "shelter_structure", "source": "OpenStreetMap (ODbL)"}, "geometry": {"type": "Point", "coordinates": [76.156047, 11.6245898]}}, {"type": "Feature", "id": 1347601574, "properties": {"amenity": "shelter", "building": "yes", "shelter_type": "public_transport", "id": "osm-way-1347601574", "osm_type": "way", "osm_id": 1347601574, "category": "shelter_structure", "source": "OpenStreetMap (ODbL)"}, "geometry": {"type": "Point", "coordinates": [76.1567599, 11.623214]}}, {"type": "Feature", "id": 1347601575, "properties": {"amenity": "shelter", "building": "yes", "shelter_type": "public_transport", "id": "osm-way-1347601575", "osm_type": "way", "osm_id": 1347601575, "category": "shelter_structure", "source": "OpenStreetMap (ODbL)"}, "geometry": {"type": "Point", "coordinates": [76.1581187, 11.6187945]}}, {"type": "Feature", "id": 1347601576, "properties": {"amenity": "shelter", "building": "yes", "shelter_type": "public_transport", "id": "osm-way-1347601576", "osm_type": "way", "osm_id": 1347601576, "category": "shelter_structure", "source": "OpenStreetMap (ODbL)"}, "geometry": {"type": "Point", "coordinates": [76.1580006, 11.6192018]}}, {"type": "Feature", "id": 1347602538, "properties": {"amenity": "shelter", "building": "yes", "shelter_type": "public_transport", "id": "osm-way-1347602538", "osm_type": "way", "osm_id": 1347602538, "category": "shelter_structure", "source": "OpenStreetMap (ODbL)"}, "geometry": {"type": "Point", "coordinates": [76.1601041, 11.656663]}}, {"type": "Feature", "id": 1348712676, "properties": {"amenity": "shelter", "building": "yes", "shelter_type": "public_transport", "id": "osm-way-1348712676", "osm_type": "way", "osm_id": 1348712676, "category": "shelter_structure", "source": "OpenStreetMap (ODbL)"}, "geometry": {"type": "Point", "coordinates": [76.0810375, 11.796558]}}, {"type": "Feature", "id": 1348714188, "properties": {"amenity": "shelter", "building": "yes", "shelter_type": "public_transport", "id": "osm-way-1348714188", "osm_type": "way", "osm_id": 1348714188, "category": "shelter_structure", "source": "OpenStreetMap (ODbL)"}, "geometry": {"type": "Point", "coordinates": [76.2042048, 11.7735088]}}, {"type": "Feature", "id": 1349601004, "properties": {"amenity": "shelter", "building": "yes", "shelter_type": "public_transport", "id": "osm-way-1349601004", "osm_type": "way", "osm_id": 1349601004, "category": "shelter_structure", "source": "OpenStreetMap (ODbL)"}, "geometry": {"type": "Point", "coordinates": [76.0928566, 11.7562738]}}, {"type": "Feature", "id": 1349601005, "properties": {"amenity": "shelter", "building": "yes", "shelter_type": "public_transport", "id": "osm-way-1349601005", "osm_type": "way", "osm_id": 1349601005, "category": "shelter_structure", "source": "OpenStreetMap (ODbL)"}, "geometry": {"type": "Point", "coordinates": [76.0879847, 11.7641322]}}, {"type": "Feature", "id": 1349607469, "properties": {"amenity": "shelter", "building": "yes", "shelter_type": "public_transport", "id": "osm-way-1349607469", "osm_type": "way", "osm_id": 1349607469, "category": "shelter_structure", "source": "OpenStreetMap (ODbL)"}, "geometry": {"type": "Point", "coordinates": [76.0731488, 11.7391224]}}, {"type": "Feature", "id": 1349607470, "properties": {"amenity": "shelter", "building": "yes", "shelter_type": "public_transport", "id": "osm-way-1349607470", "osm_type": "way", "osm_id": 1349607470, "category": "shelter_structure", "source": "OpenStreetMap (ODbL)"}, "geometry": {"type": "Point", "coordinates": [76.0838196, 11.7460022]}}, {"type": "Feature", "id": 1349607473, "properties": {"amenity": "shelter", "building": "yes", "shelter_type": "public_transport", "id": "osm-way-1349607473", "osm_type": "way", "osm_id": 1349607473, "category": "shelter_structure", "source": "OpenStreetMap (ODbL)"}, "geometry": {"type": "Point", "coordinates": [76.09146, 11.7508611]}}, {"type": "Feature", "id": 1349607474, "properties": {"amenity": "shelter", "building": "yes", "shelter_type": "public_transport", "id": "osm-way-1349607474", "osm_type": "way", "osm_id": 1349607474, "category": "shelter_structure", "source": "OpenStreetMap (ODbL)"}, "geometry": {"type": "Point", "coordinates": [76.0877238, 11.7719249]}}, {"type": "Feature", "id": 1349607475, "properties": {"amenity": "shelter", "building": "yes", "shelter_type": "public_transport", "id": "osm-way-1349607475", "osm_type": "way", "osm_id": 1349607475, "category": "shelter_structure", "source": "OpenStreetMap (ODbL)"}, "geometry": {"type": "Point", "coordinates": [76.083128, 11.7728671]}}, {"type": "Feature", "id": 1349607476, "properties": {"amenity": "shelter", "building": "yes", "shelter_type": "public_transport", "id": "osm-way-1349607476", "osm_type": "way", "osm_id": 1349607476, "category": "shelter_structure", "source": "OpenStreetMap (ODbL)"}, "geometry": {"type": "Point", "coordinates": [76.0811008, 11.7740526]}}, {"type": "Feature", "id": 1349607477, "properties": {"amenity": "shelter", "building": "yes", "shelter_type": "public_transport", "id": "osm-way-1349607477", "osm_type": "way", "osm_id": 1349607477, "category": "shelter_structure", "source": "OpenStreetMap (ODbL)"}, "geometry": {"type": "Point", "coordinates": [76.079537, 11.7786877]}}, {"type": "Feature", "id": 1349607478, "properties": {"amenity": "shelter", "building": "yes", "shelter_type": "public_transport", "id": "osm-way-1349607478", "osm_type": "way", "osm_id": 1349607478, "category": "shelter_structure", "source": "OpenStreetMap (ODbL)"}, "geometry": {"type": "Point", "coordinates": [76.079866, 11.7832761]}}, {"type": "Feature", "id": 1349607479, "properties": {"amenity": "shelter", "building": "yes", "shelter_type": "public_transport", "id": "osm-way-1349607479", "osm_type": "way", "osm_id": 1349607479, "category": "shelter_structure", "source": "OpenStreetMap (ODbL)"}, "geometry": {"type": "Point", "coordinates": [76.078942, 11.7852561]}}, {"type": "Feature", "id": 1349607480, "properties": {"amenity": "shelter", "building": "yes", "shelter_type": "public_transport", "id": "osm-way-1349607480", "osm_type": "way", "osm_id": 1349607480, "category": "shelter_structure", "source": "OpenStreetMap (ODbL)"}, "geometry": {"type": "Point", "coordinates": [76.0795513, 11.7907637]}}, {"type": "Feature", "id": 1350695727, "properties": {"amenity": "shelter", "building": "yes", "shelter_type": "public_transport", "id": "osm-way-1350695727", "osm_type": "way", "osm_id": 1350695727, "category": "shelter_structure", "source": "OpenStreetMap (ODbL)"}, "geometry": {"type": "Point", "coordinates": [76.2338984, 11.6623353]}}, {"type": "Feature", "id": 1350695728, "properties": {"amenity": "shelter", "building": "yes", "shelter_type": "public_transport", "id": "osm-way-1350695728", "osm_type": "way", "osm_id": 1350695728, "category": "shelter_structure", "source": "OpenStreetMap (ODbL)"}, "geometry": {"type": "Point", "coordinates": [76.2568127, 11.6625337]}}, {"type": "Feature", "id": 1350697032, "properties": {"amenity": "shelter", "building": "yes", "shelter_type": "public_transport", "id": "osm-way-1350697032", "osm_type": "way", "osm_id": 1350697032, "category": "shelter_structure", "source": "OpenStreetMap (ODbL)"}, "geometry": {"type": "Point", "coordinates": [76.2056007, 11.6822173]}}, {"type": "Feature", "id": 1350699124, "properties": {"amenity": "shelter", "building": "yes", "shelter_type": "public_transport", "id": "osm-way-1350699124", "osm_type": "way", "osm_id": 1350699124, "category": "shelter_structure", "source": "OpenStreetMap (ODbL)"}, "geometry": {"type": "Point", "coordinates": [76.2414862, 11.7464766]}}, {"type": "Feature", "id": 1350914022, "properties": {"amenity": "shelter", "building": "yes", "shelter_type": "public_transport", "id": "osm-way-1350914022", "osm_type": "way", "osm_id": 1350914022, "category": "shelter_structure", "source": "OpenStreetMap (ODbL)"}, "geometry": {"type": "Point", "coordinates": [76.0002693, 11.7957184]}}, {"type": "Feature", "id": 1350914023, "properties": {"amenity": "shelter", "building": "yes", "shelter_type": "public_transport", "id": "osm-way-1350914023", "osm_type": "way", "osm_id": 1350914023, "category": "shelter_structure", "source": "OpenStreetMap (ODbL)"}, "geometry": {"type": "Point", "coordinates": [76.1364112, 11.7875692]}}, {"type": "Feature", "id": 1350928612, "properties": {"amenity": "shelter", "building": "yes", "shelter_type": "public_transport", "id": "osm-way-1350928612", "osm_type": "way", "osm_id": 1350928612, "category": "shelter_structure", "source": "OpenStreetMap (ODbL)"}, "geometry": {"type": "Point", "coordinates": [76.0020642, 11.7893427]}}, {"type": "Feature", "id": 1350928613, "properties": {"amenity": "shelter", "building": "yes", "shelter_type": "public_transport", "id": "osm-way-1350928613", "osm_type": "way", "osm_id": 1350928613, "category": "shelter_structure", "source": "OpenStreetMap (ODbL)"}, "geometry": {"type": "Point", "coordinates": [76.0035511, 11.7780016]}}, {"type": "Feature", "id": 1350928614, "properties": {"amenity": "shelter", "building": "yes", "shelter_type": "public_transport", "id": "osm-way-1350928614", "osm_type": "way", "osm_id": 1350928614, "category": "shelter_structure", "source": "OpenStreetMap (ODbL)"}, "geometry": {"type": "Point", "coordinates": [76.0045082, 11.7512033]}}, {"type": "Feature", "id": 1350928616, "properties": {"amenity": "shelter", "building": "yes", "shelter_type": "public_transport", "id": "osm-way-1350928616", "osm_type": "way", "osm_id": 1350928616, "category": "shelter_structure", "source": "OpenStreetMap (ODbL)"}, "geometry": {"type": "Point", "coordinates": [75.9748053, 11.6795847]}}, {"type": "Feature", "id": 1350928634, "properties": {"amenity": "shelter", "building": "yes", "shelter_type": "public_transport", "id": "osm-way-1350928634", "osm_type": "way", "osm_id": 1350928634, "category": "shelter_structure", "source": "OpenStreetMap (ODbL)"}, "geometry": {"type": "Point", "coordinates": [76.0034284, 11.6433141]}}, {"type": "Feature", "id": 1350928637, "properties": {"amenity": "shelter", "building": "yes", "shelter_type": "public_transport", "id": "osm-way-1350928637", "osm_type": "way", "osm_id": 1350928637, "category": "shelter_structure", "source": "OpenStreetMap (ODbL)"}, "geometry": {"type": "Point", "coordinates": [76.0142351, 11.63646]}}, {"type": "Feature", "id": 1350928638, "properties": {"amenity": "shelter", "building": "yes", "shelter_type": "public_transport", "id": "osm-way-1350928638", "osm_type": "way", "osm_id": 1350928638, "category": "shelter_structure", "source": "OpenStreetMap (ODbL)"}, "geometry": {"type": "Point", "coordinates": [76.0637354, 11.615402]}}, {"type": "Feature", "id": 1350970408, "properties": {"amenity": "shelter", "building": "roof", "shelter_type": "public_transport", "id": "osm-way-1350970408", "osm_type": "way", "osm_id": 1350970408, "category": "shelter_structure", "source": "OpenStreetMap (ODbL)"}, "geometry": {"type": "Point", "coordinates": [76.2128162, 11.6176329]}}, {"type": "Feature", "id": 1350970420, "properties": {"bridge": "yes", "highway": "secondary", "layer": "1", "id": "osm-way-1350970420", "osm_type": "way", "osm_id": 1350970420, "category": "bridge", "source": "OpenStreetMap (ODbL)"}, "geometry": {"type": "Point", "coordinates": [76.2545345, 11.5859296]}}, {"type": "Feature", "id": 1350970421, "properties": {"amenity": "shelter", "building": "yes", "shelter_type": "public_transport", "id": "osm-way-1350970421", "osm_type": "way", "osm_id": 1350970421, "category": "shelter_structure", "source": "OpenStreetMap (ODbL)"}, "geometry": {"type": "Point", "coordinates": [76.2545089, 11.58533]}}, {"type": "Feature", "id": 1350970425, "properties": {"amenity": "shelter", "building": "yes", "shelter_type": "public_transport", "id": "osm-way-1350970425", "osm_type": "way", "osm_id": 1350970425, "category": "shelter_structure", "source": "OpenStreetMap (ODbL)"}, "geometry": {"type": "Point", "coordinates": [76.1952092, 11.6181578]}}, {"type": "Feature", "id": 1350976362, "properties": {"amenity": "shelter", "building": "yes", "shelter_type": "public_transport", "id": "osm-way-1350976362", "osm_type": "way", "osm_id": 1350976362, "category": "shelter_structure", "source": "OpenStreetMap (ODbL)"}, "geometry": {"type": "Point", "coordinates": [76.0068718, 11.803533]}}, {"type": "Feature", "id": 1350976363, "properties": {"amenity": "shelter", "building": "yes", "shelter_type": "public_transport", "id": "osm-way-1350976363", "osm_type": "way", "osm_id": 1350976363, "category": "shelter_structure", "source": "OpenStreetMap (ODbL)"}, "geometry": {"type": "Point", "coordinates": [76.0143669, 11.8094948]}}, {"type": "Feature", "id": 1350976364, "properties": {"amenity": "shelter", "building": "yes", "shelter_type": "public_transport", "id": "osm-way-1350976364", "osm_type": "way", "osm_id": 1350976364, "category": "shelter_structure", "source": "OpenStreetMap (ODbL)"}, "geometry": {"type": "Point", "coordinates": [76.0144197, 11.8095604]}}, {"type": "Feature", "id": 1350976374, "properties": {"amenity": "shelter", "building": "yes", "shelter_type": "public_transport", "id": "osm-way-1350976374", "osm_type": "way", "osm_id": 1350976374, "category": "shelter_structure", "source": "OpenStreetMap (ODbL)"}, "geometry": {"type": "Point", "coordinates": [76.03683, 11.8875849]}}, {"type": "Feature", "id": 1350976376, "properties": {"amenity": "shelter", "building": "yes", "shelter_type": "public_transport", "id": "osm-way-1350976376", "osm_type": "way", "osm_id": 1350976376, "category": "shelter_structure", "source": "OpenStreetMap (ODbL)"}, "geometry": {"type": "Point", "coordinates": [76.0093532, 11.9030951]}}, {"type": "Feature", "id": 1350976379, "properties": {"bridge": "yes", "highway": "tertiary", "layer": "1", "name": "Panavalli - Thirunelli Road", "id": "osm-way-1350976379", "osm_type": "way", "osm_id": 1350976379, "category": "bridge", "source": "OpenStreetMap (ODbL)"}, "geometry": {"type": "Point", "coordinates": [75.9928636, 11.9078957]}}, {"type": "Feature", "id": 1351962107, "properties": {"bridge": "yes", "highway": "secondary", "layer": "1", "name": "Karttikulam - Panavalli Road", "id": "osm-way-1351962107", "osm_type": "way", "osm_id": 1351962107, "category": "bridge", "source": "OpenStreetMap (ODbL)"}, "geometry": {"type": "Point", "coordinates": [76.0593031, 11.8526589]}}, {"type": "Feature", "id": 1351962108, "properties": {"amenity": "shelter", "building": "yes", "name": "K S Kumaran Memorial Waiting Shed", "shelter_type": "public_transport", "id": "osm-way-1351962108", "osm_type": "way", "osm_id": 1351962108, "category": "shelter_structure", "source": "OpenStreetMap (ODbL)"}, "geometry": {"type": "Point", "coordinates": [76.0592793, 11.8528618]}}, {"type": "Feature", "id": 1352493920, "properties": {"amenity": "shelter", "building": "yes", "shelter_type": "public_transport", "id": "osm-way-1352493920", "osm_type": "way", "osm_id": 1352493920, "category": "shelter_structure", "source": "OpenStreetMap (ODbL)"}, "geometry": {"type": "Point", "coordinates": [76.0023311, 11.7914442]}}, {"type": "Feature", "id": 1352493923, "properties": {"amenity": "shelter", "building": "yes", "shelter_type": "public_transport", "id": "osm-way-1352493923", "osm_type": "way", "osm_id": 1352493923, "category": "shelter_structure", "source": "OpenStreetMap (ODbL)"}, "geometry": {"type": "Point", "coordinates": [76.0065177, 11.7589189]}}, {"type": "Feature", "id": 1352493924, "properties": {"amenity": "shelter", "building": "yes", "shelter_type": "public_transport", "id": "osm-way-1352493924", "osm_type": "way", "osm_id": 1352493924, "category": "shelter_structure", "source": "OpenStreetMap (ODbL)"}, "geometry": {"type": "Point", "coordinates": [75.9995324, 11.7497963]}}, {"type": "Feature", "id": 1352493925, "properties": {"amenity": "shelter", "building": "yes", "shelter_type": "public_transport", "id": "osm-way-1352493925", "osm_type": "way", "osm_id": 1352493925, "category": "shelter_structure", "source": "OpenStreetMap (ODbL)"}, "geometry": {"type": "Point", "coordinates": [75.9996161, 11.7499641]}}, {"type": "Feature", "id": 1352493926, "properties": {"amenity": "shelter", "building": "yes", "shelter_type": "public_transport", "id": "osm-way-1352493926", "osm_type": "way", "osm_id": 1352493926, "category": "shelter_structure", "source": "OpenStreetMap (ODbL)"}, "geometry": {"type": "Point", "coordinates": [75.9949515, 11.7449203]}}, {"type": "Feature", "id": 1352493927, "properties": {"amenity": "shelter", "building": "yes", "shelter_type": "public_transport", "id": "osm-way-1352493927", "osm_type": "way", "osm_id": 1352493927, "category": "shelter_structure", "source": "OpenStreetMap (ODbL)"}, "geometry": {"type": "Point", "coordinates": [75.9937162, 11.7413156]}}, {"type": "Feature", "id": 1352493928, "properties": {"amenity": "shelter", "building": "yes", "shelter_type": "public_transport", "id": "osm-way-1352493928", "osm_type": "way", "osm_id": 1352493928, "category": "shelter_structure", "source": "OpenStreetMap (ODbL)"}, "geometry": {"type": "Point", "coordinates": [75.9935518, 11.7410535]}}, {"type": "Feature", "id": 1352493929, "properties": {"amenity": "shelter", "building": "yes", "shelter_type": "public_transport", "id": "osm-way-1352493929", "osm_type": "way", "osm_id": 1352493929, "category": "shelter_structure", "source": "OpenStreetMap (ODbL)"}, "geometry": {"type": "Point", "coordinates": [75.9881259, 11.7377208]}}, {"type": "Feature", "id": 1352493931, "properties": {"amenity": "shelter", "building": "yes", "shelter_type": "public_transport", "id": "osm-way-1352493931", "osm_type": "way", "osm_id": 1352493931, "category": "shelter_structure", "source": "OpenStreetMap (ODbL)"}, "geometry": {"type": "Point", "coordinates": [75.9842177, 11.7356817]}}, {"type": "Feature", "id": 1352493932, "properties": {"amenity": "shelter", "building": "yes", "shelter_type": "public_transport", "id": "osm-way-1352493932", "osm_type": "way", "osm_id": 1352493932, "category": "shelter_structure", "source": "OpenStreetMap (ODbL)"}, "geometry": {"type": "Point", "coordinates": [75.9839911, 11.7353463]}}, {"type": "Feature", "id": 1352493935, "properties": {"amenity": "shelter", "building": "yes", "shelter_type": "public_transport", "id": "osm-way-1352493935", "osm_type": "way", "osm_id": 1352493935, "category": "shelter_structure", "source": "OpenStreetMap (ODbL)"}, "geometry": {"type": "Point", "coordinates": [75.9841665, 11.7182694]}}, {"type": "Feature", "id": 1352493936, "properties": {"amenity": "shelter", "building": "yes", "shelter_type": "public_transport", "id": "osm-way-1352493936", "osm_type": "way", "osm_id": 1352493936, "category": "shelter_structure", "source": "OpenStreetMap (ODbL)"}, "geometry": {"type": "Point", "coordinates": [75.9819506, 11.711268]}}, {"type": "Feature", "id": 1352493937, "properties": {"amenity": "shelter", "building": "yes", "shelter_type": "public_transport", "id": "osm-way-1352493937", "osm_type": "way", "osm_id": 1352493937, "category": "shelter_structure", "source": "OpenStreetMap (ODbL)"}, "geometry": {"type": "Point", "coordinates": [75.9826336, 11.7153166]}}, {"type": "Feature", "id": 1352544975, "properties": {"amenity": "shelter", "building": "yes", "shelter_type": "public_transport", "id": "osm-way-1352544975", "osm_type": "way", "osm_id": 1352544975, "category": "shelter_structure", "source": "OpenStreetMap (ODbL)"}, "geometry": {"type": "Point", "coordinates": [76.0806794, 11.6952311]}}, {"type": "Feature", "id": 1352544976, "properties": {"amenity": "shelter", "building": "yes", "shelter_type": "public_transport", "id": "osm-way-1352544976", "osm_type": "way", "osm_id": 1352544976, "category": "shelter_structure", "source": "OpenStreetMap (ODbL)"}, "geometry": {"type": "Point", "coordinates": [76.0808186, 11.6951829]}}, {"type": "Feature", "id": 1352544978, "properties": {"amenity": "shelter", "building": "yes", "shelter_type": "public_transport", "id": "osm-way-1352544978", "osm_type": "way", "osm_id": 1352544978, "category": "shelter_structure", "source": "OpenStreetMap (ODbL)"}, "geometry": {"type": "Point", "coordinates": [76.0734205, 11.7296848]}}, {"type": "Feature", "id": 1352544979, "properties": {"amenity": "shelter", "building": "yes", "shelter_type": "public_transport", "id": "osm-way-1352544979", "osm_type": "way", "osm_id": 1352544979, "category": "shelter_structure", "source": "OpenStreetMap (ODbL)"}, "geometry": {"type": "Point", "coordinates": [76.0802989, 11.7198823]}}, {"type": "Feature", "id": 1352544982, "properties": {"amenity": "shelter", "building": "yes", "shelter_type": "public_transport", "id": "osm-way-1352544982", "osm_type": "way", "osm_id": 1352544982, "category": "shelter_structure", "source": "OpenStreetMap (ODbL)"}, "geometry": {"type": "Point", "coordinates": [76.0795263, 11.7107146]}}, {"type": "Feature", "id": 1352572227, "properties": {"amenity": "shelter", "building": "yes", "shelter_type": "public_transport", "id": "osm-way-1352572227", "osm_type": "way", "osm_id": 1352572227, "category": "shelter_structure", "source": "OpenStreetMap (ODbL)"}, "geometry": {"type": "Point", "coordinates": [76.0795784, 11.6880417]}}, {"type": "Feature", "id": 1352572228, "properties": {"amenity": "shelter", "building": "yes", "shelter_type": "public_transport", "id": "osm-way-1352572228", "osm_type": "way", "osm_id": 1352572228, "category": "shelter_structure", "source": "OpenStreetMap (ODbL)"}, "geometry": {"type": "Point", "coordinates": [76.0797626, 11.6881663]}}, {"type": "Feature", "id": 1352572229, "properties": {"amenity": "shelter", "building": "yes", "shelter_type": "public_transport", "id": "osm-way-1352572229", "osm_type": "way", "osm_id": 1352572229, "category": "shelter_structure", "source": "OpenStreetMap (ODbL)"}, "geometry": {"type": "Point", "coordinates": [76.0764401, 11.6829908]}}, {"type": "Feature", "id": 1352572231, "properties": {"amenity": "shelter", "building": "yes", "shelter_type": "public_transport", "id": "osm-way-1352572231", "osm_type": "way", "osm_id": 1352572231, "category": "shelter_structure", "source": "OpenStreetMap (ODbL)"}, "geometry": {"type": "Point", "coordinates": [76.0744347, 11.6775637]}}, {"type": "Feature", "id": 1352572233, "properties": {"amenity": "shelter", "building": "yes", "shelter_type": "public_transport", "id": "osm-way-1352572233", "osm_type": "way", "osm_id": 1352572233, "category": "shelter_structure", "source": "OpenStreetMap (ODbL)"}, "geometry": {"type": "Point", "coordinates": [76.0760447, 11.6750752]}}, {"type": "Feature", "id": 1352572234, "properties": {"amenity": "shelter", "building": "yes", "shelter_type": "public_transport", "id": "osm-way-1352572234", "osm_type": "way", "osm_id": 1352572234, "category": "shelter_structure", "source": "OpenStreetMap (ODbL)"}, "geometry": {"type": "Point", "coordinates": [76.0773832, 11.6732086]}}, {"type": "Feature", "id": 1352616293, "properties": {"amenity": "shelter", "building": "yes", "shelter_type": "public_transport", "id": "osm-way-1352616293", "osm_type": "way", "osm_id": 1352616293, "category": "shelter_structure", "source": "OpenStreetMap (ODbL)"}, "geometry": {"type": "Point", "coordinates": [76.0796577, 11.6719942]}}, {"type": "Feature", "id": 1352616294, "properties": {"amenity": "shelter", "building": "yes", "shelter_type": "public_transport", "id": "osm-way-1352616294", "osm_type": "way", "osm_id": 1352616294, "category": "shelter_structure", "source": "OpenStreetMap (ODbL)"}, "geometry": {"type": "Point", "coordinates": [76.0800634, 11.6674407]}}, {"type": "Feature", "id": 1352616307, "properties": {"amenity": "shelter", "building": "yes", "shelter_type": "public_transport", "id": "osm-way-1352616307", "osm_type": "way", "osm_id": 1352616307, "category": "shelter_structure", "source": "OpenStreetMap (ODbL)"}, "geometry": {"type": "Point", "coordinates": [76.0839825, 11.6646839]}}, {"type": "Feature", "id": 1352616308, "properties": {"amenity": "shelter", "building": "yes", "shelter_type": "public_transport", "id": "osm-way-1352616308", "osm_type": "way", "osm_id": 1352616308, "category": "shelter_structure", "source": "OpenStreetMap (ODbL)"}, "geometry": {"type": "Point", "coordinates": [76.0838643, 11.6645897]}}, {"type": "Feature", "id": 1352616309, "properties": {"amenity": "shelter", "building": "yes", "shelter_type": "public_transport", "id": "osm-way-1352616309", "osm_type": "way", "osm_id": 1352616309, "category": "shelter_structure", "source": "OpenStreetMap (ODbL)"}, "geometry": {"type": "Point", "coordinates": [76.0837499, 11.6620936]}}, {"type": "Feature", "id": 1352616310, "properties": {"amenity": "shelter", "building": "yes", "shelter_type": "public_transport", "id": "osm-way-1352616310", "osm_type": "way", "osm_id": 1352616310, "category": "shelter_structure", "source": "OpenStreetMap (ODbL)"}, "geometry": {"type": "Point", "coordinates": [76.0880906, 11.6557944]}}, {"type": "Feature", "id": 1352616312, "properties": {"amenity": "shelter", "building": "yes", "shelter_type": "public_transport", "id": "osm-way-1352616312", "osm_type": "way", "osm_id": 1352616312, "category": "shelter_structure", "source": "OpenStreetMap (ODbL)"}, "geometry": {"type": "Point", "coordinates": [76.0900581, 11.647868]}}, {"type": "Feature", "id": 1352616313, "properties": {"amenity": "shelter", "building": "yes", "shelter_type": "public_transport", "id": "osm-way-1352616313", "osm_type": "way", "osm_id": 1352616313, "category": "shelter_structure", "source": "OpenStreetMap (ODbL)"}, "geometry": {"type": "Point", "coordinates": [76.0869466, 11.6416576]}}, {"type": "Feature", "id": 1352616315, "properties": {"amenity": "shelter", "building": "yes", "shelter_type": "public_transport", "id": "osm-way-1352616315", "osm_type": "way", "osm_id": 1352616315, "category": "shelter_structure", "source": "OpenStreetMap (ODbL)"}, "geometry": {"type": "Point", "coordinates": [76.0865414, 11.6384168]}}, {"type": "Feature", "id": 1352616316, "properties": {"amenity": "shelter", "building": "yes", "shelter_type": "public_transport", "id": "osm-way-1352616316", "osm_type": "way", "osm_id": 1352616316, "category": "shelter_structure", "source": "OpenStreetMap (ODbL)"}, "geometry": {"type": "Point", "coordinates": [76.086443, 11.6383718]}}, {"type": "Feature", "id": 1352616317, "properties": {"amenity": "shelter", "building": "yes", "shelter_type": "public_transport", "id": "osm-way-1352616317", "osm_type": "way", "osm_id": 1352616317, "category": "shelter_structure", "source": "OpenStreetMap (ODbL)"}, "geometry": {"type": "Point", "coordinates": [76.0892578, 11.6334726]}}, {"type": "Feature", "id": 1352616318, "properties": {"amenity": "shelter", "building": "yes", "shelter_type": "public_transport", "id": "osm-way-1352616318", "osm_type": "way", "osm_id": 1352616318, "category": "shelter_structure", "source": "OpenStreetMap (ODbL)"}, "geometry": {"type": "Point", "coordinates": [76.0870381, 11.6223934]}}, {"type": "Feature", "id": 1352616319, "properties": {"amenity": "shelter", "building": "yes", "shelter_type": "public_transport", "id": "osm-way-1352616319", "osm_type": "way", "osm_id": 1352616319, "category": "shelter_structure", "source": "OpenStreetMap (ODbL)"}, "geometry": {"type": "Point", "coordinates": [76.0847953, 11.6186836]}}, {"type": "Feature", "id": 1352616320, "properties": {"amenity": "shelter", "building": "yes", "shelter_type": "public_transport", "id": "osm-way-1352616320", "osm_type": "way", "osm_id": 1352616320, "category": "shelter_structure", "source": "OpenStreetMap (ODbL)"}, "geometry": {"type": "Point", "coordinates": [76.0827052, 11.6123103]}}, {"type": "Feature", "id": 1352632484, "properties": {"amenity": "shelter", "building": "yes", "shelter_type": "public_transport", "id": "osm-way-1352632484", "osm_type": "way", "osm_id": 1352632484, "category": "shelter_structure", "source": "OpenStreetMap (ODbL)"}, "geometry": {"type": "Point", "coordinates": [76.1005794, 11.7050919]}}, {"type": "Feature", "id": 1352632485, "properties": {"amenity": "shelter", "building": "yes", "shelter_type": "public_transport", "id": "osm-way-1352632485", "osm_type": "way", "osm_id": 1352632485, "category": "shelter_structure", "source": "OpenStreetMap (ODbL)"}, "geometry": {"type": "Point", "coordinates": [76.1046203, 11.7038995]}}, {"type": "Feature", "id": 1352632486, "properties": {"amenity": "shelter", "building": "yes", "shelter_type": "public_transport", "id": "osm-way-1352632486", "osm_type": "way", "osm_id": 1352632486, "category": "shelter_structure", "source": "OpenStreetMap (ODbL)"}, "geometry": {"type": "Point", "coordinates": [76.1064664, 11.7003993]}}, {"type": "Feature", "id": 1352632487, "properties": {"amenity": "shelter", "building": "yes", "shelter_type": "public_transport", "id": "osm-way-1352632487", "osm_type": "way", "osm_id": 1352632487, "category": "shelter_structure", "source": "OpenStreetMap (ODbL)"}, "geometry": {"type": "Point", "coordinates": [76.1092749, 11.6984002]}}, {"type": "Feature", "id": 1352632488, "properties": {"amenity": "shelter", "building": "yes", "shelter_type": "public_transport", "id": "osm-way-1352632488", "osm_type": "way", "osm_id": 1352632488, "category": "shelter_structure", "source": "OpenStreetMap (ODbL)"}, "geometry": {"type": "Point", "coordinates": [76.1107039, 11.6896732]}}, {"type": "Feature", "id": 1352632492, "properties": {"amenity": "shelter", "building": "yes", "shelter_type": "public_transport", "id": "osm-way-1352632492", "osm_type": "way", "osm_id": 1352632492, "category": "shelter_structure", "source": "OpenStreetMap (ODbL)"}, "geometry": {"type": "Point", "coordinates": [76.1121856, 11.6851999]}}, {"type": "Feature", "id": 1352632493, "properties": {"amenity": "shelter", "building": "yes", "shelter_type": "public_transport", "id": "osm-way-1352632493", "osm_type": "way", "osm_id": 1352632493, "category": "shelter_structure", "source": "OpenStreetMap (ODbL)"}, "geometry": {"type": "Point", "coordinates": [76.1144249, 11.6839461]}}, {"type": "Feature", "id": 1352632494, "properties": {"amenity": "shelter", "building": "yes", "shelter_type": "public_transport", "id": "osm-way-1352632494", "osm_type": "way", "osm_id": 1352632494, "category": "shelter_structure", "source": "OpenStreetMap (ODbL)"}, "geometry": {"type": "Point", "coordinates": [76.1180898, 11.6821511]}}, {"type": "Feature", "id": 1352632495, "properties": {"amenity": "shelter", "building": "yes", "shelter_type": "public_transport", "id": "osm-way-1352632495", "osm_type": "way", "osm_id": 1352632495, "category": "shelter_structure", "source": "OpenStreetMap (ODbL)"}, "geometry": {"type": "Point", "coordinates": [76.1243197, 11.6769559]}}, {"type": "Feature", "id": 1352632496, "properties": {"amenity": "shelter", "building": "yes", "shelter_type": "public_transport", "id": "osm-way-1352632496", "osm_type": "way", "osm_id": 1352632496, "category": "shelter_structure", "source": "OpenStreetMap (ODbL)"}, "geometry": {"type": "Point", "coordinates": [76.1276288, 11.6782951]}}, {"type": "Feature", "id": 1352632497, "properties": {"amenity": "shelter", "building": "yes", "shelter_type": "public_transport", "id": "osm-way-1352632497", "osm_type": "way", "osm_id": 1352632497, "category": "shelter_structure", "source": "OpenStreetMap (ODbL)"}, "geometry": {"type": "Point", "coordinates": [76.1303856, 11.6766893]}}, {"type": "Feature", "id": 1352632501, "properties": {"amenity": "shelter", "building": "yes", "shelter_type": "public_transport", "id": "osm-way-1352632501", "osm_type": "way", "osm_id": 1352632501, "category": "shelter_structure", "source": "OpenStreetMap (ODbL)"}, "geometry": {"type": "Point", "coordinates": [76.1612018, 11.6626154]}}, {"type": "Feature", "id": 1352692793, "properties": {"amenity": "shelter", "building": "yes", "shelter_type": "public_transport", "id": "osm-way-1352692793", "osm_type": "way", "osm_id": 1352692793, "category": "shelter_structure", "source": "OpenStreetMap (ODbL)"}, "geometry": {"type": "Point", "coordinates": [76.1238971, 11.717956]}}, {"type": "Feature", "id": 1352692795, "properties": {"amenity": "shelter", "building": "yes", "shelter_type": "public_transport", "id": "osm-way-1352692795", "osm_type": "way", "osm_id": 1352692795, "category": "shelter_structure", "source": "OpenStreetMap (ODbL)"}, "geometry": {"type": "Point", "coordinates": [76.1177352, 11.7139574]}}, {"type": "Feature", "id": 1352692796, "properties": {"amenity": "shelter", "building": "yes", "id": "osm-way-1352692796", "osm_type": "way", "osm_id": 1352692796, "category": "shelter_structure", "source": "OpenStreetMap (ODbL)"}, "geometry": {"type": "Point", "coordinates": [76.1172595, 11.7136722]}}, {"type": "Feature", "id": 1352692801, "properties": {"amenity": "shelter", "building": "yes", "shelter_type": "public_transport", "id": "osm-way-1352692801", "osm_type": "way", "osm_id": 1352692801, "category": "shelter_structure", "source": "OpenStreetMap (ODbL)"}, "geometry": {"type": "Point", "coordinates": [76.1328501, 11.6819336]}}, {"type": "Feature", "id": 1352692802, "properties": {"amenity": "shelter", "building": "yes", "shelter_type": "public_transport", "id": "osm-way-1352692802", "osm_type": "way", "osm_id": 1352692802, "category": "shelter_structure", "source": "OpenStreetMap (ODbL)"}, "geometry": {"type": "Point", "coordinates": [76.1321514, 11.6834012]}}, {"type": "Feature", "id": 1352692803, "properties": {"amenity": "shelter", "building": "yes", "shelter_type": "public_transport", "id": "osm-way-1352692803", "osm_type": "way", "osm_id": 1352692803, "category": "shelter_structure", "source": "OpenStreetMap (ODbL)"}, "geometry": {"type": "Point", "coordinates": [76.1302622, 11.6862419]}}, {"type": "Feature", "id": 1352692804, "properties": {"amenity": "shelter", "building": "yes", "shelter_type": "public_transport", "id": "osm-way-1352692804", "osm_type": "way", "osm_id": 1352692804, "category": "shelter_structure", "source": "OpenStreetMap (ODbL)"}, "geometry": {"type": "Point", "coordinates": [76.1280117, 11.6903548]}}, {"type": "Feature", "id": 1352692806, "properties": {"amenity": "shelter", "building": "yes", "shelter_type": "public_transport", "id": "osm-way-1352692806", "osm_type": "way", "osm_id": 1352692806, "category": "shelter_structure", "source": "OpenStreetMap (ODbL)"}, "geometry": {"type": "Point", "coordinates": [76.1337491, 11.7005598]}}, {"type": "Feature", "id": 1352692807, "properties": {"amenity": "shelter", "building": "yes", "shelter_type": "public_transport", "id": "osm-way-1352692807", "osm_type": "way", "osm_id": 1352692807, "category": "shelter_structure", "source": "OpenStreetMap (ODbL)"}, "geometry": {"type": "Point", "coordinates": [76.1370707, 11.7026145]}}, {"type": "Feature", "id": 1352692808, "properties": {"amenity": "shelter", "building": "yes", "shelter_type": "public_transport", "id": "osm-way-1352692808", "osm_type": "way", "osm_id": 1352692808, "category": "shelter_structure", "source": "OpenStreetMap (ODbL)"}, "geometry": {"type": "Point", "coordinates": [76.1398342, 11.7050253]}}, {"type": "Feature", "id": 1352692809, "properties": {"amenity": "shelter", "building": "yes", "shelter_type": "public_transport", "id": "osm-way-1352692809", "osm_type": "way", "osm_id": 1352692809, "category": "shelter_structure", "source": "OpenStreetMap (ODbL)"}, "geometry": {"type": "Point", "coordinates": [76.1444074, 11.7092936]}}, {"type": "Feature", "id": 1352692810, "properties": {"amenity": "shelter", "building": "yes", "shelter_type": "public_transport", "id": "osm-way-1352692810", "osm_type": "way", "osm_id": 1352692810, "category": "shelter_structure", "source": "OpenStreetMap (ODbL)"}, "geometry": {"type": "Point", "coordinates": [76.1489137, 11.7116549]}}, {"type": "Feature", "id": 1352692811, "properties": {"amenity": "shelter", "building": "yes", "shelter_type": "public_transport", "id": "osm-way-1352692811", "osm_type": "way", "osm_id": 1352692811, "category": "shelter_structure", "source": "OpenStreetMap (ODbL)"}, "geometry": {"type": "Point", "coordinates": [76.1512152, 11.7128765]}}, {"type": "Feature", "id": 1352692814, "properties": {"amenity": "shelter", "building": "yes", "shelter_type": "public_transport", "id": "osm-way-1352692814", "osm_type": "way", "osm_id": 1352692814, "category": "shelter_structure", "source": "OpenStreetMap (ODbL)"}, "geometry": {"type": "Point", "coordinates": [76.1439335, 11.7237943]}}, {"type": "Feature", "id": 1352692815, "properties": {"amenity": "shelter", "building": "yes", "shelter_type": "public_transport", "id": "osm-way-1352692815", "osm_type": "way", "osm_id": 1352692815, "category": "shelter_structure", "source": "OpenStreetMap (ODbL)"}, "geometry": {"type": "Point", "coordinates": [76.1403842, 11.7216627]}}, {"type": "Feature", "id": 1352692816, "properties": {"amenity": "shelter", "building": "yes", "shelter_type": "public_transport", "id": "osm-way-1352692816", "osm_type": "way", "osm_id": 1352692816, "category": "shelter_structure", "source": "OpenStreetMap (ODbL)"}, "geometry": {"type": "Point", "coordinates": [76.1327644, 11.7198646]}}, {"type": "Feature", "id": 1352692817, "properties": {"amenity": "shelter", "building": "yes", "shelter_type": "public_transport", "id": "osm-way-1352692817", "osm_type": "way", "osm_id": 1352692817, "category": "shelter_structure", "source": "OpenStreetMap (ODbL)"}, "geometry": {"type": "Point", "coordinates": [76.1215967, 11.7167373]}}, {"type": "Feature", "id": 1352716392, "properties": {"amenity": "shelter", "building": "yes", "shelter_type": "public_transport", "id": "osm-way-1352716392", "osm_type": "way", "osm_id": 1352716392, "category": "shelter_structure", "source": "OpenStreetMap (ODbL)"}, "geometry": {"type": "Point", "coordinates": [76.1758509, 11.6360675]}}, {"type": "Feature", "id": 1352716397, "properties": {"amenity": "shelter", "building": "yes", "shelter_type": "public_transport", "id": "osm-way-1352716397", "osm_type": "way", "osm_id": 1352716397, "category": "shelter_structure", "source": "OpenStreetMap (ODbL)"}, "geometry": {"type": "Point", "coordinates": [76.1675627, 11.6474629]}}, {"type": "Feature", "id": 1352716399, "properties": {"amenity": "shelter", "building": "yes", "shelter_type": "public_transport", "id": "osm-way-1352716399", "osm_type": "way", "osm_id": 1352716399, "category": "shelter_structure", "source": "OpenStreetMap (ODbL)"}, "geometry": {"type": "Point", "coordinates": [76.1691325, 11.6505673]}}, {"type": "Feature", "id": 1352716403, "properties": {"amenity": "shelter", "building": "yes", "shelter_type": "public_transport", "id": "osm-way-1352716403", "osm_type": "way", "osm_id": 1352716403, "category": "shelter_structure", "source": "OpenStreetMap (ODbL)"}, "geometry": {"type": "Point", "coordinates": [76.1707879, 11.6589421]}}, {"type": "Feature", "id": 1352716405, "properties": {"amenity": "shelter", "building": "yes", "shelter_type": "public_transport", "id": "osm-way-1352716405", "osm_type": "way", "osm_id": 1352716405, "category": "shelter_structure", "source": "OpenStreetMap (ODbL)"}, "geometry": {"type": "Point", "coordinates": [76.1866754, 11.6147535]}}, {"type": "Feature", "id": 1352716411, "properties": {"amenity": "shelter", "building": "yes", "shelter_type": "public_transport", "id": "osm-way-1352716411", "osm_type": "way", "osm_id": 1352716411, "category": "shelter_structure", "source": "OpenStreetMap (ODbL)"}, "geometry": {"type": "Point", "coordinates": [76.1780995, 11.6181757]}}, {"type": "Feature", "id": 1352716412, "properties": {"amenity": "shelter", "building": "yes", "shelter_type": "public_transport", "id": "osm-way-1352716412", "osm_type": "way", "osm_id": 1352716412, "category": "shelter_structure", "source": "OpenStreetMap (ODbL)"}, "geometry": {"type": "Point", "coordinates": [76.1766904, 11.6239257]}}, {"type": "Feature", "id": 1352716413, "properties": {"amenity": "shelter", "building": "yes", "shelter_type": "public_transport", "id": "osm-way-1352716413", "osm_type": "way", "osm_id": 1352716413, "category": "shelter_structure", "source": "OpenStreetMap (ODbL)"}, "geometry": {"type": "Point", "coordinates": [76.1725211, 11.6380851]}}, {"type": "Feature", "id": 1352716415, "properties": {"amenity": "shelter", "building": "yes", "shelter_type": "public_transport", "id": "osm-way-1352716415", "osm_type": "way", "osm_id": 1352716415, "category": "shelter_structure", "source": "OpenStreetMap (ODbL)"}, "geometry": {"type": "Point", "coordinates": [76.1692913, 11.6394744]}}, {"type": "Feature", "id": 1352716417, "properties": {"amenity": "shelter", "building": "yes", "shelter_type": "public_transport", "id": "osm-way-1352716417", "osm_type": "way", "osm_id": 1352716417, "category": "shelter_structure", "source": "OpenStreetMap (ODbL)"}, "geometry": {"type": "Point", "coordinates": [76.1705089, 11.6530561]}}, {"type": "Feature", "id": 1352716419, "properties": {"amenity": "shelter", "building": "yes", "shelter_type": "public_transport", "id": "osm-way-1352716419", "osm_type": "way", "osm_id": 1352716419, "category": "shelter_structure", "source": "OpenStreetMap (ODbL)"}, "geometry": {"type": "Point", "coordinates": [76.166334, 11.6600434]}}, {"type": "Feature", "id": 1352931319, "properties": {"amenity": "shelter", "building": "yes", "shelter_type": "public_transport", "id": "osm-way-1352931319", "osm_type": "way", "osm_id": 1352931319, "category": "shelter_structure", "source": "OpenStreetMap (ODbL)"}, "geometry": {"type": "Point", "coordinates": [76.1421826, 11.5565027]}}, {"type": "Feature", "id": 1352931322, "properties": {"amenity": "shelter", "building": "yes", "shelter_type": "public_transport", "id": "osm-way-1352931322", "osm_type": "way", "osm_id": 1352931322, "category": "shelter_structure", "source": "OpenStreetMap (ODbL)"}, "geometry": {"type": "Point", "coordinates": [76.1720938, 11.5847041]}}, {"type": "Feature", "id": 1352931323, "properties": {"amenity": "shelter", "building": "yes", "shelter_type": "public_transport", "id": "osm-way-1352931323", "osm_type": "way", "osm_id": 1352931323, "category": "shelter_structure", "source": "OpenStreetMap (ODbL)"}, "geometry": {"type": "Point", "coordinates": [76.1690069, 11.5837583]}}, {"type": "Feature", "id": 1352931324, "properties": {"amenity": "shelter", "building": "yes", "shelter_type": "public_transport", "id": "osm-way-1352931324", "osm_type": "way", "osm_id": 1352931324, "category": "shelter_structure", "source": "OpenStreetMap (ODbL)"}, "geometry": {"type": "Point", "coordinates": [76.1529454, 11.5811153]}}, {"type": "Feature", "id": 1352931326, "properties": {"amenity": "shelter", "building": "yes", "shelter_type": "public_transport", "id": "osm-way-1352931326", "osm_type": "way", "osm_id": 1352931326, "category": "shelter_structure", "source": "OpenStreetMap (ODbL)"}, "geometry": {"type": "Point", "coordinates": [76.1508, 11.5790523]}}, {"type": "Feature", "id": 1352931328, "properties": {"amenity": "shelter", "building": "yes", "shelter_type": "public_transport", "id": "osm-way-1352931328", "osm_type": "way", "osm_id": 1352931328, "category": "shelter_structure", "source": "OpenStreetMap (ODbL)"}, "geometry": {"type": "Point", "coordinates": [76.142949, 11.5732598]}}, {"type": "Feature", "id": 1352931329, "properties": {"amenity": "place_of_worship", "building": "yes", "name": "Kannambadi Chamundeshwari Temple", "religion": "hindu", "id": "osm-way-1352931329", "osm_type": "way", "osm_id": 1352931329, "category": "religious", "source": "OpenStreetMap (ODbL)"}, "geometry": {"type": "Point", "coordinates": [76.1427358, 11.5731007]}}, {"type": "Feature", "id": 1352931331, "properties": {"amenity": "shelter", "building": "yes", "shelter_type": "public_transport", "id": "osm-way-1352931331", "osm_type": "way", "osm_id": 1352931331, "category": "shelter_structure", "source": "OpenStreetMap (ODbL)"}, "geometry": {"type": "Point", "coordinates": [76.1415241, 11.5717122]}}, {"type": "Feature", "id": 1352931332, "properties": {"amenity": "shelter", "building": "yes", "id": "osm-way-1352931332", "osm_type": "way", "osm_id": 1352931332, "category": "shelter_structure", "source": "OpenStreetMap (ODbL)"}, "geometry": {"type": "Point", "coordinates": [76.141609, 11.5718499]}}, {"type": "Feature", "id": 1352931333, "properties": {"amenity": "shelter", "building": "yes", "shelter_type": "public_transport", "id": "osm-way-1352931333", "osm_type": "way", "osm_id": 1352931333, "category": "shelter_structure", "source": "OpenStreetMap (ODbL)"}, "geometry": {"type": "Point", "coordinates": [76.1735511, 11.5821605]}}, {"type": "Feature", "id": 1352931336, "properties": {"amenity": "shelter", "building": "yes", "shelter_type": "public_transport", "id": "osm-way-1352931336", "osm_type": "way", "osm_id": 1352931336, "category": "shelter_structure", "source": "OpenStreetMap (ODbL)"}, "geometry": {"type": "Point", "coordinates": [76.2097194, 11.6040737]}}, {"type": "Feature", "id": 1352931341, "properties": {"amenity": "shelter", "building": "yes", "shelter_type": "public_transport", "id": "osm-way-1352931341", "osm_type": "way", "osm_id": 1352931341, "category": "shelter_structure", "source": "OpenStreetMap (ODbL)"}, "geometry": {"type": "Point", "coordinates": [76.1836676, 11.5973482]}}, {"type": "Feature", "id": 1352931342, "properties": {"amenity": "shelter", "building": "yes", "shelter_type": "public_transport", "id": "osm-way-1352931342", "osm_type": "way", "osm_id": 1352931342, "category": "shelter_structure", "source": "OpenStreetMap (ODbL)"}, "geometry": {"type": "Point", "coordinates": [76.1860509, 11.5958675]}}, {"type": "Feature", "id": 1352931346, "properties": {"amenity": "shelter", "building": "yes", "shelter_type": "public_transport", "id": "osm-way-1352931346", "osm_type": "way", "osm_id": 1352931346, "category": "shelter_structure", "source": "OpenStreetMap (ODbL)"}, "geometry": {"type": "Point", "coordinates": [76.2080722, 11.6084032]}}, {"type": "Feature", "id": 1352931347, "properties": {"amenity": "shelter", "building": "yes", "shelter_type": "public_transport", "id": "osm-way-1352931347", "osm_type": "way", "osm_id": 1352931347, "category": "shelter_structure", "source": "OpenStreetMap (ODbL)"}, "geometry": {"type": "Point", "coordinates": [76.2111739, 11.6179395]}}, {"type": "Feature", "id": 1352931351, "properties": {"amenity": "shelter", "building": "yes", "shelter_type": "public_transport", "id": "osm-way-1352931351", "osm_type": "way", "osm_id": 1352931351, "category": "shelter_structure", "source": "OpenStreetMap (ODbL)"}, "geometry": {"type": "Point", "coordinates": [76.2096516, 11.6093154]}}, {"type": "Feature", "id": 1352948902, "properties": {"amenity": "shelter", "building": "yes", "shelter_type": "public_transport", "id": "osm-way-1352948902", "osm_type": "way", "osm_id": 1352948902, "category": "shelter_structure", "source": "OpenStreetMap (ODbL)"}, "geometry": {"type": "Point", "coordinates": [76.2379096, 11.6486874]}}, {"type": "Feature", "id": 1352948903, "properties": {"amenity": "shelter", "building": "yes", "shelter_type": "public_transport", "id": "osm-way-1352948903", "osm_type": "way", "osm_id": 1352948903, "category": "shelter_structure", "source": "OpenStreetMap (ODbL)"}, "geometry": {"type": "Point", "coordinates": [76.2233253, 11.5620687]}}, {"type": "Feature", "id": 1352948906, "properties": {"amenity": "shelter", "building": "yes", "shelter_type": "public_transport", "id": "osm-way-1352948906", "osm_type": "way", "osm_id": 1352948906, "category": "shelter_structure", "source": "OpenStreetMap (ODbL)"}, "geometry": {"type": "Point", "coordinates": [76.2197404, 11.563769]}}, {"type": "Feature", "id": 1352948908, "properties": {"amenity": "shelter", "building": "yes", "shelter_type": "public_transport", "id": "osm-way-1352948908", "osm_type": "way", "osm_id": 1352948908, "category": "shelter_structure", "source": "OpenStreetMap (ODbL)"}, "geometry": {"type": "Point", "coordinates": [76.2198081, 11.5693934]}}, {"type": "Feature", "id": 1352948909, "properties": {"amenity": "shelter", "building": "yes", "shelter_type": "public_transport", "id": "osm-way-1352948909", "osm_type": "way", "osm_id": 1352948909, "category": "shelter_structure", "source": "OpenStreetMap (ODbL)"}, "geometry": {"type": "Point", "coordinates": [76.2231106, 11.5783861]}}, {"type": "Feature", "id": 1352948910, "properties": {"amenity": "shelter", "building": "yes", "shelter_type": "public_transport", "id": "osm-way-1352948910", "osm_type": "way", "osm_id": 1352948910, "category": "shelter_structure", "source": "OpenStreetMap (ODbL)"}, "geometry": {"type": "Point", "coordinates": [76.2190773, 11.5891899]}}, {"type": "Feature", "id": 1352948911, "properties": {"amenity": "shelter", "building": "yes", "shelter_type": "public_transport", "id": "osm-way-1352948911", "osm_type": "way", "osm_id": 1352948911, "category": "shelter_structure", "source": "OpenStreetMap (ODbL)"}, "geometry": {"type": "Point", "coordinates": [76.2177667, 11.5916286]}}, {"type": "Feature", "id": 1352948912, "properties": {"amenity": "shelter", "building": "yes", "shelter_type": "public_transport", "id": "osm-way-1352948912", "osm_type": "way", "osm_id": 1352948912, "category": "shelter_structure", "source": "OpenStreetMap (ODbL)"}, "geometry": {"type": "Point", "coordinates": [76.2112221, 11.6202167]}}, {"type": "Feature", "id": 1352948913, "properties": {"amenity": "shelter", "building": "yes", "shelter_type": "public_transport", "id": "osm-way-1352948913", "osm_type": "way", "osm_id": 1352948913, "category": "shelter_structure", "source": "OpenStreetMap (ODbL)"}, "geometry": {"type": "Point", "coordinates": [76.2113005, 11.6224572]}}, {"type": "Feature", "id": 1352948914, "properties": {"amenity": "shelter", "building": "yes", "shelter_type": "public_transport", "id": "osm-way-1352948914", "osm_type": "way", "osm_id": 1352948914, "category": "shelter_structure", "source": "OpenStreetMap (ODbL)"}, "geometry": {"type": "Point", "coordinates": [76.2102864, 11.625045]}}, {"type": "Feature", "id": 1352948915, "properties": {"amenity": "shelter", "building": "yes", "shelter_type": "public_transport", "id": "osm-way-1352948915", "osm_type": "way", "osm_id": 1352948915, "category": "shelter_structure", "source": "OpenStreetMap (ODbL)"}, "geometry": {"type": "Point", "coordinates": [76.215257, 11.632539]}}, {"type": "Feature", "id": 1352948916, "properties": {"amenity": "shelter", "building": "yes", "shelter_type": "public_transport", "id": "osm-way-1352948916", "osm_type": "way", "osm_id": 1352948916, "category": "shelter_structure", "source": "OpenStreetMap (ODbL)"}, "geometry": {"type": "Point", "coordinates": [76.2134333, 11.6417061]}}, {"type": "Feature", "id": 1352948917, "properties": {"amenity": "shelter", "building": "yes", "shelter_type": "public_transport", "id": "osm-way-1352948917", "osm_type": "way", "osm_id": 1352948917, "category": "shelter_structure", "source": "OpenStreetMap (ODbL)"}, "geometry": {"type": "Point", "coordinates": [76.2182875, 11.6469517]}}, {"type": "Feature", "id": 1352948918, "properties": {"amenity": "shelter", "building": "yes", "shelter_type": "public_transport", "id": "osm-way-1352948918", "osm_type": "way", "osm_id": 1352948918, "category": "shelter_structure", "source": "OpenStreetMap (ODbL)"}, "geometry": {"type": "Point", "coordinates": [76.2155322, 11.6508125]}}, {"type": "Feature", "id": 1352948920, "properties": {"amenity": "shelter", "building": "yes", "shelter_type": "public_transport", "id": "osm-way-1352948920", "osm_type": "way", "osm_id": 1352948920, "category": "shelter_structure", "source": "OpenStreetMap (ODbL)"}, "geometry": {"type": "Point", "coordinates": [76.224695, 11.6555248]}}, {"type": "Feature", "id": 1352948921, "properties": {"amenity": "shelter", "building": "yes", "shelter_type": "public_transport", "id": "osm-way-1352948921", "osm_type": "way", "osm_id": 1352948921, "category": "shelter_structure", "source": "OpenStreetMap (ODbL)"}, "geometry": {"type": "Point", "coordinates": [76.237082, 11.6621462]}}, {"type": "Feature", "id": 1352948922, "properties": {"amenity": "shelter", "building": "yes", "shelter_type": "public_transport", "id": "osm-way-1352948922", "osm_type": "way", "osm_id": 1352948922, "category": "shelter_structure", "source": "OpenStreetMap (ODbL)"}, "geometry": {"type": "Point", "coordinates": [76.2410785, 11.6609226]}}, {"type": "Feature", "id": 1352948925, "properties": {"amenity": "shelter", "building": "yes", "shelter_type": "public_transport", "id": "osm-way-1352948925", "osm_type": "way", "osm_id": 1352948925, "category": "shelter_structure", "source": "OpenStreetMap (ODbL)"}, "geometry": {"type": "Point", "coordinates": [76.2481935, 11.6587041]}}, {"type": "Feature", "id": 1352948926, "properties": {"amenity": "shelter", "building": "yes", "shelter_type": "public_transport", "id": "osm-way-1352948926", "osm_type": "way", "osm_id": 1352948926, "category": "shelter_structure", "source": "OpenStreetMap (ODbL)"}, "geometry": {"type": "Point", "coordinates": [76.2499022, 11.6601472]}}, {"type": "Feature", "id": 1352948927, "properties": {"amenity": "shelter", "building": "yes", "shelter_type": "public_transport", "id": "osm-way-1352948927", "osm_type": "way", "osm_id": 1352948927, "category": "shelter_structure", "source": "OpenStreetMap (ODbL)"}, "geometry": {"type": "Point", "coordinates": [76.255136, 11.6631804]}}, {"type": "Feature", "id": 1352948928, "properties": {"amenity": "shelter", "building": "yes", "shelter_type": "public_transport", "id": "osm-way-1352948928", "osm_type": "way", "osm_id": 1352948928, "category": "shelter_structure", "source": "OpenStreetMap (ODbL)"}, "geometry": {"type": "Point", "coordinates": [76.2142724, 11.599344]}}, {"type": "Feature", "id": 1352954516, "properties": {"amenity": "shelter", "building": "yes", "shelter_type": "public_transport", "id": "osm-way-1352954516", "osm_type": "way", "osm_id": 1352954516, "category": "shelter_structure", "source": "OpenStreetMap (ODbL)"}, "geometry": {"type": "Point", "coordinates": [76.2648781, 11.6444335]}}, {"type": "Feature", "id": 1352954517, "properties": {"amenity": "shelter", "building": "yes", "shelter_type": "public_transport", "id": "osm-way-1352954517", "osm_type": "way", "osm_id": 1352954517, "category": "shelter_structure", "source": "OpenStreetMap (ODbL)"}, "geometry": {"type": "Point", "coordinates": [76.261341, 11.6478945]}}, {"type": "Feature", "id": 1352954518, "properties": {"amenity": "shelter", "building": "yes", "shelter_type": "public_transport", "id": "osm-way-1352954518", "osm_type": "way", "osm_id": 1352954518, "category": "shelter_structure", "source": "OpenStreetMap (ODbL)"}, "geometry": {"type": "Point", "coordinates": [76.2769995, 11.6225776]}}, {"type": "Feature", "id": 1352954519, "properties": {"amenity": "shelter", "building": "yes", "shelter_type": "public_transport", "id": "osm-way-1352954519", "osm_type": "way", "osm_id": 1352954519, "category": "shelter_structure", "source": "OpenStreetMap (ODbL)"}, "geometry": {"type": "Point", "coordinates": [76.277279, 11.6349592]}}, {"type": "Feature", "id": 1352954520, "properties": {"amenity": "shelter", "building": "yes", "shelter_type": "public_transport", "id": "osm-way-1352954520", "osm_type": "way", "osm_id": 1352954520, "category": "shelter_structure", "source": "OpenStreetMap (ODbL)"}, "geometry": {"type": "Point", "coordinates": [76.2667532, 11.6430068]}}, {"type": "Feature", "id": 1352954521, "properties": {"amenity": "shelter", "building": "yes", "shelter_type": "public_transport", "id": "osm-way-1352954521", "osm_type": "way", "osm_id": 1352954521, "category": "shelter_structure", "source": "OpenStreetMap (ODbL)"}, "geometry": {"type": "Point", "coordinates": [76.2628906, 11.6458932]}}, {"type": "Feature", "id": 1352954522, "properties": {"amenity": "shelter", "building": "yes", "shelter_type": "public_transport", "id": "osm-way-1352954522", "osm_type": "way", "osm_id": 1352954522, "category": "shelter_structure", "source": "OpenStreetMap (ODbL)"}, "geometry": {"type": "Point", "coordinates": [76.2578694, 11.6531599]}}, {"type": "Feature", "id": 1352954523, "properties": {"amenity": "shelter", "building": "yes", "shelter_type": "public_transport", "id": "osm-way-1352954523", "osm_type": "way", "osm_id": 1352954523, "category": "shelter_structure", "source": "OpenStreetMap (ODbL)"}, "geometry": {"type": "Point", "coordinates": [76.2720817, 11.6162221]}}, {"type": "Feature", "id": 1352954524, "properties": {"amenity": "shelter", "building": "yes", "shelter_type": "public_transport", "id": "osm-way-1352954524", "osm_type": "way", "osm_id": 1352954524, "category": "shelter_structure", "source": "OpenStreetMap (ODbL)"}, "geometry": {"type": "Point", "coordinates": [76.2773402, 11.6308931]}}, {"type": "Feature", "id": 1352965137, "properties": {"bridge": "yes", "highway": "trunk", "layer": "1", "name": "Kalpetta-Wayanad Bypass Road", "id": "osm-way-1352965137", "osm_type": "way", "osm_id": 1352965137, "category": "bridge", "source": "OpenStreetMap (ODbL)"}, "geometry": {"type": "Point", "coordinates": [76.0827023, 11.6014916]}}, {"type": "Feature", "id": 1352965142, "properties": {"amenity": "shelter", "building": "yes", "shelter_type": "public_transport", "id": "osm-way-1352965142", "osm_type": "way", "osm_id": 1352965142, "category": "shelter_structure", "source": "OpenStreetMap (ODbL)"}, "geometry": {"type": "Point", "coordinates": [76.0390764, 11.552908]}}, {"type": "Feature", "id": 1352965143, "properties": {"amenity": "shelter", "building": "yes", "shelter_type": "public_transport", "id": "osm-way-1352965143", "osm_type": "way", "osm_id": 1352965143, "category": "shelter_structure", "source": "OpenStreetMap (ODbL)"}, "geometry": {"type": "Point", "coordinates": [76.0392554, 11.5528696]}}, {"type": "Feature", "id": 1352965153, "properties": {"amenity": "shelter", "building": "yes", "shelter_type": "public_transport", "id": "osm-way-1352965153", "osm_type": "way", "osm_id": 1352965153, "category": "shelter_structure", "source": "OpenStreetMap (ODbL)"}, "geometry": {"type": "Point", "coordinates": [76.0663506, 11.5896986]}}, {"type": "Feature", "id": 1352965154, "properties": {"amenity": "shelter", "building": "yes", "shelter_type": "public_transport", "id": "osm-way-1352965154", "osm_type": "way", "osm_id": 1352965154, "category": "shelter_structure", "source": "OpenStreetMap (ODbL)"}, "geometry": {"type": "Point", "coordinates": [76.0662011, 11.5897901]}}, {"type": "Feature", "id": 1352965155, "properties": {"amenity": "shelter", "building": "yes", "shelter_type": "public_transport", "id": "osm-way-1352965155", "osm_type": "way", "osm_id": 1352965155, "category": "shelter_structure", "source": "OpenStreetMap (ODbL)"}, "geometry": {"type": "Point", "coordinates": [76.0680565, 11.5865019]}}, {"type": "Feature", "id": 1352965156, "properties": {"amenity": "shelter", "building": "yes", "shelter_type": "public_transport", "id": "osm-way-1352965156", "osm_type": "way", "osm_id": 1352965156, "category": "shelter_structure", "source": "OpenStreetMap (ODbL)"}, "geometry": {"type": "Point", "coordinates": [76.0678645, 11.5863807]}}, {"type": "Feature", "id": 1352965157, "properties": {"amenity": "shelter", "building": "yes", "shelter_type": "public_transport", "id": "osm-way-1352965157", "osm_type": "way", "osm_id": 1352965157, "category": "shelter_structure", "source": "OpenStreetMap (ODbL)"}, "geometry": {"type": "Point", "coordinates": [76.0207652, 11.5684579]}}, {"type": "Feature", "id": 1352965159, "properties": {"amenity": "shelter", "building": "yes", "shelter_type": "public_transport", "id": "osm-way-1352965159", "osm_type": "way", "osm_id": 1352965159, "category": "shelter_structure", "source": "OpenStreetMap (ODbL)"}, "geometry": {"type": "Point", "coordinates": [76.0194874, 11.5792737]}}, {"type": "Feature", "id": 1352965160, "properties": {"amenity": "shelter", "building": "yes", "shelter_type": "public_transport", "id": "osm-way-1352965160", "osm_type": "way", "osm_id": 1352965160, "category": "shelter_structure", "source": "OpenStreetMap (ODbL)"}, "geometry": {"type": "Point", "coordinates": [76.0197168, 11.5807463]}}, {"type": "Feature", "id": 1352965161, "properties": {"amenity": "shelter", "building": "yes", "shelter_type": "public_transport", "id": "osm-way-1352965161", "osm_type": "way", "osm_id": 1352965161, "category": "shelter_structure", "source": "OpenStreetMap (ODbL)"}, "geometry": {"type": "Point", "coordinates": [76.0180401, 11.5880516]}}, {"type": "Feature", "id": 1352965162, "properties": {"amenity": "shelter", "building": "yes", "shelter_type": "public_transport", "id": "osm-way-1352965162", "osm_type": "way", "osm_id": 1352965162, "category": "shelter_structure", "source": "OpenStreetMap (ODbL)"}, "geometry": {"type": "Point", "coordinates": [76.008261, 11.6075136]}}, {"type": "Feature", "id": 1352965166, "properties": {"amenity": "shelter", "building": "yes", "shelter_type": "public_transport", "id": "osm-way-1352965166", "osm_type": "way", "osm_id": 1352965166, "category": "shelter_structure", "source": "OpenStreetMap (ODbL)"}, "geometry": {"type": "Point", "coordinates": [76.0057475, 11.6160887]}}, {"type": "Feature", "id": 1352965167, "properties": {"amenity": "shelter", "building": "yes", "shelter_type": "public_transport", "id": "osm-way-1352965167", "osm_type": "way", "osm_id": 1352965167, "category": "shelter_structure", "source": "OpenStreetMap (ODbL)"}, "geometry": {"type": "Point", "coordinates": [75.9953979, 11.6227452]}}, {"type": "Feature", "id": 1352965169, "properties": {"amenity": "shelter", "building": "yes", "shelter_type": "public_transport", "id": "osm-way-1352965169", "osm_type": "way", "osm_id": 1352965169, "category": "shelter_structure", "source": "OpenStreetMap (ODbL)"}, "geometry": {"type": "Point", "coordinates": [75.9904542, 11.6283678]}}, {"type": "Feature", "id": 1352965170, "properties": {"amenity": "shelter", "building": "yes", "shelter_type": "public_transport", "id": "osm-way-1352965170", "osm_type": "way", "osm_id": 1352965170, "category": "shelter_structure", "source": "OpenStreetMap (ODbL)"}, "geometry": {"type": "Point", "coordinates": [75.9815516, 11.6366113]}}, {"type": "Feature", "id": 1352965173, "properties": {"amenity": "shelter", "building": "yes", "shelter_type": "public_transport", "id": "osm-way-1352965173", "osm_type": "way", "osm_id": 1352965173, "category": "shelter_structure", "source": "OpenStreetMap (ODbL)"}, "geometry": {"type": "Point", "coordinates": [75.9900997, 11.6435374]}}, {"type": "Feature", "id": 1352965174, "properties": {"amenity": "place_of_worship", "building": "yes", "name": "Pazhoor Mahavishnu Temple", "religion": "hindu", "id": "osm-way-1352965174", "osm_type": "way", "osm_id": 1352965174, "category": "religious", "source": "OpenStreetMap (ODbL)"}, "geometry": {"type": "Point", "coordinates": [75.9905404, 11.6437833]}}, {"type": "Feature", "id": 1352965175, "properties": {"amenity": "shelter", "building": "yes", "shelter_type": "public_transport", "id": "osm-way-1352965175", "osm_type": "way", "osm_id": 1352965175, "category": "shelter_structure", "source": "OpenStreetMap (ODbL)"}, "geometry": {"type": "Point", "coordinates": [75.9994574, 11.6431113]}}, {"type": "Feature", "id": 1352975924, "properties": {"amenity": "shelter", "building": "yes", "shelter_type": "public_transport", "id": "osm-way-1352975924", "osm_type": "way", "osm_id": 1352975924, "category": "shelter_structure", "source": "OpenStreetMap (ODbL)"}, "geometry": {"type": "Point", "coordinates": [76.0755246, 11.6732574]}}, {"type": "Feature", "id": 1352975925, "properties": {"amenity": "shelter", "building": "yes", "shelter_type": "public_transport", "id": "osm-way-1352975925", "osm_type": "way", "osm_id": 1352975925, "category": "shelter_structure", "source": "OpenStreetMap (ODbL)"}, "geometry": {"type": "Point", "coordinates": [76.0678611, 11.6716413]}}, {"type": "Feature", "id": 1352975927, "properties": {"amenity": "shelter", "building": "yes", "shelter_type": "public_transport", "id": "osm-way-1352975927", "osm_type": "way", "osm_id": 1352975927, "category": "shelter_structure", "source": "OpenStreetMap (ODbL)"}, "geometry": {"type": "Point", "coordinates": [76.0653741, 11.674782]}}, {"type": "Feature", "id": 1352975928, "properties": {"amenity": "shelter", "building": "yes", "shelter_type": "public_transport", "id": "osm-way-1352975928", "osm_type": "way", "osm_id": 1352975928, "category": "shelter_structure", "source": "OpenStreetMap (ODbL)"}, "geometry": {"type": "Point", "coordinates": [76.0599526, 11.6782873]}}, {"type": "Feature", "id": 1352975929, "properties": {"amenity": "shelter", "building": "yes", "shelter_type": "public_transport", "id": "osm-way-1352975929", "osm_type": "way", "osm_id": 1352975929, "category": "shelter_structure", "source": "OpenStreetMap (ODbL)"}, "geometry": {"type": "Point", "coordinates": [76.0469439, 11.6804086]}}, {"type": "Feature", "id": 1352975930, "properties": {"amenity": "shelter", "building": "yes", "shelter_type": "public_transport", "id": "osm-way-1352975930", "osm_type": "way", "osm_id": 1352975930, "category": "shelter_structure", "source": "OpenStreetMap (ODbL)"}, "geometry": {"type": "Point", "coordinates": [76.040982, 11.6800792]}}, {"type": "Feature", "id": 1352975931, "properties": {"amenity": "shelter", "building": "yes", "shelter_type": "public_transport", "id": "osm-way-1352975931", "osm_type": "way", "osm_id": 1352975931, "category": "shelter_structure", "source": "OpenStreetMap (ODbL)"}, "geometry": {"type": "Point", "coordinates": [76.0341619, 11.6819305]}}, {"type": "Feature", "id": 1352975932, "properties": {"amenity": "shelter", "building": "yes", "shelter_type": "public_transport", "id": "osm-way-1352975932", "osm_type": "way", "osm_id": 1352975932, "category": "shelter_structure", "source": "OpenStreetMap (ODbL)"}, "geometry": {"type": "Point", "coordinates": [76.0273889, 11.6818291]}}, {"type": "Feature", "id": 1352975933, "properties": {"amenity": "shelter", "building": "yes", "shelter_type": "public_transport", "id": "osm-way-1352975933", "osm_type": "way", "osm_id": 1352975933, "category": "shelter_structure", "source": "OpenStreetMap (ODbL)"}, "geometry": {"type": "Point", "coordinates": [76.0240423, 11.6768179]}}, {"type": "Feature", "id": 1352975935, "properties": {"amenity": "shelter", "building": "yes", "shelter_type": "public_transport", "id": "osm-way-1352975935", "osm_type": "way", "osm_id": 1352975935, "category": "shelter_structure", "source": "OpenStreetMap (ODbL)"}, "geometry": {"type": "Point", "coordinates": [76.0107184, 11.665736]}}, {"type": "Feature", "id": 1352975936, "properties": {"amenity": "shelter", "building": "yes", "shelter_type": "public_transport", "id": "osm-way-1352975936", "osm_type": "way", "osm_id": 1352975936, "category": "shelter_structure", "source": "OpenStreetMap (ODbL)"}, "geometry": {"type": "Point", "coordinates": [76.0039992, 11.6655678]}}, {"type": "Feature", "id": 1352975937, "properties": {"amenity": "shelter", "building": "yes", "shelter_type": "public_transport", "id": "osm-way-1352975937", "osm_type": "way", "osm_id": 1352975937, "category": "shelter_structure", "source": "OpenStreetMap (ODbL)"}, "geometry": {"type": "Point", "coordinates": [75.9984314, 11.6670468]}}, {"type": "Feature", "id": 1352975938, "properties": {"amenity": "shelter", "building": "yes", "shelter_type": "public_transport", "id": "osm-way-1352975938", "osm_type": "way", "osm_id": 1352975938, "category": "shelter_structure", "source": "OpenStreetMap (ODbL)"}, "geometry": {"type": "Point", "coordinates": [75.9962326, 11.6668495]}}, {"type": "Feature", "id": 1352975940, "properties": {"amenity": "shelter", "building": "yes", "shelter_type": "public_transport", "id": "osm-way-1352975940", "osm_type": "way", "osm_id": 1352975940, "category": "shelter_structure", "source": "OpenStreetMap (ODbL)"}, "geometry": {"type": "Point", "coordinates": [75.9889098, 11.6751168]}}, {"type": "Feature", "id": 1352975941, "properties": {"amenity": "shelter", "building": "yes", "shelter_type": "public_transport", "id": "osm-way-1352975941", "osm_type": "way", "osm_id": 1352975941, "category": "shelter_structure", "source": "OpenStreetMap (ODbL)"}, "geometry": {"type": "Point", "coordinates": [75.9776248, 11.6757472]}}, {"type": "Feature", "id": 1352980289, "properties": {"amenity": "shelter", "building": "yes", "shelter_type": "public_transport", "id": "osm-way-1352980289", "osm_type": "way", "osm_id": 1352980289, "category": "shelter_structure", "source": "OpenStreetMap (ODbL)"}, "geometry": {"type": "Point", "coordinates": [75.9880822, 11.6859977]}}, {"type": "Feature", "id": 1352980293, "properties": {"amenity": "shelter", "building": "yes", "shelter_type": "public_transport", "id": "osm-way-1352980293", "osm_type": "way", "osm_id": 1352980293, "category": "shelter_structure", "source": "OpenStreetMap (ODbL)"}, "geometry": {"type": "Point", "coordinates": [76.0133032, 11.7151871]}}, {"type": "Feature", "id": 1352980294, "properties": {"amenity": "shelter", "building": "yes", "shelter_type": "public_transport", "id": "osm-way-1352980294", "osm_type": "way", "osm_id": 1352980294, "category": "shelter_structure", "source": "OpenStreetMap (ODbL)"}, "geometry": {"type": "Point", "coordinates": [76.0322421, 11.7131009]}}, {"type": "Feature", "id": 1352980295, "properties": {"amenity": "shelter", "building": "yes", "shelter_type": "public_transport", "id": "osm-way-1352980295", "osm_type": "way", "osm_id": 1352980295, "category": "shelter_structure", "source": "OpenStreetMap (ODbL)"}, "geometry": {"type": "Point", "coordinates": [76.0384466, 11.7122053]}}, {"type": "Feature", "id": 1352980296, "properties": {"amenity": "shelter", "building": "yes", "shelter_type": "public_transport", "id": "osm-way-1352980296", "osm_type": "way", "osm_id": 1352980296, "category": "shelter_structure", "source": "OpenStreetMap (ODbL)"}, "geometry": {"type": "Point", "coordinates": [76.0602206, 11.7295629]}}, {"type": "Feature", "id": 1352982232, "properties": {"amenity": "shelter", "building": "yes", "shelter_type": "public_transport", "id": "osm-way-1352982232", "osm_type": "way", "osm_id": 1352982232, "category": "shelter_structure", "source": "OpenStreetMap (ODbL)"}, "geometry": {"type": "Point", "coordinates": [76.0408691, 11.7446962]}}, {"type": "Feature", "id": 1352982233, "properties": {"amenity": "shelter", "building": "yes", "shelter_type": "public_transport", "id": "osm-way-1352982233", "osm_type": "way", "osm_id": 1352982233, "category": "shelter_structure", "source": "OpenStreetMap (ODbL)"}, "geometry": {"type": "Point", "coordinates": [76.0374762, 11.7523069]}}, {"type": "Feature", "id": 1352982234, "properties": {"amenity": "shelter", "building": "yes", "shelter_type": "public_transport", "id": "osm-way-1352982234", "osm_type": "way", "osm_id": 1352982234, "category": "shelter_structure", "source": "OpenStreetMap (ODbL)"}, "geometry": {"type": "Point", "coordinates": [76.0270173, 11.75468]}}, {"type": "Feature", "id": 1352982235, "properties": {"amenity": "shelter", "building": "yes", "shelter_type": "public_transport", "id": "osm-way-1352982235", "osm_type": "way", "osm_id": 1352982235, "category": "shelter_structure", "source": "OpenStreetMap (ODbL)"}, "geometry": {"type": "Point", "coordinates": [76.0169454, 11.7825673]}}, {"type": "Feature", "id": 1353168834, "properties": {"amenity": "shelter", "building": "yes", "shelter_type": "public_transport", "id": "osm-way-1353168834", "osm_type": "way", "osm_id": 1353168834, "category": "shelter_structure", "source": "OpenStreetMap (ODbL)"}, "geometry": {"type": "Point", "coordinates": [76.1446183, 11.5549806]}}, {"type": "Feature", "id": 1353168835, "properties": {"amenity": "shelter", "building": "yes", "shelter_type": "public_transport", "id": "osm-way-1353168835", "osm_type": "way", "osm_id": 1353168835, "category": "shelter_structure", "source": "OpenStreetMap (ODbL)"}, "geometry": {"type": "Point", "coordinates": [76.1726721, 11.5391028]}}, {"type": "Feature", "id": 1353168836, "properties": {"amenity": "shelter", "building": "yes", "shelter_type": "public_transport", "id": "osm-way-1353168836", "osm_type": "way", "osm_id": 1353168836, "category": "shelter_structure", "source": "OpenStreetMap (ODbL)"}, "geometry": {"type": "Point", "coordinates": [76.1778398, 11.5444105]}}, {"type": "Feature", "id": 1353168837, "properties": {"amenity": "shelter", "building": "yes", "shelter_type": "public_transport", "id": "osm-way-1353168837", "osm_type": "way", "osm_id": 1353168837, "category": "shelter_structure", "source": "OpenStreetMap (ODbL)"}, "geometry": {"type": "Point", "coordinates": [76.2171976, 11.553691]}}, {"type": "Feature", "id": 1353172032, "properties": {"amenity": "shelter", "building": "yes", "shelter_type": "public_transport", "id": "osm-way-1353172032", "osm_type": "way", "osm_id": 1353172032, "category": "shelter_structure", "source": "OpenStreetMap (ODbL)"}, "geometry": {"type": "Point", "coordinates": [76.2152464, 11.6319608]}}, {"type": "Feature", "id": 1353172033, "properties": {"amenity": "shelter", "building": "yes", "shelter_type": "public_transport", "id": "osm-way-1353172033", "osm_type": "way", "osm_id": 1353172033, "category": "shelter_structure", "source": "OpenStreetMap (ODbL)"}, "geometry": {"type": "Point", "coordinates": [76.247196, 11.6314352]}}, {"type": "Feature", "id": 1353196905, "properties": {"amenity": "shelter", "building": "yes", "shelter_type": "public_transport", "id": "osm-way-1353196905", "osm_type": "way", "osm_id": 1353196905, "category": "shelter_structure", "source": "OpenStreetMap (ODbL)"}, "geometry": {"type": "Point", "coordinates": [76.0213395, 11.5218917]}}, {"type": "Feature", "id": 1353196909, "properties": {"amenity": "shelter", "building": "yes", "shelter_type": "public_transport", "id": "osm-way-1353196909", "osm_type": "way", "osm_id": 1353196909, "category": "shelter_structure", "source": "OpenStreetMap (ODbL)"}, "geometry": {"type": "Point", "coordinates": [76.0306167, 11.5351874]}}, {"type": "Feature", "id": 1353196910, "properties": {"amenity": "shelter", "building": "yes", "shelter_type": "public_transport", "id": "osm-way-1353196910", "osm_type": "way", "osm_id": 1353196910, "category": "shelter_structure", "source": "OpenStreetMap (ODbL)"}, "geometry": {"type": "Point", "coordinates": [76.0205737, 11.5211472]}}, {"type": "Feature", "id": 1353200754, "properties": {"amenity": "shelter", "building": "yes", "shelter_type": "public_transport", "id": "osm-way-1353200754", "osm_type": "way", "osm_id": 1353200754, "category": "shelter_structure", "source": "OpenStreetMap (ODbL)"}, "geometry": {"type": "Point", "coordinates": [76.1417827, 11.797364]}}, {"type": "Feature", "id": 1353200755, "properties": {"amenity": "shelter", "building": "yes", "shelter_type": "public_transport", "id": "osm-way-1353200755", "osm_type": "way", "osm_id": 1353200755, "category": "shelter_structure", "source": "OpenStreetMap (ODbL)"}, "geometry": {"type": "Point", "coordinates": [76.1030198, 11.8016157]}}, {"type": "Feature", "id": 1353200756, "properties": {"amenity": "shelter", "building": "yes", "shelter_type": "public_transport", "id": "osm-way-1353200756", "osm_type": "way", "osm_id": 1353200756, "category": "shelter_structure", "source": "OpenStreetMap (ODbL)"}, "geometry": {"type": "Point", "coordinates": [76.0286328, 11.8007261]}}, {"type": "Feature", "id": 1353200757, "properties": {"amenity": "shelter", "building": "yes", "shelter_type": "public_transport", "id": "osm-way-1353200757", "osm_type": "way", "osm_id": 1353200757, "category": "shelter_structure", "source": "OpenStreetMap (ODbL)"}, "geometry": {"type": "Point", "coordinates": [76.028018, 11.8000415]}}, {"type": "Feature", "id": 1353330214, "properties": {"amenity": "school", "name": "Lourde Matha HSS Ground", "id": "osm-way-1353330214", "osm_type": "way", "osm_id": 1353330214, "category": "school", "source": "OpenStreetMap (ODbL)"}, "geometry": {"type": "Point", "coordinates": [76.0565881, 11.6896033]}}, {"type": "Feature", "id": 1353420385, "properties": {"amenity": "shelter", "building": "yes", "shelter_type": "public_transport", "id": "osm-way-1353420385", "osm_type": "way", "osm_id": 1353420385, "category": "shelter_structure", "source": "OpenStreetMap (ODbL)"}, "geometry": {"type": "Point", "coordinates": [76.1669383, 11.664293]}}, {"type": "Feature", "id": 1353420386, "properties": {"amenity": "shelter", "building": "yes", "shelter_type": "public_transport", "id": "osm-way-1353420386", "osm_type": "way", "osm_id": 1353420386, "category": "shelter_structure", "source": "OpenStreetMap (ODbL)"}, "geometry": {"type": "Point", "coordinates": [76.1674201, 11.6716364]}}, {"type": "Feature", "id": 1353429367, "properties": {"amenity": "shelter", "building": "yes", "shelter_type": "public_transport", "id": "osm-way-1353429367", "osm_type": "way", "osm_id": 1353429367, "category": "shelter_structure", "source": "OpenStreetMap (ODbL)"}, "geometry": {"type": "Point", "coordinates": [76.1696026, 11.6774662]}}, {"type": "Feature", "id": 1353429369, "properties": {"amenity": "shelter", "building": "yes", "shelter_type": "public_transport", "id": "osm-way-1353429369", "osm_type": "way", "osm_id": 1353429369, "category": "shelter_structure", "source": "OpenStreetMap (ODbL)"}, "geometry": {"type": "Point", "coordinates": [76.1715152, 11.6808137]}}, {"type": "Feature", "id": 1353429370, "properties": {"amenity": "shelter", "building": "yes", "shelter_type": "public_transport", "id": "osm-way-1353429370", "osm_type": "way", "osm_id": 1353429370, "category": "shelter_structure", "source": "OpenStreetMap (ODbL)"}, "geometry": {"type": "Point", "coordinates": [76.1718061, 11.682395]}}, {"type": "Feature", "id": 1353429375, "properties": {"amenity": "shelter", "building": "yes", "shelter_type": "public_transport", "id": "osm-way-1353429375", "osm_type": "way", "osm_id": 1353429375, "category": "shelter_structure", "source": "OpenStreetMap (ODbL)"}, "geometry": {"type": "Point", "coordinates": [76.1753404, 11.6894422]}}, {"type": "Feature", "id": 1353429379, "properties": {"amenity": "shelter", "building": "yes", "shelter_type": "public_transport", "id": "osm-way-1353429379", "osm_type": "way", "osm_id": 1353429379, "category": "shelter_structure", "source": "OpenStreetMap (ODbL)"}, "geometry": {"type": "Point", "coordinates": [76.1761427, 11.6931303]}}, {"type": "Feature", "id": 1353429380, "properties": {"amenity": "shelter", "building": "yes", "shelter_type": "public_transport", "id": "osm-way-1353429380", "osm_type": "way", "osm_id": 1353429380, "category": "shelter_structure", "source": "OpenStreetMap (ODbL)"}, "geometry": {"type": "Point", "coordinates": [76.1762792, 11.6933403]}}, {"type": "Feature", "id": 1353429382, "properties": {"amenity": "shelter", "building": "yes", "shelter_type": "public_transport", "id": "osm-way-1353429382", "osm_type": "way", "osm_id": 1353429382, "category": "shelter_structure", "source": "OpenStreetMap (ODbL)"}, "geometry": {"type": "Point", "coordinates": [76.1838959, 11.7010988]}}, {"type": "Feature", "id": 1353429383, "properties": {"amenity": "shelter", "building": "yes", "shelter_type": "public_transport", "id": "osm-way-1353429383", "osm_type": "way", "osm_id": 1353429383, "category": "shelter_structure", "source": "OpenStreetMap (ODbL)"}, "geometry": {"type": "Point", "coordinates": [76.1868581, 11.6983962]}}, {"type": "Feature", "id": 1353433916, "properties": {"amenity": "shelter", "building": "yes", "shelter_type": "public_transport", "id": "osm-way-1353433916", "osm_type": "way", "osm_id": 1353433916, "category": "shelter_structure", "source": "OpenStreetMap (ODbL)"}, "geometry": {"type": "Point", "coordinates": [76.1839557, 11.7012213]}}, {"type": "Feature", "id": 1353433917, "properties": {"amenity": "shelter", "building": "yes", "shelter_type": "public_transport", "id": "osm-way-1353433917", "osm_type": "way", "osm_id": 1353433917, "category": "shelter_structure", "source": "OpenStreetMap (ODbL)"}, "geometry": {"type": "Point", "coordinates": [76.1848412, 11.7029377]}}, {"type": "Feature", "id": 1353433918, "properties": {"amenity": "shelter", "building": "yes", "shelter_type": "public_transport", "id": "osm-way-1353433918", "osm_type": "way", "osm_id": 1353433918, "category": "shelter_structure", "source": "OpenStreetMap (ODbL)"}, "geometry": {"type": "Point", "coordinates": [76.1847206, 11.7078768]}}, {"type": "Feature", "id": 1353433919, "properties": {"amenity": "shelter", "building": "yes", "shelter_type": "public_transport", "id": "osm-way-1353433919", "osm_type": "way", "osm_id": 1353433919, "category": "shelter_structure", "source": "OpenStreetMap (ODbL)"}, "geometry": {"type": "Point", "coordinates": [76.1878403, 11.7083481]}}, {"type": "Feature", "id": 1353433920, "properties": {"amenity": "shelter", "building": "yes", "shelter_type": "public_transport", "id": "osm-way-1353433920", "osm_type": "way", "osm_id": 1353433920, "category": "shelter_structure", "source": "OpenStreetMap (ODbL)"}, "geometry": {"type": "Point", "coordinates": [76.1885665, 11.7110773]}}, {"type": "Feature", "id": 1353433921, "properties": {"amenity": "shelter", "building": "yes", "id": "osm-way-1353433921", "osm_type": "way", "osm_id": 1353433921, "category": "shelter_structure", "source": "OpenStreetMap (ODbL)"}, "geometry": {"type": "Point", "coordinates": [76.188092, 11.714597]}}, {"type": "Feature", "id": 1353433922, "properties": {"amenity": "shelter", "building": "yes", "shelter_type": "public_transport", "id": "osm-way-1353433922", "osm_type": "way", "osm_id": 1353433922, "category": "shelter_structure", "source": "OpenStreetMap (ODbL)"}, "geometry": {"type": "Point", "coordinates": [76.1883665, 11.7184266]}}, {"type": "Feature", "id": 1353433923, "properties": {"amenity": "shelter", "building": "yes", "shelter_type": "public_transport", "id": "osm-way-1353433923", "osm_type": "way", "osm_id": 1353433923, "category": "shelter_structure", "source": "OpenStreetMap (ODbL)"}, "geometry": {"type": "Point", "coordinates": [76.1899905, 11.7192874]}}, {"type": "Feature", "id": 1353446047, "properties": {"amenity": "shelter", "building": "yes", "shelter_type": "public_transport", "id": "osm-way-1353446047", "osm_type": "way", "osm_id": 1353446047, "category": "shelter_structure", "source": "OpenStreetMap (ODbL)"}, "geometry": {"type": "Point", "coordinates": [76.1912058, 11.7211606]}}, {"type": "Feature", "id": 1353446048, "properties": {"amenity": "shelter", "building": "yes", "shelter_type": "public_transport", "id": "osm-way-1353446048", "osm_type": "way", "osm_id": 1353446048, "category": "shelter_structure", "source": "OpenStreetMap (ODbL)"}, "geometry": {"type": "Point", "coordinates": [76.1935325, 11.7223948]}}, {"type": "Feature", "id": 1353446049, "properties": {"amenity": "shelter", "building": "yes", "shelter_type": "public_transport", "id": "osm-way-1353446049", "osm_type": "way", "osm_id": 1353446049, "category": "shelter_structure", "source": "OpenStreetMap (ODbL)"}, "geometry": {"type": "Point", "coordinates": [76.1940929, 11.725731]}}, {"type": "Feature", "id": 1353446050, "properties": {"amenity": "shelter", "building": "yes", "shelter_type": "public_transport", "id": "osm-way-1353446050", "osm_type": "way", "osm_id": 1353446050, "category": "shelter_structure", "source": "OpenStreetMap (ODbL)"}, "geometry": {"type": "Point", "coordinates": [76.1943326, 11.7269253]}}, {"type": "Feature", "id": 1353446051, "properties": {"amenity": "shelter", "building": "yes", "id": "osm-way-1353446051", "osm_type": "way", "osm_id": 1353446051, "category": "shelter_structure", "source": "OpenStreetMap (ODbL)"}, "geometry": {"type": "Point", "coordinates": [76.1944082, 11.7269043]}}, {"type": "Feature", "id": 1353446052, "properties": {"amenity": "shelter", "building": "yes", "shelter_type": "public_transport", "id": "osm-way-1353446052", "osm_type": "way", "osm_id": 1353446052, "category": "shelter_structure", "source": "OpenStreetMap (ODbL)"}, "geometry": {"type": "Point", "coordinates": [76.1966368, 11.7287719]}}, {"type": "Feature", "id": 1353446053, "properties": {"amenity": "shelter", "building": "yes", "shelter_type": "public_transport", "id": "osm-way-1353446053", "osm_type": "way", "osm_id": 1353446053, "category": "shelter_structure", "source": "OpenStreetMap (ODbL)"}, "geometry": {"type": "Point", "coordinates": [76.197796, 11.734845]}}, {"type": "Feature", "id": 1353446055, "properties": {"amenity": "shelter", "building": "yes", "shelter_type": "public_transport", "id": "osm-way-1353446055", "osm_type": "way", "osm_id": 1353446055, "category": "shelter_structure", "source": "OpenStreetMap (ODbL)"}, "geometry": {"type": "Point", "coordinates": [76.2004981, 11.7445868]}}, {"type": "Feature", "id": 1353446056, "properties": {"amenity": "shelter", "building": "yes", "id": "osm-way-1353446056", "osm_type": "way", "osm_id": 1353446056, "category": "shelter_structure", "source": "OpenStreetMap (ODbL)"}, "geometry": {"type": "Point", "coordinates": [76.2005082, 11.7447003]}}, {"type": "Feature", "id": 1353446064, "properties": {"amenity": "shelter", "building": "yes", "shelter_type": "public_transport", "id": "osm-way-1353446064", "osm_type": "way", "osm_id": 1353446064, "category": "shelter_structure", "source": "OpenStreetMap (ODbL)"}, "geometry": {"type": "Point", "coordinates": [76.2027466, 11.7466508]}}, {"type": "Feature", "id": 1353446065, "properties": {"amenity": "shelter", "building": "yes", "id": "osm-way-1353446065", "osm_type": "way", "osm_id": 1353446065, "category": "shelter_structure", "source": "OpenStreetMap (ODbL)"}, "geometry": {"type": "Point", "coordinates": [76.2009563, 11.7478282]}}, {"type": "Feature", "id": 1353446066, "properties": {"amenity": "shelter", "building": "yes", "shelter_type": "public_transport", "id": "osm-way-1353446066", "osm_type": "way", "osm_id": 1353446066, "category": "shelter_structure", "source": "OpenStreetMap (ODbL)"}, "geometry": {"type": "Point", "coordinates": [76.2007512, 11.7506116]}}, {"type": "Feature", "id": 1353446067, "properties": {"amenity": "shelter", "building": "yes", "shelter_type": "public_transport", "id": "osm-way-1353446067", "osm_type": "way", "osm_id": 1353446067, "category": "shelter_structure", "source": "OpenStreetMap (ODbL)"}, "geometry": {"type": "Point", "coordinates": [76.200801, 11.75057]}}, {"type": "Feature", "id": 1353446068, "properties": {"amenity": "shelter", "building": "yes", "shelter_type": "public_transport", "id": "osm-way-1353446068", "osm_type": "way", "osm_id": 1353446068, "category": "shelter_structure", "source": "OpenStreetMap (ODbL)"}, "geometry": {"type": "Point", "coordinates": [76.2006042, 11.750557]}}, {"type": "Feature", "id": 1353460124, "properties": {"amenity": "shelter", "building": "yes", "shelter_type": "public_transport", "id": "osm-way-1353460124", "osm_type": "way", "osm_id": 1353460124, "category": "shelter_structure", "source": "OpenStreetMap (ODbL)"}, "geometry": {"type": "Point", "coordinates": [76.1951968, 11.763993]}}, {"type": "Feature", "id": 1353460125, "properties": {"amenity": "shelter", "building": "yes", "shelter_type": "public_transport", "id": "osm-way-1353460125", "osm_type": "way", "osm_id": 1353460125, "category": "shelter_structure", "source": "OpenStreetMap (ODbL)"}, "geometry": {"type": "Point", "coordinates": [76.1951504, 11.7638559]}}, {"type": "Feature", "id": 1353460126, "properties": {"amenity": "shelter", "building": "yes", "shelter_type": "public_transport", "id": "osm-way-1353460126", "osm_type": "way", "osm_id": 1353460126, "category": "shelter_structure", "source": "OpenStreetMap (ODbL)"}, "geometry": {"type": "Point", "coordinates": [76.1982439, 11.7646752]}}, {"type": "Feature", "id": 1353460127, "properties": {"amenity": "shelter", "building": "yes", "shelter_type": "public_transport", "id": "osm-way-1353460127", "osm_type": "way", "osm_id": 1353460127, "category": "shelter_structure", "source": "OpenStreetMap (ODbL)"}, "geometry": {"type": "Point", "coordinates": [76.1974842, 11.7684993]}}, {"type": "Feature", "id": 1353460128, "properties": {"amenity": "shelter", "building": "yes", "id": "osm-way-1353460128", "osm_type": "way", "osm_id": 1353460128, "category": "shelter_structure", "source": "OpenStreetMap (ODbL)"}, "geometry": {"type": "Point", "coordinates": [76.1981076, 11.7689716]}}, {"type": "Feature", "id": 1353460129, "properties": {"amenity": "shelter", "building": "yes", "shelter_type": "public_transport", "id": "osm-way-1353460129", "osm_type": "way", "osm_id": 1353460129, "category": "shelter_structure", "source": "OpenStreetMap (ODbL)"}, "geometry": {"type": "Point", "coordinates": [76.191617, 11.7724328]}}, {"type": "Feature", "id": 1353464911, "properties": {"amenity": "shelter", "building": "yes", "shelter_type": "public_transport", "id": "osm-way-1353464911", "osm_type": "way", "osm_id": 1353464911, "category": "shelter_structure", "source": "OpenStreetMap (ODbL)"}, "geometry": {"type": "Point", "coordinates": [76.18772, 11.7725037]}}, {"type": "Feature", "id": 1353464912, "properties": {"amenity": "shelter", "building": "yes", "shelter_type": "public_transport", "id": "osm-way-1353464912", "osm_type": "way", "osm_id": 1353464912, "category": "shelter_structure", "source": "OpenStreetMap (ODbL)"}, "geometry": {"type": "Point", "coordinates": [76.1887167, 11.781232]}}, {"type": "Feature", "id": 1353464913, "properties": {"amenity": "shelter", "building": "yes", "shelter_type": "public_transport", "id": "osm-way-1353464913", "osm_type": "way", "osm_id": 1353464913, "category": "shelter_structure", "source": "OpenStreetMap (ODbL)"}, "geometry": {"type": "Point", "coordinates": [76.1779167, 11.7885423]}}, {"type": "Feature", "id": 1353464914, "properties": {"amenity": "place_of_worship", "building": "yes", "name": "Church of God", "religion": "christian", "id": "osm-way-1353464914", "osm_type": "way", "osm_id": 1353464914, "category": "religious", "source": "OpenStreetMap (ODbL)"}, "geometry": {"type": "Point", "coordinates": [76.1782715, 11.7902806]}}, {"type": "Feature", "id": 1353464915, "properties": {"amenity": "shelter", "building": "yes", "id": "osm-way-1353464915", "osm_type": "way", "osm_id": 1353464915, "category": "shelter_structure", "source": "OpenStreetMap (ODbL)"}, "geometry": {"type": "Point", "coordinates": [76.1771691, 11.7921608]}}, {"type": "Feature", "id": 1353464916, "properties": {"amenity": "shelter", "building": "yes", "shelter_type": "public_transport", "id": "osm-way-1353464916", "osm_type": "way", "osm_id": 1353464916, "category": "shelter_structure", "source": "OpenStreetMap (ODbL)"}, "geometry": {"type": "Point", "coordinates": [76.1768285, 11.7923307]}}, {"type": "Feature", "id": 1353700117, "properties": {"amenity": "shelter", "building": "yes", "shelter_type": "public_transport", "id": "osm-way-1353700117", "osm_type": "way", "osm_id": 1353700117, "category": "shelter_structure", "source": "OpenStreetMap (ODbL)"}, "geometry": {"type": "Point", "coordinates": [76.1651847, 11.6600173]}}, {"type": "Feature", "id": 1353710362, "properties": {"amenity": "shelter", "building": "yes", "shelter_type": "public_transport", "id": "osm-way-1353710362", "osm_type": "way", "osm_id": 1353710362, "category": "shelter_structure", "source": "OpenStreetMap (ODbL)"}, "geometry": {"type": "Point", "coordinates": [76.1027876, 11.6389995]}}, {"type": "Feature", "id": 1353710363, "properties": {"amenity": "shelter", "building": "yes", "shelter_type": "public_transport", "id": "osm-way-1353710363", "osm_type": "way", "osm_id": 1353710363, "category": "shelter_structure", "source": "OpenStreetMap (ODbL)"}, "geometry": {"type": "Point", "coordinates": [76.1030423, 11.6390241]}}, {"type": "Feature", "id": 1353714316, "properties": {"amenity": "shelter", "building": "yes", "shelter_type": "public_transport", "id": "osm-way-1353714316", "osm_type": "way", "osm_id": 1353714316, "category": "shelter_structure", "source": "OpenStreetMap (ODbL)"}, "geometry": {"type": "Point", "coordinates": [76.1006648, 11.6475241]}}, {"type": "Feature", "id": 1353714317, "properties": {"amenity": "shelter", "building": "yes", "shelter_type": "public_transport", "id": "osm-way-1353714317", "osm_type": "way", "osm_id": 1353714317, "category": "shelter_structure", "source": "OpenStreetMap (ODbL)"}, "geometry": {"type": "Point", "coordinates": [76.1006552, 11.6476058]}}, {"type": "Feature", "id": 1353714322, "properties": {"amenity": "shelter", "building": "yes", "shelter_type": "public_transport", "id": "osm-way-1353714322", "osm_type": "way", "osm_id": 1353714322, "category": "shelter_structure", "source": "OpenStreetMap (ODbL)"}, "geometry": {"type": "Point", "coordinates": [76.1025687, 11.6511519]}}, {"type": "Feature", "id": 1353716804, "properties": {"amenity": "shelter", "building": "yes", "shelter_type": "public_transport", "id": "osm-way-1353716804", "osm_type": "way", "osm_id": 1353716804, "category": "shelter_structure", "source": "OpenStreetMap (ODbL)"}, "geometry": {"type": "Point", "coordinates": [76.1212941, 11.6478057]}}, {"type": "Feature", "id": 1353716809, "properties": {"amenity": "shelter", "building": "yes", "shelter_type": "public_transport", "id": "osm-way-1353716809", "osm_type": "way", "osm_id": 1353716809, "category": "shelter_structure", "source": "OpenStreetMap (ODbL)"}, "geometry": {"type": "Point", "coordinates": [76.1206605, 11.6580718]}}, {"type": "Feature", "id": 1353720021, "properties": {"amenity": "shelter", "building": "yes", "shelter_type": "public_transport", "id": "osm-way-1353720021", "osm_type": "way", "osm_id": 1353720021, "category": "shelter_structure", "source": "OpenStreetMap (ODbL)"}, "geometry": {"type": "Point", "coordinates": [76.1300429, 11.662204]}}, {"type": "Feature", "id": 1353720023, "properties": {"amenity": "shelter", "building": "yes", "shelter_type": "public_transport", "id": "osm-way-1353720023", "osm_type": "way", "osm_id": 1353720023, "category": "shelter_structure", "source": "OpenStreetMap (ODbL)"}, "geometry": {"type": "Point", "coordinates": [76.1306901, 11.6660336]}}, {"type": "Feature", "id": 1353720024, "properties": {"amenity": "shelter", "building": "yes", "shelter_type": "public_transport", "id": "osm-way-1353720024", "osm_type": "way", "osm_id": 1353720024, "category": "shelter_structure", "source": "OpenStreetMap (ODbL)"}, "geometry": {"type": "Point", "coordinates": [76.1355176, 11.6763378]}}, {"type": "Feature", "id": 1353723723, "properties": {"amenity": "shelter", "building": "yes", "shelter_type": "public_transport", "id": "osm-way-1353723723", "osm_type": "way", "osm_id": 1353723723, "category": "shelter_structure", "source": "OpenStreetMap (ODbL)"}, "geometry": {"type": "Point", "coordinates": [76.1585325, 11.7298769]}}, {"type": "Feature", "id": 1353723724, "properties": {"amenity": "shelter", "building": "yes", "shelter_type": "public_transport", "id": "osm-way-1353723724", "osm_type": "way", "osm_id": 1353723724, "category": "shelter_structure", "source": "OpenStreetMap (ODbL)"}, "geometry": {"type": "Point", "coordinates": [76.1659458, 11.7399285]}}, {"type": "Feature", "id": 1353723725, "properties": {"amenity": "shelter", "building": "yes", "shelter_type": "public_transport", "id": "osm-way-1353723725", "osm_type": "way", "osm_id": 1353723725, "category": "shelter_structure", "source": "OpenStreetMap (ODbL)"}, "geometry": {"type": "Point", "coordinates": [76.1785539, 11.753125]}}, {"type": "Feature", "id": 1353723727, "properties": {"amenity": "shelter", "building": "yes", "shelter_type": "public_transport", "id": "osm-way-1353723727", "osm_type": "way", "osm_id": 1353723727, "category": "shelter_structure", "source": "OpenStreetMap (ODbL)"}, "geometry": {"type": "Point", "coordinates": [76.1781078, 11.755838]}}, {"type": "Feature", "id": 1353723731, "properties": {"amenity": "shelter", "building": "yes", "shelter_type": "public_transport", "id": "osm-way-1353723731", "osm_type": "way", "osm_id": 1353723731, "category": "shelter_structure", "source": "OpenStreetMap (ODbL)"}, "geometry": {"type": "Point", "coordinates": [76.1769922, 11.7706157]}}, {"type": "Feature", "id": 1353724083, "properties": {"amenity": "shelter", "building": "yes", "shelter_type": "public_transport", "id": "osm-way-1353724083", "osm_type": "way", "osm_id": 1353724083, "category": "shelter_structure", "source": "OpenStreetMap (ODbL)"}, "geometry": {"type": "Point", "coordinates": [76.1739665, 11.7608155]}}, {"type": "Feature", "id": 1353724084, "properties": {"amenity": "shelter", "building": "yes", "shelter_type": "public_transport", "id": "osm-way-1353724084", "osm_type": "way", "osm_id": 1353724084, "category": "shelter_structure", "source": "OpenStreetMap (ODbL)"}, "geometry": {"type": "Point", "coordinates": [76.1738108, 11.76422]}}, {"type": "Feature", "id": 1353732882, "properties": {"amenity": "shelter", "building": "yes", "shelter_type": "public_transport", "id": "osm-way-1353732882", "osm_type": "way", "osm_id": 1353732882, "category": "shelter_structure", "source": "OpenStreetMap (ODbL)"}, "geometry": {"type": "Point", "coordinates": [76.176028, 11.771009]}}, {"type": "Feature", "id": 1353732883, "properties": {"amenity": "shelter", "building": "yes", "shelter_type": "public_transport", "id": "osm-way-1353732883", "osm_type": "way", "osm_id": 1353732883, "category": "shelter_structure", "source": "OpenStreetMap (ODbL)"}, "geometry": {"type": "Point", "coordinates": [76.1731126, 11.7732502]}}, {"type": "Feature", "id": 1353732884, "properties": {"amenity": "shelter", "building": "yes", "shelter_type": "public_transport", "id": "osm-way-1353732884", "osm_type": "way", "osm_id": 1353732884, "category": "shelter_structure", "source": "OpenStreetMap (ODbL)"}, "geometry": {"type": "Point", "coordinates": [76.1668847, 11.7863769]}}, {"type": "Feature", "id": 1353732885, "properties": {"amenity": "shelter", "building": "yes", "shelter_type": "public_transport", "id": "osm-way-1353732885", "osm_type": "way", "osm_id": 1353732885, "category": "shelter_structure", "source": "OpenStreetMap (ODbL)"}, "geometry": {"type": "Point", "coordinates": [76.1562438, 11.7276547]}}, {"type": "Feature", "id": 1353732886, "properties": {"amenity": "shelter", "building": "yes", "shelter_type": "public_transport", "id": "osm-way-1353732886", "osm_type": "way", "osm_id": 1353732886, "category": "shelter_structure", "source": "OpenStreetMap (ODbL)"}, "geometry": {"type": "Point", "coordinates": [76.1724163, 11.7758279]}}, {"type": "Feature", "id": 1353732888, "properties": {"amenity": "shelter", "building": "yes", "shelter_type": "public_transport", "id": "osm-way-1353732888", "osm_type": "way", "osm_id": 1353732888, "category": "shelter_structure", "source": "OpenStreetMap (ODbL)"}, "geometry": {"type": "Point", "coordinates": [76.1722036, 11.778286]}}, {"type": "Feature", "id": 1353732891, "properties": {"amenity": "shelter", "building": "yes", "shelter_type": "public_transport", "id": "osm-way-1353732891", "osm_type": "way", "osm_id": 1353732891, "category": "shelter_structure", "source": "OpenStreetMap (ODbL)"}, "geometry": {"type": "Point", "coordinates": [76.1710897, 11.7815126]}}, {"type": "Feature", "id": 1353732892, "properties": {"amenity": "shelter", "building": "yes", "shelter_type": "public_transport", "id": "osm-way-1353732892", "osm_type": "way", "osm_id": 1353732892, "category": "shelter_structure", "source": "OpenStreetMap (ODbL)"}, "geometry": {"type": "Point", "coordinates": [76.1697547, 11.7825518]}}, {"type": "Feature", "id": 1353732893, "properties": {"amenity": "shelter", "building": "yes", "id": "osm-way-1353732893", "osm_type": "way", "osm_id": 1353732893, "category": "shelter_structure", "source": "OpenStreetMap (ODbL)"}, "geometry": {"type": "Point", "coordinates": [76.1698298, 11.7824827]}}, {"type": "Feature", "id": 1372450479, "properties": {"amenity": "shelter", "building": "yes", "shelter_type": "public_transport", "id": "osm-way-1372450479", "osm_type": "way", "osm_id": 1372450479, "category": "shelter_structure", "source": "OpenStreetMap (ODbL)"}, "geometry": {"type": "Point", "coordinates": [76.0728261, 11.6701774]}}, {"type": "Feature", "id": 1372586429, "properties": {"amenity": "place_of_worship", "building": "yes", "name": "Aaneri Mahavishnu Temple", "name:ml": "\u0d06\u0d28\u0d47\u0d30\u0d3f \u0d2e\u0d39\u0d3e\u0d35\u0d3f\u0d37\u0d4d\u0d23\u0d41 \u0d15\u0d4d\u0d37\u0d47\u0d24\u0d4d\u0d30\u0d02", "religion": "hindu", "id": "osm-way-1372586429", "osm_type": "way", "osm_id": 1372586429, "category": "religious", "source": "OpenStreetMap (ODbL)"}, "geometry": {"type": "Point", "coordinates": [76.0705528, 11.6686472]}}, {"type": "Feature", "id": 1381340013, "properties": {"bridge": "yes", "highway": "tertiary", "layer": "1", "name": "Payyampalli - Palvelicham Road", "id": "osm-way-1381340013", "osm_type": "way", "osm_id": 1381340013, "category": "bridge", "source": "OpenStreetMap (ODbL)"}, "geometry": {"type": "Point", "coordinates": [76.0607756, 11.8148141]}}, {"type": "Feature", "id": 1393564438, "properties": {"amenity": "place_of_worship", "building": "yes", "name": "Ayyappa Bhajana Madam", "religion": "hindu", "id": "osm-way-1393564438", "osm_type": "way", "osm_id": 1393564438, "category": "religious", "source": "OpenStreetMap (ODbL)"}, "geometry": {"type": "Point", "coordinates": [76.3102887, 11.6070214]}}, {"type": "Feature", "id": 1395553428, "properties": {"bridge": "yes", "highway": "tertiary", "layer": "1", "name": "Mambilichikadavu Bridge", "id": "osm-way-1395553428", "osm_type": "way", "osm_id": 1395553428, "category": "bridge", "source": "OpenStreetMap (ODbL)"}, "geometry": {"type": "Point", "coordinates": [76.0242872, 11.6500278]}}, {"type": "Feature", "id": 1395554430, "properties": {"amenity": "place_of_worship", "building": "yes", "name": "Neeroor Shiva Temple", "name:ml": "\u0d28\u0d40\u0d30\u0d42\u0d7c \u0d36\u0d3f\u0d35\u0d15\u0d4d\u0d37\u0d47\u0d24\u0d4d\u0d30\u0d02", "religion": "hindu", "wikidata": "Q134932844", "id": "osm-way-1395554430", "osm_type": "way", "osm_id": 1395554430, "category": "religious", "source": "OpenStreetMap (ODbL)"}, "geometry": {"type": "Point", "coordinates": [76.0073414, 11.6644002]}}, {"type": "Feature", "id": 1395564754, "properties": {"amenity": "shelter", "building": "yes", "shelter_type": "public_transport", "id": "osm-way-1395564754", "osm_type": "way", "osm_id": 1395564754, "category": "shelter_structure", "source": "OpenStreetMap (ODbL)"}, "geometry": {"type": "Point", "coordinates": [76.0430746, 11.6663322]}}, {"type": "Feature", "id": 1395601562, "properties": {"amenity": "shelter", "building": "yes", "shelter_type": "public_transport", "id": "osm-way-1395601562", "osm_type": "way", "osm_id": 1395601562, "category": "shelter_structure", "source": "OpenStreetMap (ODbL)"}, "geometry": {"type": "Point", "coordinates": [75.8558462, 11.8286544]}}, {"type": "Feature", "id": 1395667091, "properties": {"amenity": "shelter", "building": "yes", "shelter_type": "public_transport", "id": "osm-way-1395667091", "osm_type": "way", "osm_id": 1395667091, "category": "shelter_structure", "source": "OpenStreetMap (ODbL)"}, "geometry": {"type": "Point", "coordinates": [75.8569313, 11.7960225]}}, {"type": "Feature", "id": 1395667101, "properties": {"amenity": "shelter", "building": "yes", "shelter_type": "public_transport", "id": "osm-way-1395667101", "osm_type": "way", "osm_id": 1395667101, "category": "shelter_structure", "source": "OpenStreetMap (ODbL)"}, "geometry": {"type": "Point", "coordinates": [75.8611134, 11.7962899]}}, {"type": "Feature", "id": 1395684933, "properties": {"amenity": "shelter", "building": "yes", "shelter_type": "public_transport", "id": "osm-way-1395684933", "osm_type": "way", "osm_id": 1395684933, "category": "shelter_structure", "source": "OpenStreetMap (ODbL)"}, "geometry": {"type": "Point", "coordinates": [75.9193498, 11.7727889]}}, {"type": "Feature", "id": 1395703212, "properties": {"amenity": "place_of_worship", "building": "yes", "name": "Palamukku Juma Masjid", "religion": "muslim", "id": "osm-way-1395703212", "osm_type": "way", "osm_id": 1395703212, "category": "religious", "source": "OpenStreetMap (ODbL)"}, "geometry": {"type": "Point", "coordinates": [75.9801565, 11.7746229]}}, {"type": "Feature", "id": 1395766349, "properties": {"amenity": "shelter", "building": "yes", "shelter_type": "public_transport", "id": "osm-way-1395766349", "osm_type": "way", "osm_id": 1395766349, "category": "shelter_structure", "source": "OpenStreetMap (ODbL)"}, "geometry": {"type": "Point", "coordinates": [76.0056568, 11.6991645]}}, {"type": "Feature", "id": 1395766350, "properties": {"amenity": "place_of_worship", "building": "yes", "name": "Nadammal Juma Masjid", "religion": "muslim", "id": "osm-way-1395766350", "osm_type": "way", "osm_id": 1395766350, "category": "religious", "source": "OpenStreetMap (ODbL)"}, "geometry": {"type": "Point", "coordinates": [76.0056896, 11.6959019]}}, {"type": "Feature", "id": 1395766351, "properties": {"amenity": "shelter", "building": "yes", "shelter_type": "public_transport", "id": "osm-way-1395766351", "osm_type": "way", "osm_id": 1395766351, "category": "shelter_structure", "source": "OpenStreetMap (ODbL)"}, "geometry": {"type": "Point", "coordinates": [76.0066749, 11.7033034]}}, {"type": "Feature", "id": 1395805649, "properties": {"name": "Sultan Bathery 66 kV KSEB Substation", "operator": "Kerala State Electricity Board", "power": "substation", "id": "osm-way-1395805649", "osm_type": "way", "osm_id": 1395805649, "category": "power", "source": "OpenStreetMap (ODbL)"}, "geometry": {"type": "Point", "coordinates": [76.254979, 11.6740035]}}, {"type": "Feature", "id": 1395829614, "properties": {"amenity": "shelter", "building": "yes", "shelter_type": "public_transport", "id": "osm-way-1395829614", "osm_type": "way", "osm_id": 1395829614, "category": "shelter_structure", "source": "OpenStreetMap (ODbL)"}, "geometry": {"type": "Point", "coordinates": [76.3016083, 11.6586399]}}, {"type": "Feature", "id": 1395835282, "properties": {"amenity": "shelter", "building": "yes", "shelter_type": "public_transport", "id": "osm-way-1395835282", "osm_type": "way", "osm_id": 1395835282, "category": "shelter_structure", "source": "OpenStreetMap (ODbL)"}, "geometry": {"type": "Point", "coordinates": [76.196148, 11.8627629]}}, {"type": "Feature", "id": 1395835286, "properties": {"amenity": "shelter", "building": "yes", "shelter_type": "public_transport", "id": "osm-way-1395835286", "osm_type": "way", "osm_id": 1395835286, "category": "shelter_structure", "source": "OpenStreetMap (ODbL)"}, "geometry": {"type": "Point", "coordinates": [76.1956431, 11.8497404]}}, {"type": "Feature", "id": 1395850182, "properties": {"amenity": "shelter", "building": "yes", "shelter_type": "public_transport", "id": "osm-way-1395850182", "osm_type": "way", "osm_id": 1395850182, "category": "shelter_structure", "source": "OpenStreetMap (ODbL)"}, "geometry": {"type": "Point", "coordinates": [76.2066369, 11.8309373]}}, {"type": "Feature", "id": 1395850183, "properties": {"amenity": "shelter", "building": "yes", "shelter_type": "public_transport", "id": "osm-way-1395850183", "osm_type": "way", "osm_id": 1395850183, "category": "shelter_structure", "source": "OpenStreetMap (ODbL)"}, "geometry": {"type": "Point", "coordinates": [76.1936247, 11.8322504]}}, {"type": "Feature", "id": 1395944387, "properties": {"amenity": "place_of_worship", "building": "mosque", "building:levels": "2", "name": "Pazhanjana Juma Masjid", "religion": "muslim", "id": "osm-way-1395944387", "osm_type": "way", "osm_id": 1395944387, "category": "religious", "source": "OpenStreetMap (ODbL)"}, "geometry": {"type": "Point", "coordinates": [75.9488005, 11.7331517]}}, {"type": "Feature", "id": 1396018656, "properties": {"amenity": "shelter", "building": "yes", "shelter_type": "public_transport", "id": "osm-way-1396018656", "osm_type": "way", "osm_id": 1396018656, "category": "shelter_structure", "source": "OpenStreetMap (ODbL)"}, "geometry": {"type": "Point", "coordinates": [76.241958, 11.6180589]}}, {"type": "Feature", "id": 1396018657, "properties": {"amenity": "shelter", "building": "yes", "shelter_type": "public_transport", "id": "osm-way-1396018657", "osm_type": "way", "osm_id": 1396018657, "category": "shelter_structure", "source": "OpenStreetMap (ODbL)"}, "geometry": {"type": "Point", "coordinates": [76.2431086, 11.6217562]}}, {"type": "Feature", "id": 1396018658, "properties": {"amenity": "shelter", "building": "yes", "shelter_type": "public_transport", "id": "osm-way-1396018658", "osm_type": "way", "osm_id": 1396018658, "category": "shelter_structure", "source": "OpenStreetMap (ODbL)"}, "geometry": {"type": "Point", "coordinates": [76.2511055, 11.631989]}}, {"type": "Feature", "id": 1396022984, "properties": {"amenity": "shelter", "building": "yes", "shelter_type": "public_transport", "id": "osm-way-1396022984", "osm_type": "way", "osm_id": 1396022984, "category": "shelter_structure", "source": "OpenStreetMap (ODbL)"}, "geometry": {"type": "Point", "coordinates": [76.2429863, 11.6252296]}}, {"type": "Feature", "id": 1396022985, "properties": {"amenity": "shelter", "building": "yes", "shelter_type": "public_transport", "id": "osm-way-1396022985", "osm_type": "way", "osm_id": 1396022985, "category": "shelter_structure", "source": "OpenStreetMap (ODbL)"}, "geometry": {"type": "Point", "coordinates": [76.2503871, 11.6251503]}}, {"type": "Feature", "id": 1396025040, "properties": {"amenity": "shelter", "building": "yes", "shelter_type": "public_transport", "id": "osm-way-1396025040", "osm_type": "way", "osm_id": 1396025040, "category": "shelter_structure", "source": "OpenStreetMap (ODbL)"}, "geometry": {"type": "Point", "coordinates": [76.2290539, 11.6178655]}}, {"type": "Feature", "id": 1396034897, "properties": {"amenity": "shelter", "building": "yes", "shelter_type": "public_transport", "id": "osm-way-1396034897", "osm_type": "way", "osm_id": 1396034897, "category": "shelter_structure", "source": "OpenStreetMap (ODbL)"}, "geometry": {"type": "Point", "coordinates": [76.0320779, 11.5468984]}}, {"type": "Feature", "id": 1396263855, "properties": {"amenity": "shelter", "building": "yes", "shelter_type": "public_transport", "id": "osm-way-1396263855", "osm_type": "way", "osm_id": 1396263855, "category": "shelter_structure", "source": "OpenStreetMap (ODbL)"}, "geometry": {"type": "Point", "coordinates": [75.9795624, 11.6967341]}}, {"type": "Feature", "id": 1396712787, "properties": {"amenity": "place_of_worship", "building": "yes", "name": "Palukunnu Mahavishnu Temple", "religion": "hindu", "id": "osm-way-1396712787", "osm_type": "way", "osm_id": 1396712787, "category": "religious", "source": "OpenStreetMap (ODbL)"}, "geometry": {"type": "Point", "coordinates": [76.0474663, 11.7279213]}}, {"type": "Feature", "id": 1401212520, "properties": {"bridge": "yes", "highway": "tertiary", "layer": "1", "id": "osm-way-1401212520", "osm_type": "way", "osm_id": 1401212520, "category": "bridge", "source": "OpenStreetMap (ODbL)"}, "geometry": {"type": "Point", "coordinates": [76.2957303, 11.5904823]}}, {"type": "Feature", "id": 1402102993, "properties": {"bridge": "yes", "highway": "tertiary", "layer": "1", "name": "Kottoor Bridge", "id": "osm-way-1402102993", "osm_type": "way", "osm_id": 1402102993, "category": "bridge", "source": "OpenStreetMap (ODbL)"}, "geometry": {"type": "Point", "coordinates": [76.2357866, 11.5659458]}}, {"type": "Feature", "id": 1402718837, "properties": {"amenity": "shelter", "building": "yes", "shelter_type": "public_transport", "id": "osm-way-1402718837", "osm_type": "way", "osm_id": 1402718837, "category": "shelter_structure", "source": "OpenStreetMap (ODbL)"}, "geometry": {"type": "Point", "coordinates": [76.2211632, 11.5832619]}}, {"type": "Feature", "id": 1402718838, "properties": {"amenity": "shelter", "building": "yes", "shelter_type": "public_transport", "id": "osm-way-1402718838", "osm_type": "way", "osm_id": 1402718838, "category": "shelter_structure", "source": "OpenStreetMap (ODbL)"}, "geometry": {"type": "Point", "coordinates": [76.2212325, 11.5832225]}}, {"type": "Feature", "id": 1410322224, "properties": {"amenity": "shelter", "building": "yes", "shelter_type": "public_transport", "id": "osm-way-1410322224", "osm_type": "way", "osm_id": 1410322224, "category": "shelter_structure", "source": "OpenStreetMap (ODbL)"}, "geometry": {"type": "Point", "coordinates": [76.2436645, 11.5365293]}}, {"type": "Feature", "id": 1410382171, "properties": {"amenity": "shelter", "building": "yes", "shelter_type": "public_transport", "id": "osm-way-1410382171", "osm_type": "way", "osm_id": 1410382171, "category": "shelter_structure", "source": "OpenStreetMap (ODbL)"}, "geometry": {"type": "Point", "coordinates": [76.2670312, 11.6589512]}}, {"type": "Feature", "id": 1410392438, "properties": {"amenity": "shelter", "building": "yes", "shelter_type": "public_transport", "id": "osm-way-1410392438", "osm_type": "way", "osm_id": 1410392438, "category": "shelter_structure", "source": "OpenStreetMap (ODbL)"}, "geometry": {"type": "Point", "coordinates": [76.2855424, 11.6867413]}}, {"type": "Feature", "id": 1410392440, "properties": {"amenity": "shelter", "building": "yes", "shelter_type": "public_transport", "id": "osm-way-1410392440", "osm_type": "way", "osm_id": 1410392440, "category": "shelter_structure", "source": "OpenStreetMap (ODbL)"}, "geometry": {"type": "Point", "coordinates": [76.2990029, 11.7055165]}}, {"type": "Feature", "id": 1410392441, "properties": {"amenity": "shelter", "building": "yes", "shelter_type": "public_transport", "id": "osm-way-1410392441", "osm_type": "way", "osm_id": 1410392441, "category": "shelter_structure", "source": "OpenStreetMap (ODbL)"}, "geometry": {"type": "Point", "coordinates": [76.2861462, 11.6951975]}}, {"type": "Feature", "id": 1410392442, "properties": {"amenity": "shelter", "building": "yes", "shelter_type": "public_transport", "id": "osm-way-1410392442", "osm_type": "way", "osm_id": 1410392442, "category": "shelter_structure", "source": "OpenStreetMap (ODbL)"}, "geometry": {"type": "Point", "coordinates": [76.2861275, 11.6949557]}}, {"type": "Feature", "id": 1410392443, "properties": {"amenity": "shelter", "building": "yes", "shelter_type": "public_transport", "id": "osm-way-1410392443", "osm_type": "way", "osm_id": 1410392443, "category": "shelter_structure", "source": "OpenStreetMap (ODbL)"}, "geometry": {"type": "Point", "coordinates": [76.28538, 11.6930971]}}, {"type": "Feature", "id": 1410392444, "properties": {"amenity": "shelter", "building": "yes", "shelter_type": "public_transport", "id": "osm-way-1410392444", "osm_type": "way", "osm_id": 1410392444, "category": "shelter_structure", "source": "OpenStreetMap (ODbL)"}, "geometry": {"type": "Point", "coordinates": [76.2852696, 11.6910979]}}, {"type": "Feature", "id": 1410392445, "properties": {"amenity": "shelter", "building": "yes", "shelter_type": "public_transport", "id": "osm-way-1410392445", "osm_type": "way", "osm_id": 1410392445, "category": "shelter_structure", "source": "OpenStreetMap (ODbL)"}, "geometry": {"type": "Point", "coordinates": [76.2861669, 11.6813621]}}, {"type": "Feature", "id": 1410392446, "properties": {"amenity": "shelter", "building": "yes", "shelter_type": "public_transport", "id": "osm-way-1410392446", "osm_type": "way", "osm_id": 1410392446, "category": "shelter_structure", "source": "OpenStreetMap (ODbL)"}, "geometry": {"type": "Point", "coordinates": [76.2869185, 11.677574]}}, {"type": "Feature", "id": 1410392447, "properties": {"amenity": "shelter", "building": "yes", "shelter_type": "public_transport", "id": "osm-way-1410392447", "osm_type": "way", "osm_id": 1410392447, "category": "shelter_structure", "source": "OpenStreetMap (ODbL)"}, "geometry": {"type": "Point", "coordinates": [76.2840075, 11.6726656]}}, {"type": "Feature", "id": 1410398555, "properties": {"amenity": "shelter", "building": "yes", "shelter_type": "public_transport", "id": "osm-way-1410398555", "osm_type": "way", "osm_id": 1410398555, "category": "shelter_structure", "source": "OpenStreetMap (ODbL)"}, "geometry": {"type": "Point", "coordinates": [76.2125817, 11.5926149]}}, {"type": "Feature", "id": 1410398558, "properties": {"amenity": "place_of_worship", "building": "yes", "name": "Cheengavallam Juma Masjid", "religion": "muslim", "id": "osm-way-1410398558", "osm_type": "way", "osm_id": 1410398558, "category": "religious", "source": "OpenStreetMap (ODbL)"}, "geometry": {"type": "Point", "coordinates": [76.203001, 11.5913554]}}, {"type": "Feature", "id": 1410402553, "properties": {"amenity": "shelter", "building": "yes", "shelter_type": "public_transport", "id": "osm-way-1410402553", "osm_type": "way", "osm_id": 1410402553, "category": "shelter_structure", "source": "OpenStreetMap (ODbL)"}, "geometry": {"type": "Point", "coordinates": [76.297588, 11.5953283]}}, {"type": "Feature", "id": 1410402554, "properties": {"amenity": "shelter", "building": "yes", "shelter_type": "public_transport", "id": "osm-way-1410402554", "osm_type": "way", "osm_id": 1410402554, "category": "shelter_structure", "source": "OpenStreetMap (ODbL)"}, "geometry": {"type": "Point", "coordinates": [76.2975537, 11.5951753]}}, {"type": "Feature", "id": 1410402556, "properties": {"amenity": "shelter", "building": "yes", "shelter_type": "public_transport", "id": "osm-way-1410402556", "osm_type": "way", "osm_id": 1410402556, "category": "shelter_structure", "source": "OpenStreetMap (ODbL)"}, "geometry": {"type": "Point", "coordinates": [76.2887464, 11.5979431]}}, {"type": "Feature", "id": 1410402559, "properties": {"amenity": "shelter", "building": "yes", "shelter_type": "public_transport", "id": "osm-way-1410402559", "osm_type": "way", "osm_id": 1410402559, "category": "shelter_structure", "source": "OpenStreetMap (ODbL)"}, "geometry": {"type": "Point", "coordinates": [76.2929268, 11.5965036]}}, {"type": "Feature", "id": 1410404175, "properties": {"amenity": "shelter", "building": "yes", "shelter_type": "public_transport", "id": "osm-way-1410404175", "osm_type": "way", "osm_id": 1410404175, "category": "shelter_structure", "source": "OpenStreetMap (ODbL)"}, "geometry": {"type": "Point", "coordinates": [76.3038726, 11.6097685]}}, {"type": "Feature", "id": 1410409019, "properties": {"amenity": "shelter", "building": "yes", "shelter_type": "public_transport", "id": "osm-way-1410409019", "osm_type": "way", "osm_id": 1410409019, "category": "shelter_structure", "source": "OpenStreetMap (ODbL)"}, "geometry": {"type": "Point", "coordinates": [76.3062086, 11.5889203]}}, {"type": "Feature", "id": 1410409024, "properties": {"amenity": "shelter", "building": "yes", "shelter_type": "public_transport", "id": "osm-way-1410409024", "osm_type": "way", "osm_id": 1410409024, "category": "shelter_structure", "source": "OpenStreetMap (ODbL)"}, "geometry": {"type": "Point", "coordinates": [76.3003928, 11.5749479]}}, {"type": "Feature", "id": 1410411399, "properties": {"amenity": "shelter", "building": "yes", "shelter_type": "public_transport", "id": "osm-way-1410411399", "osm_type": "way", "osm_id": 1410411399, "category": "shelter_structure", "source": "OpenStreetMap (ODbL)"}, "geometry": {"type": "Point", "coordinates": [76.1794206, 11.8465163]}}, {"type": "Feature", "id": 1410413638, "properties": {"amenity": "shelter", "building": "yes", "shelter_type": "public_transport", "id": "osm-way-1410413638", "osm_type": "way", "osm_id": 1410413638, "category": "shelter_structure", "source": "OpenStreetMap (ODbL)"}, "geometry": {"type": "Point", "coordinates": [76.0668804, 11.6713443]}}, {"type": "Feature", "id": 1414567942, "properties": {"amenity": "place_of_worship", "building": "yes", "name": "Kattichirakkal Juma Masjid", "religion": "muslim", "id": "osm-way-1414567942", "osm_type": "way", "osm_id": 1414567942, "category": "religious", "source": "OpenStreetMap (ODbL)"}, "geometry": {"type": "Point", "coordinates": [76.0085093, 11.7526013]}}, {"type": "Feature", "id": 1419319464, "properties": {"amenity": "shelter", "building": "yes", "shelter_type": "public_transport", "id": "osm-way-1419319464", "osm_type": "way", "osm_id": 1419319464, "category": "shelter_structure", "source": "OpenStreetMap (ODbL)"}, "geometry": {"type": "Point", "coordinates": [75.9533892, 11.6846137]}}, {"type": "Feature", "id": 1419362236, "properties": {"bridge": "yes", "highway": "residential", "layer": "1", "name": "Manalvayal Bridge", "id": "osm-way-1419362236", "osm_type": "way", "osm_id": 1419362236, "category": "bridge", "source": "OpenStreetMap (ODbL)"}, "geometry": {"type": "Point", "coordinates": [76.242126, 11.5508431]}}, {"type": "Feature", "id": 1419366851, "properties": {"amenity": "place_of_worship", "building": "yes", "name": "Good Shepherd Church", "religion": "christian", "id": "osm-way-1419366851", "osm_type": "way", "osm_id": 1419366851, "category": "religious", "source": "OpenStreetMap (ODbL)"}, "geometry": {"type": "Point", "coordinates": [75.940334, 11.6622094]}}, {"type": "Feature", "id": 1426585089, "properties": {"amenity": "shelter", "building": "yes", "shelter_type": "public_transport", "id": "osm-way-1426585089", "osm_type": "way", "osm_id": 1426585089, "category": "shelter_structure", "source": "OpenStreetMap (ODbL)"}, "geometry": {"type": "Point", "coordinates": [75.9400073, 11.6666982]}}, {"type": "Feature", "id": 1426585090, "properties": {"amenity": "shelter", "building": "yes", "shelter_type": "public_transport", "id": "osm-way-1426585090", "osm_type": "way", "osm_id": 1426585090, "category": "shelter_structure", "source": "OpenStreetMap (ODbL)"}, "geometry": {"type": "Point", "coordinates": [75.9435955, 11.6736837]}}, {"type": "Feature", "id": 1434513521, "properties": {"amenity": "place_of_worship", "building": "yes", "name": "Vellimad Juma Masjid", "religion": "muslim", "id": "osm-way-1434513521", "osm_type": "way", "osm_id": 1434513521, "category": "religious", "source": "OpenStreetMap (ODbL)"}, "geometry": {"type": "Point", "coordinates": [76.254983, 11.6820891]}}, {"type": "Feature", "id": 1486801674, "properties": {"amenity": "place_of_worship", "building": "yes", "name": "Valathoor Juma Masjid", "religion": "muslim", "id": "osm-way-1486801674", "osm_type": "way", "osm_id": 1486801674, "category": "religious", "source": "OpenStreetMap (ODbL)"}, "geometry": {"type": "Point", "coordinates": [76.1754583, 11.5259941]}}, {"type": "Feature", "id": 1544616560, "properties": {"addr:district": "Wayanad", "amenity": "school", "name": "St Jhons English School", "id": "osm-way-1544616560", "osm_type": "way", "osm_id": 1544616560, "category": "school", "source": "OpenStreetMap (ODbL)"}, "geometry": {"type": "Point", "coordinates": [76.2895896, 11.6732499]}}, {"type": "Feature", "id": 11277763, "properties": {"amenity": "college", "building": "yes", "building:levels": "4", "name": "gecw", "office": "yes", "id": "osm-relation-11277763", "osm_type": "relation", "osm_id": 11277763, "category": "college", "source": "OpenStreetMap (ODbL)"}, "geometry": {"type": "Point", "coordinates": [75.9701425, 11.8334985]}}, {"type": "Feature", "id": 11317341, "properties": {"amenity": "hospital", "healthcare": "hospital", "name": "st sholastica hospital", "id": "osm-relation-11317341", "osm_type": "relation", "osm_id": 11317341, "category": "hospital", "source": "OpenStreetMap (ODbL)"}, "geometry": {"type": "Point", "coordinates": [75.9049384, 11.7385942]}}, {"type": "Feature", "id": 11358512, "properties": {"amenity": "college", "name": "Regional Agricultural Research Station - RARS Amabalavayal", "id": "osm-relation-11358512", "osm_type": "relation", "osm_id": 11358512, "category": "college", "source": "OpenStreetMap (ODbL)"}, "geometry": {"type": "Point", "coordinates": [76.2124371, 11.6119048]}}, {"type": "Feature", "id": 12936729, "properties": {"addr:city": "Kalpetta", "amenity": "school", "name": "Government Higher Secondary School, Kottathara", "operator": "Government", "operator:type": "government", "id": "osm-relation-12936729", "osm_type": "relation", "osm_id": 12936729, "category": "school", "source": "OpenStreetMap (ODbL)"}, "geometry": {"type": "Point", "coordinates": [76.0289925, 11.6713369]}}, {"type": "Feature", "id": 16331307, "properties": {"amenity": "community_centre", "id": "osm-relation-16331307", "osm_type": "relation", "osm_id": 16331307, "category": "community", "source": "OpenStreetMap (ODbL)"}, "geometry": {"type": "Point", "coordinates": [76.0467846, 11.6114046]}}, {"type": "Feature", "id": 17404375, "properties": {"amenity": "place_of_worship", "building": "yes", "name": "Kovalayil Subramanya Temple", "name:ml": "\u0d15\u0d4b\u0d35\u0d33\u0d2f\u0d3f\u0d7d \u0d36\u0d4d\u0d30\u0d40 \u0d38\u0d41\u0d2c\u0d4d\u0d30\u0d39\u0d4d\u0d2e\u0d23\u0d4d\u0d2f\u0d38\u0d4d\u0d35\u0d3e\u0d2e\u0d3f \u0d15\u0d4d\u0d37\u0d47\u0d24\u0d4d\u0d30\u0d02", "religion": "hindu", "wikidata": "Q125210528", "id": "osm-relation-17404375", "osm_type": "relation", "osm_id": 17404375, "category": "religious", "source": "OpenStreetMap (ODbL)"}, "geometry": {"type": "Point", "coordinates": [76.1121583, 11.7164669]}}, {"type": "Feature", "id": 18909124, "properties": {"amenity": "place_of_worship", "building": "yes", "name": "Maniyankode Ayyappa Temple", "religion": "hindu", "id": "osm-relation-18909124", "osm_type": "relation", "osm_id": 18909124, "category": "religious", "source": "OpenStreetMap (ODbL)"}, "geometry": {"type": "Point", "coordinates": [76.0667742, 11.6299356]}}, {"type": "Feature", "id": 19256475, "properties": {"addr:village": "Kottathara", "amenity": "place_of_worship", "building": "yes", "name": "Kurungaloor Mahashiva Temple", "name:ml": "\u0d15\u0d41\u0d31\u0d41\u0d19\u0d4d\u0d19\u0d3e\u0d32\u0d42\u0d7c \u0d2e\u0d39\u0d3e\u0d36\u0d3f\u0d35 \u0d15\u0d4d\u0d37\u0d47\u0d24\u0d4d\u0d30\u0d02", "religion": "hindu", "wikidata": "Q134934679", "id": "osm-relation-19256475", "osm_type": "relation", "osm_id": 19256475, "category": "religious", "source": "OpenStreetMap (ODbL)"}, "geometry": {"type": "Point", "coordinates": [76.0381196, 11.6646413]}}, {"type": "Feature", "id": 19258246, "properties": {"amenity": "place_of_worship", "building": "yes", "name": "Poroor Sri Uthiramaruthan Temple", "name:ml": "\u0d2a\u0d4b\u0d30\u0d42\u0d7c \u0d36\u0d4d\u0d30\u0d40 \u0d09\u0d24\u0d3f\u0d30 \u0d2e\u0d3e\u0d30\u0d41\u0d24\u0d7b \u0d15\u0d4d\u0d37\u0d47\u0d24\u0d4d\u0d30\u0d02", "religion": "hindu", "id": "osm-relation-19258246", "osm_type": "relation", "osm_id": 19258246, "category": "religious", "source": "OpenStreetMap (ODbL)"}, "geometry": {"type": "Point", "coordinates": [75.9368454, 11.7808756]}}, {"type": "Feature", "id": 19263061, "properties": {"amenity": "place_of_worship", "building": "yes", "name": "Muttil Santhanagopala Mahavishnu Temple", "religion": "hindu", "id": "osm-relation-19263061", "osm_type": "relation", "osm_id": 19263061, "category": "religious", "source": "OpenStreetMap (ODbL)"}, "geometry": {"type": "Point", "coordinates": [76.1059061, 11.6323698]}}, {"type": "Feature", "id": 19265895, "properties": {"amenity": "place_of_worship", "building": "yes", "name": "Chamappara Subrahmanya Temple", "religion": "hindu", "id": "osm-relation-19265895", "osm_type": "relation", "osm_id": 19265895, "category": "religious", "source": "OpenStreetMap (ODbL)"}, "geometry": {"type": "Point", "coordinates": [76.2080932, 11.8358217]}}, {"type": "Feature", "id": 19271689, "properties": {"amenity": "place_of_worship", "building": "yes", "name": "Nambikolly Subramanya Temple", "religion": "hindu", "wikidata": "Q134992403", "id": "osm-relation-19271689", "osm_type": "relation", "osm_id": 19271689, "category": "religious", "source": "OpenStreetMap (ODbL)"}, "geometry": {"type": "Point", "coordinates": [76.3028343, 11.6405485]}}, {"type": "Feature", "id": 19300754, "properties": {"addr:city": "cheeral", "amenity": "place_of_worship", "building": "yes", "name": "Vendol Sri Maha Vishnu Temple", "name:ml": "\u0d35\u0d46\u0d23\u0d4d\u0d1f\u0d4b\u0d7d \u0d36\u0d4d\u0d30\u0d40 \u0d2e\u0d39\u0d3e\u0d35\u0d3f\u0d37\u0d4d\u0d23\u0d41 \u0d15\u0d4d\u0d37\u0d47\u0d24\u0d4d\u0d30\u0d02", "religion": "hindu", "id": "osm-relation-19300754", "osm_type": "relation", "osm_id": 19300754, "category": "religious", "source": "OpenStreetMap (ODbL)"}, "geometry": {"type": "Point", "coordinates": [76.3103777, 11.606409]}}]}